:020000040100F9
:10000000E00D0021D50F00016F3C0001C10F000180
:10001000C10F0001C10F0001C10F0001000000006D
:100020000000000000000000000000007910000146
:10003000C10F000100000000C10F0001C10F00014D
:100040009D1100019D1100019D1100019D110001F4
:100050009D1100019D1100019D1100019D110001E4
:100060009D1100019D1100019D1100019D110001D4
:100070009D1100019D1100019D1100019D110001C4
:100080009D1100019D1100019D110001E51A000163
:100090009D1100019D1100019D1100019D110001A4
:1000A0009D1100019D1100019D1100019D11000194
:1000B0009D1100019D1100010000000000000000E2
:1000C0000000000000000000000000000000000030
:1000D0000000000000000000000000000000000020
:1000E0000000000000000000000000000000000010
:1000F0000000000000000000000000000000000000
:1001000000000000000000000000000000000000EF
:1001100000000000000000000000000000000000DF
:1001200000000000000000000000000000000000CF
:1001300000000000000000000000000000000000BF
:1001400000000000000000000000000000000000AF
:10015000000000000000000000000000000000009F
:10016000000000000000000000000000000000008F
:10017000000000000000000000000000000000007F
:10018000000000000000000000000000000000006F
:10019000000000000000000000000000000000005F
:1001A000000000000000000000000000000000004F
:1001B000000000000000000000000000000000003F
:1001C000000000000000000000000000000000002F
:1001D000000000000000000000000000000000001F
:1001E000000000000000000000000000000000000F
:1001F00000000000000000000000000000000000FF
:10020000DEE61E284CBBCE8F023500003C0000000D
:10021000405000000100000000000001000000014B
:10022000FFFF02910000000000000000000000003D
:1002300000000000000000000000000030B44FF09B
:10024000000310F8014B11F8015B013A84EA050440
:1002500043EA0403F5D1A3F101034FEAD37030BCA4
:10026000704700BF4FF0000310F8012B013943EA3B
:100270000203F9D1A3F101034FEAD370704700BF25
:1002800030B411F8014B12F8015B6C4000F8014BDF
:10029000013BF6D130BC70472DE9F04F90E8F00FEC
:1002A00000F140004FF0040E59E0F0B4826BC36BD4
:1002B00004680525242687593C444FEA724787EA9B
:1002C000F24787EA92273C4442684FEAF21787EAEE
:1002D000B24787EAD2073C4440F8044B032D08BFDD
:1002E0006FF01B0687593A444FEA734787EAF34792
:1002F00087EA93273A4443684FEAF31787EAB347FC
:1003000087EAD3073A4440F8042B87593B444FEA25
:10031000744787EAF44787EA94273B4444684FEAE6
:10032000F41787EAB44787EAD4073B4440F8043B14
:10033000013DC0D1A0F13C00076A3C444FEA72473E
:1003400087EAF24787EA92273C4402684FEAF217AD
:1003500087EAB24787EAD2073C44C463F0BC4FF057
:10036000020288EA781C8CEAF84C0BEBBC1C8AEA87
:10037000090303EA080383EA0A039C4450F8043B98
:100380009C4451F8043B9C44674444EA050B0BEA47
:10039000060B04EA05034BEA030BE34484EAF42367
:1003A00083EA34530BEBB30B87EA771C8CEAF74CE8
:1003B0000AEBBC1C89EA080303EA070383EA090382
:1003C0009C4450F8043B9C4451F8043B9C446644D4
:1003D0004BEA040A0AEA050A0BEA04034AEA030A9A
:1003E000E2448BEAFB2383EA3B530AEBB30A86EA37
:1003F000761C8CEAF64C09EBBC1C88EA070303EA7E
:10040000060383EA08039C4450F8043B9C4451F8DB
:10041000043B9C4465444AEA0B0909EA04090AEAD8
:100420000B0349EA0309E1448AEAFA2383EA3A53CF
:1004300009EBB30985EA751C8CEAF54C08EBBC1C8A
:1004400087EA060303EA050383EA07039C4450F89E
:10045000043B9C4451F8043B9C44644449EA0A0828
:1004600008EA0B0809EA0A0348EA0308E04489EAB3
:10047000F92383EA395308EBB30884EA741C8CEA45
:10048000F44C07EBBC1C86EA050303EA040383EA89
:1004900006039C4450F8043B9C4451F8043B9C44A4
:1004A000E34448EA090707EA0A0708EA090347EAB2
:1004B0000307674488EAF82383EA385307EBB30756
:1004C0008BEA7B1C8CEAFB4C06EBBC1C85EA040324
:1004D00003EA0B0383EA05039C4450F8043B9C4465
:1004E00051F8043B9C44E24447EA080606EA090640
:1004F00007EA080346EA0306664487EAF72383EA25
:10050000375306EBB3068AEA7A1C8CEAFA4C05EB01
:10051000BC1C84EA0B0303EA0A0383EA04039C4439
:1005200050F8043B9C4451F8043B9C44E14446EAA7
:10053000070505EA080506EA070345EA03056544D9
:1005400086EAF62383EA365305EBB30589EA791C7C
:100550008CEAF94C04EBBC1C8BEA0A0303EA09039E
:1005600083EA0B039C4450F8043B9C4451F8043B41
:100570009C44E04445EA060404EA070405EA06034D
:1005800044EA0304644485EAF52383EA355304EB23
:10059000B304013A7FF4E5AEA0F14000BEF1010ED4
:1005A0007FF483AEA0F1400C9CE80F0000194919BC
:1005B0009219DB19ACE80F009CE80F004044494455
:1005C00052445B44ACE80F00BDE8F08F2DE9F043E6
:1005D00085B0304803F043FE30B92F4803F0DFF90F
:1005E000002005B0BDE8F0834FF408414FF0807063
:1005F00003F083FD28B1294803F0D1F901F00AFF87
:10060000EEE701F001FF054601F00EFFE8B901F049
:1006100033FF04460146284603F09DFD10B92146EC
:100620001F4805E01B4801F02DFF014618B11D4889
:1006300003F0B5F9E2E72946284603F08CFD10B136
:1006400001F04AFFFEE72946EAE74FF45E3116481B
:1006500003F053FD014608B11448E9E70446DFF80A
:100660005090DFF8508001AF59F8046B98E807000C
:100670002E4487E807000C223946304603F02DFE51
:1006800000B91EB90134072CEED10026304601F026
:10069000F9FCA5E740440001C8470001E04700011C
:1006A0000E48000138480001008800015748000149
:1006B000E8450001A0450001B2F5802F2DE9F04189
:1006C0000AD3344940F21322334803F07EF940F252
:1006D0001321304803F070F9042A08D82D4940F25C
:1006E0001A222D4803F071F940F21A21F1E7043A79
:1006F000CD1D8E1825F0070526F00706761B172E50
:100700004FEAD60708D8234940F22322224803F0B3
:100710005CF940F22321DCE7B7FA87F44FF00008D8
:10072000C4F12002C4F12404A4000734E408631CCB
:10073000BB420560AF60C5F80C8008D915494FF47D
:100740000E72154803F041F94FF40E71C1E74146AE
:10075000920005F1100003F0B8FD630043F00103BF
:100760006B803B1B05EBC4025900A5F8008051804B
:10077000AA1925F83440A2F80280AB5305EBC70351
:100780005A88214642F001025A802846BDE8F041CD
:1007900003F0DCB8794800019C480001014B1B685C
:1007A000184700BF28000021014B1860704700BFA8
:1007B0002800002130B585B004460D4610220021E6
:1007C000684603F082FD02238DF80230044B2A466E
:1007D00021466846019302F059FE05B030BD00BFC6
:1007E0009D0700012DE9F0471646028B04461007CD
:1007F00012D4022902F007025BD1204603F0F2F87E
:1008000088B10138042800F21081DFE810F05200AE
:100810000E017400B300E00001290CBF42F0100289
:1008200042F02002228386F31188BFF36F8FBDE868
:10083000F08703F00701481F01281ED80020062971
:100840002768C4E9000014D1394603E0608B013009
:10085000608309680029F9D123F0070343F00201FE
:100860002046218303F0BEF890B341F0200121839C
:100870002EE023F0070399B2F2E7042930D123F0E8
:10088000070399B22046218303F0ACF810B141F080
:1008900020012183238B03F00709914540F0CE808E
:1008A000228BD10640F1F48022F01003238302F062
:1008B0000702D4F81480238BB8F1000FB9DA0021B5
:1008C000276823F00703C4E9001143F001032383E1
:1008D000238B03F00709914500F0E380002536E003
:1008E0007B4940F21B127B4803F06FF840F21B116A
:1008F000774803F061F842B175494FF4AB7275481F
:1009000003F063F84FF4AB71F2E7236843B9704921
:1009100040F257126F4803F058F840F25711E7E7DA
:1009200023691D6845B96A494FF4AD72694803F0FF
:100930004CF84FF4AD71DBE7174690464FF00609CF
:10094000238B23F0070343F006039BB22383A268A3
:10095000002A76D1002F40F0A880002DA0D043F0CF
:100960000803238386F31188BFF36F8F20465A490B
:10097000A84781E0022A08D0554940F25D12554847
:1009800003F023F840F25D11B2E7678B47B150499D
:100990004FF4AF724F4803F018F84FF4AF71A7E768
:1009A00023695D6845B94A4940F26112494803F03C
:1009B0000CF840F261119BE7238BB84623F0070344
:1009C00043F004039BB24FF004092383BFE7012ADD
:1009D00008D03F494FF4B2723E4802F0F6FF4FF4A0
:1009E000B27185E7236843B9394940F26512394845
:1009F00002F0EBFF40F265117AE723699D6845B983
:100A000033494FF4B472334802F0DFFF4FF4B4714E
:100A10006EE70027238BB84623F0070343F0050356
:100A20009BB24FF00509238391E7294940F26B12ED
:100A3000284802F0CAFF40F26B1159E700273D46F3
:100A400085E743F00803238386F31188BFF36F8F94
:100A5000A16889B30E6879B343464A462046D1F867
:100A600004A0D0471EB1336831461E46F3E7334633
:100A7000FAE7002D7FF47AAFEFF31186202383F39A
:100A80001288BFF36F8F238B23F00803238307E7BC
:100A900093067FF5C8AE22F02003238302F00702FD
:100AA000ABE6002F3FF4FCAE002543F008032383A0
:100AB00086F31188BFF36F8F002FDAD03E68394676
:100AC00043464A46204602F0B9FF3746F4E700BFE6
:100AD000B44800019C480001693A000170B5054620
:100AE0000E4602F09BFF041E14DBEFF3118220235D
:100AF00083F31288BFF36F8F4FF6FF716B8B2C8BD4
:100B00008B4204F0070407D182F31188BFF36F8F83
:100B10006FF00A04204670BD022C0CD101336B83A8
:100B200082F31188BFF36F8F002322463146284697
:100B300002F084FFEEE7062C11D8DFE804F0041E73
:100B4000101004250400002333606B6893B9C5E9D5
:100B5000006604BB02212846FFF744FEDAE710498D
:100B600010484FF4E47202F030FF4FF4E4710C4887
:100B700002F022FF1E606E60EBE782F31188BFF384
:100B80006F8F6FF00404C5E782F31188BFF36F8F96
:100B90006FF08504BEE782F31188BFF36F8FB9E76A
:100BA000B44800019C48000108B54268034602F0C1
:100BB0000302032A816002D02AB1002000E000680D
:100BC00000225A6008BD04490448452202F0FDFE97
:100BD0004521014802F0F0FED94800019C4800017F
:100BE0002DE9F7430D46DDE90A9790461E46044677
:100BF00010B96FF00D003DE00029FAD0002AF8D0BE
:100C00008B680846DB6898470368B6FBF3F203FB82
:100C10001262002AEDD1B9FBF3F203FB1292002A13
:100C2000E7D1002FE5D0B7FBF3F103FB11710029E9
:100C3000DFD1C4E90086C4E905972161A160E560C0
:100C400003686A4663620C9BC4E907314379CDE9C6
:100C500000612846094984F8283003F0FEF8019A1B
:100C6000002AC6D0D4E905310B449A422CBF00209B
:100C70006FF00D0003B0BDE8F08300BFE73A00015C
:100C800008B5044802F08BFE034802F088FE0020FD
:100C900008BD00BFFF4800013449000108B5034802
:100CA000034A0021121A02F0D4FF08BD58000021A7
:100CB000E0010021074808B5074A0849121A02F066
:100CC000CAFFBDE808400648064A0749121A02F062
:100CD000C2BF00BF280000215400002110500001B5
:100CE0000000002128000021E84F000130BFFFF77D
:100CF000FDBF00BF154B9A6A12F0007F9A6A14BFBD
:100D00001E201D2012F0807F9A6A18BF1F2012F447
:100D1000801F9A6A18BF022012F4002F9A6A18BF27
:100D2000212012F4802F9A6A18BF222012F4003F6B
:100D30009A6A18BF232012F4803F9A6A18BF2420B1
:100D40006FEA02426FEA12429A62704700ED00E0D9
:100D500010B5164B9A6A9C6A12F4805F14BF172272
:100D6000162214F4006F9C6A18BF1822A40509D536
:100D70009A6B9A6A120404D518B19A6A22F4004256
:100D80009A621922094B986A10F4806F986A18BF0A
:100D90001A2210F4807F986A40F47F4098624FF0E6
:100DA00000030CBF10461B200B7010BD00ED00E0CF
:100DB00010B51E4B0246986A9C6A10F0100F14BFC3
:100DC0001120102014F0080F9C6A18BF1220A407ED
:100DD00009D5586B986A000604D51AB19A6A22F0B0
:100DE00080029A621320114B9A6A12F0010F9A6ADC
:100DF00018BF1420D40602D49B6A9A070ED50B4B59
:100E00009B6ADB060AD50A490A4840F22D1202F015
:100E1000DCFD40F22D11064802F0CEFD034A936A34
:100E200043F0FF03936200230B7010BD00ED00E060
:100E3000624900019C480001F0B5564B04465B68CE
:100E400000258BB0C3F3080385F31188BFF36F8FC0
:100E500002F07F40B0F17F4F08D102F00C0008286B
:100E600004D012074CBF0C46012554B94A4940F240
:100E700014424A4802F0A9FD40F21441464802F0EB
:100E80009BFD0022033B8DF80720032B7BD8DFE876
:100E900003F00272765D3F4AD36A13F0020372D107
:100EA000D16A00291ADBD36A5B005BD55369A1695B
:100EB00043F480735361BFF34F8FBFF36F8F536958
:100EC00031F8021C23F480735361BFF34F8FBFF3DB
:100ED0006F8F4DF60273994220D123689DF8072049
:100EE000D2B9224602AE04F1200734461068516898
:100EF000083203C4BA422646F7D1099A002D44D0DD
:100F0000C2F3080121B96FEA52226FEA4222099224
:100F1000184602A902F0A1FE0BB0F0BD936ADBB245
:100F200033B101200DF10701FFF742FF0346D5E77A
:100F3000936A13F47F4F05D001200DF10701FFF7ED
:100F400007FFF3E7936AB3F5803F02D3FFF7D2FEC2
:100F5000ECE7114940F2ED22104802F036FD40F274
:100F6000ED218BE70C494FF43C720C4802F02DFD4B
:100F70004FF43C7182E700200DF10701D4E7002017
:100F80000DF10701DBE70023A8E722F4FF7222F04E
:100F90000102BCE700ED00E0624900019C4800014D
:100FA000064B5A6942F010025A615A6942F4806253
:100FB0005A615A6922F008025A61704700ED00E058
:100FC000EFF30880EFF3098101B57246FFF734FFB4
:100FD00001BD00BF002080F31488BFF36F8F002095
:100FE00080F30A8880F30B880F4880F3088801F0AB
:100FF0003DFB00200D490860BFF34F8F00F01AF849
:10100000202080F311880A484FF40061401880F3D3
:101010000988EFF314800221084380F31488BFF39A
:101020006F8F02F030FE0000E00D002194ED00E033
:10103000E001002172B6002383F313884FF0FF30E4
:101040000C4A03F120010133102B42F82100F8D1A2
:1010500000234FF0FF30074A03F160010133102BEA
:1010600042F82100F8D162B6BFF34F8FBFF36F8F04
:10107000704700BF00E100E01EF0040F0CBFEFF36B
:101080000880EFF30980816911F8021C0229FFD062
:1010900001B5724602F0E7FD01BD00BF40B2002875
:1010A00007DB01234109034A00F01F00834042F897
:1010B0002130704700E100E0054B420953F822203F
:1010C000012300F01F0003FA00F01040704700BF3A
:1010D00000E100E00131072908B508D90D490E48A3
:1010E0006B2202F072FC6B210A4802F065FC40B2F0
:1010F0000028ACBF00F16040084B4FEA4111C9B273
:10110000ABBF00F5614000F00F0080F800131954E8
:1011100008BD00BF944900019C48000114ED00E0A7
:10112000044B054A23F07F039360BFF34F8FBFF357
:101130006F8F70470000000100ED00E0154680B59C
:1011400006460C46002282F30B880A4FA7F58068FA
:1011500088F30B8887F309880020044988472046D4
:1011600029461A46B04702488047FEE79D3C0001E9
:10117000AB3C0001E00D00211022014B1A617047C9
:1011800000ED00E0002320210348C21801331E2B8C
:1011900082F80013F9D1704700E100E008B5EFF3E1
:1011A0000583064A103B02EBC30152F8330049683D
:1011B0008847BDE8084002F061BD00BF5C44000103
:1011C00008B5024B1B689847002008BD00010021AC
:1011D000034B044A1860937843F0020393707047FE
:1011E000000100212C00002108B50649064821F025
:1011F0000701C1F1045202F58032FFF75DFA0020C9
:1012000008BD00BFE70D002104010021064AD2F805
:10121000AC3123F00043C2F8AC310022034BC3F8D9
:101220004C21D3F84C31704700200141006001414E
:1012300073B5354BD3E84F3F00233449CDE9003334
:10124000334BD3F80445BFF35F8FD1F80465BFF388
:101250005F8FD3F804259442F3D16B4622460121D7
:101260002B4802F04DFD324605460F21274801ABC1
:1012700002F046FDE0B1019B0DB9009302E0009A37
:101280009342FAD3009B22481C44013CD0F84C35D1
:1012900024F07F449C421F4932D0FFF7B7FFC0F8CB
:1012A0004C451D4B009A9A4218D901230B7001E05E
:1012B000002DE7D1194AD2F8AC3143F00043C2F80F
:1012C000AC31134BD3F84C2132B90121144A51608F
:1012D000D3F84C3103B1116001230DE0BFF35F8FF0
:1012E000D0F80435E41A24F07F440E4B033C9C42B2
:1012F000DBD900230B7000230B4A137002B070BDC2
:101300000B78002BF7D0D5E7DC010021001001415C
:1013100000600141DA010021FEFF7F000020014151
:1013200000B00041FBFF7F00DB010021F8B51E4942
:101330000023C1E8423F52BB1C4B1D783DB305233F
:101340001B4E1C4F34780134B4FBF3F303EB8303DF
:10135000E41A02F0CEFE184A137823B157F824306D
:10136000C01A072813D9154BD3F8141141B1002125
:10137000C3F81411D3F8143134700CB9012313706D
:10138000347802F0B6FE47F824002846F8BD0C4A2F
:101390000025D2F8AC3123F00043C2F8AC31012271
:1013A000084B5A60F1E700BFDC010021DB0100219E
:1013B000D901002110010021D80100210050004175
:1013C0000020014100B000410122024BC3F840253A
:1013D000704700BF000008415023142213B5234C6E
:1013E0000021C4F80C35224B0846C3F820214FF4E5
:1013F0000062204BC3F8BC254FF48062C3F8382547
:101400000DF1070201F0A0F900280ADA1A491B4879
:1014100040F23B2202F0D9FA40F23B21164802F09A
:10142000CBFA9DF80710164802F0ECFE9DF8071065
:10143000144802F0E7FE9DF80710134802F0E2FEA0
:101440009DF80710204602F0DDFE9DF8070001F030
:1014500099F94FF400220D4BC3F844230022C3F83E
:101460004C21D3F84C3102B010BD00BF00B0004198
:101470000030204100200141CB4900019C4800017F
:101480004C610141282001412C21014100600141B2
:1014900048B1054B054A1B68B3FBF2F35843044BB4
:1014A00043F00103184770474000002140420F00FD
:1014B000E0450001BFF34F8F0549064BCA6802F4AF
:1014C000E0621343CB60BFF34F8F00BFFDE700BF67
:1014D00000ED00E00400FA0508B54FF0FF323F23AD
:1014E0000348C0E9002301F029F9002008BD00BF2E
:1014F00024010021402373B50B4C0093041B0B46C1
:101500000D460A49A41061430646094A094802F0FB
:1015100028FC011E05DA30462B4602B0BDE87040BB
:10152000184702B070BD00BF40010021B76DDBB6A7
:10153000D13D000108440001C9B2012908B508D90C
:10154000084909487E2202F040FA7E21054802F04F
:1015500033FA0C22036901FB0233186C00F0070018
:1015600008BD00BFF54900019C48000170B5C9B233
:10157000012903690AD9184918484FF4E87202F0A2
:1015800024FA4FF4E871144802F016FAEFF31185CB
:10159000202484F31288BFF36F8F0C2606FB0134DE
:1015A000246C14F0C00408D0A24206D085F3118840
:1015B000BFF36F8F4FF0FF3070BD012271430B44BA
:1015C0001A6485F31188BFF36F8F43680B445B681F
:1015D00098470020F0E700BFF54900019C48000152
:1015E000084B70B5C31A0D4607499B100446594372
:1015F00040220648FFF7BAFF2B4601462046BDE8C9
:101600007040184740010021B76DDBB60844000167
:10161000F8B50022012105460520FFF75BFD1048C3
:1016200001F0C4F80446B8B901F0E0F82F690D499B
:10163000384602F026FA031E09DB01263E642D69B6
:10164000084905F11C0002F01CFA031E02DA1C46D0
:101650002046F8BDEE64FBE76FF00404F8E700BF36
:10166000E91600010446000110B5EFF311842023B0
:1016700083F31288BFF36F8F074A136823F00201C8
:10168000DB07116002D4012001F0FAF884F311881D
:10169000BFF36F8F10BD00BF900100210C22104BD3
:1016A000014602FB0033002030B4D3E90E529863A8
:1016B000EFF31180202484F31288BFF36F8F1C6C2A
:1016C00004F0C00444F002041C6480F31188BFF3EA
:1016D0006F8F1DB12B4630BC0248184730BC704795
:1016E0004001002108440001012808B506D0072860
:1016F00008D090B90E4B1B6C5B0717D1BDE80840B2
:10170000FFF7CCBF0B4940F2FA220B4802F05DF91B
:1017100040F2FA21074802F04FF906494FF44172AE
:10172000054802F052F94FF44171F3E708BD00BFDC
:1017300040010021F54900019C48000110B4EFF37D
:101740001182202383F31288BFF36F8F174801683B
:1017500041F002040460C80707D482F31188BFF384
:101760006F8F012010BC01F061B81149D1F80C0451
:10177000D1F80C14C907F0D5EFF3118083F3128868
:10178000BFF36F8F0B490B6C03F0C00343F00203F0
:101790000B6480F31188BFF36F8F82F31188BFF35E
:1017A0006F8F002010BCFFF779BF00BF90010021B0
:1017B00000500041400100212DE9F8430122064676
:1017C0003D49D1E8EF3FC1E8E02F0028F9D19BB9AE
:1017D0003A493B484B60CB608A60FFF77FF90028AD
:1017E0000ADA384940F2A322374802F0EEF840F214
:1017F000A321344802F0E0F86EB3731E012B52D8D7
:10180000012E06D1314BD3F81C3403F00303022B15
:1018100021D002F02FFD0546F8B92D4B1B78E3B11E
:1018200002220746294BC3F808234FF00008274C33
:10183000DFF8A090D4F81824D4F81834D20315D5C2
:1018400003F00303022B01D0012E0FD135B387F330
:101850001188BFF36F8FBDE8F883EFF31187202362
:1018600083F31288BFF36F8F0125DEE7384602F05D
:1018700024FAD4F81835DBB2012BDBD1D4F80421DB
:10188000002AD7D0C4F80481D4F804210222C4F875
:1018900018252022C9F88021A360CBE702220B4B38
:1018A000C3F80423D7E7074940F2B522064802F0FF
:1018B0008CF840F2B5219CE73C0100212C0100216D
:1018C0005C010021F54900019C48000100500041E5
:1018D000DF01002100E100E008B5074802F0BFFC8D
:1018E00038B10648FFF774FC0448FEF75DFF00209E
:1018F00008BD6FF01200FBE724440001011900014C
:101900000A2838B50446074D04D1AB680D21284696
:101910005B689847AB6803485B68E1B2984720462C
:1019200038BD00BF24440001024B0B60012313604B
:10193000704700BF9401002100487047284600010D
:1019400010B502F086FC034C206002F07FFC606062
:10195000002010BD94010021F8B50E46194630460E
:1019600017461C4602F0AEFAC8B106F1807646EA88
:10197000040515F0030512D154B124F00304A54267
:1019800006EB050006D1074AD2F80034DB07FBD589
:101990000020F8BD795901F041F90435EFE76FF007
:1019A0001500F6E70000084108B50368024659092A
:1019B00013D0012906D14FF6FF7103F01F03D94060
:1019C000C80711D40A490B484FF4747201F0FDFFA7
:1019D0004FF47471064801F0EFFF4FF0FF31D9402A
:1019E000C907EFD5044800E00448136008BD00BFF4
:1019F000674A00019C48000100058C4100088C41A9
:101A00002DE9F04F9346824640F2FF17DFF8CC9065
:101A100085B000EB8106B24503D1002005B0BDE8DA
:101A2000F08FDAF80030C3F3C322082AC3F30804A6
:101A30004DD82B491B0EBC4208BF4FF0FF348D5CC4
:101A4000032B47D8DFE803F002093336CBF80C4507
:101A5000631C32D10AF1040ADDE7CBF81445621C9D
:101A6000F8D00021DAF8003003A803F40042002A7D
:101A700016BF002188464FF001080193009103949E
:101A8000FFF792FF039C019B00EB8400D0F800421B
:101A9000C3F3412C00992B0243EA8C030B4304EA65
:101AA0000904234343EA4803C0F80032D2E7CBF8E5
:101AB0000845CDE7CBF81045D1E703A80394FFF71D
:101AC00073FF0121039B01FA03F38360CAE76FF000
:101AD0001500A3E76FF08500A0E700BFF0F0FCFF62
:101AE0009A4A0001684620F007018D4601B5134B64
:101AF000D3F80423D20517D5D3F82021A2B1EFF3F0
:101B00001182202181F31288BFF36F8FD3F8201147
:101B100031B10021C3F82011D3F820110121D9607F
:101B200082F31188BFF36F8F044BD3F8583102F062
:101B3000A5F8BDE801408546704700BF003001416F
:101B40002DE9F04104460D46476802F093FB88B149
:101B50004FF02008EFF31186314688F31288BFF367
:101B60006F8F606802F029FA30BB86F31188BFF3EB
:101B70006F8FEFE71D4B1B78002BE9D04FF020084B
:101B80006426606802F019FA50B9012002F0FFFAE9
:101B9000013EF6D1F4E786F31188BFF36F8FEFE7CC
:101BA000EFF31186314688F31288BFF36F8F6068B8
:101BB00002F003FA0028EED0FB6900201D70636874
:101BC000FA691B68C3F844250122C3F84825C3F805
:101BD0002001D3F82041C3F85801D3F858019A6086
:101BE00081F31188BFF36F8FBDE8F081DF01002121
:101BF0000D4B1868010A0006BFF35F8F0B4BD3F83B
:101C00000435181841F10001B3F5801F0AD2084BC2
:101C1000D3E90023904271EB030303D210F18070EB
:101C200041F10001704700BFB00100210060014197
:101C3000700000212DE9F74302F091F82E4BD3F804
:101C4000042390070BD5D3F8042142B10022C3F836
:101C500004212A4AD3F80431136801331360264A59
:101C6000D2F80433D90326D5254BD3E8EF1F21F052
:101C70000100C3E8E40F002CF7D1CB0702D4D2F85F
:101C80004031C3B100251C4CC4F84051D4F8403158
:101C9000FFF7AEFFEFF31182202383F31288BFF327
:101CA0006F8F184BD3E90267B042B94106D282F375
:101CB0001188BFF36F8F03B0BDE8F0834FF0FF389A
:101CC000D3E900104FF0FF391D60C3E902894FF4DA
:101CD0008033C4F84833C4F84051D4F8403182F31B
:101CE0001188BFF36F8F0029E5D0009032463B4644
:101CF00028468847DFE700BF00600141B0010021AE
:101D0000A8010021580000212DE9F74F4FF00108EC
:101D100008FA00F8144606461D466FEA0802DFF886
:101D200030A1DAE8EF3F03EA0201CAE8E01F002829
:101D3000F7D14FF48037DFF81C91B740C9F808732A
:101D4000BFF35F8FBFF36F8F08EA03030093FFF7C2
:101D50004FFFA04271EB05034BD23F4B201A65EBBE
:101D60000101984271F1000156D23C4B03EB06137E
:101D7000D3E902239D4208BF944243D04FF0000BA9
:101D800024F07F4EF446032006F150039B009BB2E3
:101D900003F1824303F5B033C9F84873C3F800B0C8
:101DA0001A6806F5A872019201992CF07F4249F851
:101DB00021206FF00202C9F84473D9F80415521AB1
:101DC0006244DFF89CC022F07F4262451AD91A684B
:101DD0005AB1D9F80415A1EB0E0222F07F42B2F5F8
:101DE000000F0FD9C3F800B01A6800EB010C0130E6
:101DF000DAE71C4BD3E8EF1F41EA0801C3E8E21F12
:101E0000002AF7D1154918483301C850002301EBC7
:101E10000612C2E902455360009BABB1DAE8EF3F1E
:101E200043EA0803CAE8E23F002AF7D1094BC3F8A6
:101E300004730C4BD3E8AF3FF340DB0742BF4FF4D2
:101E400080020A4BC3F8002103B0BDE8F08F00BF49
:101E5000AC01002100600141010080005800002118
:101E6000FDFF7F00A8010021F11E000100E100E05C
:101E700070B54FF0FF3000254FF0FF31174C184B75
:101E80000226C4F80833C4F84833164BC4F8085582
:101E9000C3E902014FF480334FF48002C4F80433E5
:101EA000114B0121C4F804631620C3F880212A468F
:101EB000FFF710F91620FFF7F1F801230B4AA36092
:101EC0002846236013604FF480720023FFF71CFF45
:101ED0003046FFF771FC284670BD00BF006001412D
:101EE00003000F005800002100E100E0AC010021D8
:101EF000F8B5144922F07F45D1E90063921B140A1A
:101F000022F0FF02921943F10003C1E90023A5F575
:101F10000011B1F5400F0AD20B4909684FEA112CA4
:101F200009064E1909494CF10007C1E9006712F58D
:101F3000807243F10003FFF7E7FE2046BDE8F8405A
:101F400000F07CBF68000021B0010021700000217A
:101F500030B5024600240B490B4D0B6805EB03100E
:101F6000D0F80808C0B218B904B10B60002007E02F
:101F70000133072B4FF00104F0D96FF01B000B6009
:101F8000136030BDB401002100000841F7B5394DA0
:101F90000646D5F820320C46B3F5006F174608D038
:101FA00035493648212201F010FD2121324801F047
:101FB00003FD01A8FFF7CCFF002852D1D5F820225D
:101FC000B6FBF2F302FB1363002B4CD1D5F82022B1
:101FD000B4FBF2F302FB1343002B44D1D5F82022CB
:101FE000D5F824325343A3423DD3002C3BD0019B70
:101FF000072B14D8D5F82012B6FBF1F201FB1262C0
:102000006AB9D5F82022D5F824124A43944206D85A
:10201000D5F82012B4FBF1F201FB12423AB1184993
:102020001648772201F0D1FC77211548BFE71B0144
:1020300003F1824101F50021C1F80068C1F80448AC
:10204000C1F80878D1F8002896420FD1D1F80428B9
:1020500094420BD1D1F80838DBB29F4218BF6FF021
:102060000D0003B0F0BD6FF01500FAE76FF00D0042
:10207000F7E700BF0000FF01B14A00019C480001E2
:10208000DD4A000130B50446C16985B04C4801F015
:1020900086FC0121204600F079FA28B9494805B0AC
:1020A000BDE8304001F07BBC00226846464B474DFE
:1020B000C3F80025D3F80C150091D3F8141501913D
:1020C000D3F808150291D3F81035039350F8043B68
:1020D000591C1DD059090CD0012967D03C493D48F5
:1020E0004FF4747201F071FC4FF47471384801F0D0
:1020F00063FC4FF0FF31D940C907EFD5364901EBFA
:102100008303D3F80012294041F00201C3F8001202
:102110000132042ADAD14FF0FF32304BC3F80823E2
:10212000BFF36F8F72B600232D4903F120000133F6
:10213000102B41F82020F8D100234FF0FF30284A1F
:1021400003F160010133102B42F82100F8D14FF068
:10215000E02300221A61D3F8042D03F5506342F006
:1021600000725A605A6A22F4E0225A62EFF3148233
:10217000920707D5EFF3148222F0020282F314884B
:10218000BFF36F8FBFF34F8FBFF36F8FE2699A601A
:10219000E269002383F30B8883F30A88116881F3D3
:1021A000088883F309880F4B506898474FF6FF71F2
:1021B00003F01F03D940C90790D50B499FE700BF23
:1021C0000F4B0001214B000100300141F0F0FCFFFA
:1021D000674A00019C48000100058C410050004105
:1021E00000E100E00100002100088C411FB5044619
:1021F000074A01AB07CA83E807000C2219462046AC
:1022000002F06BF800280CBF2046002004B010BD7F
:10221000AC45000170B505460024054E56F8040B88
:102220002844FFF7E3FF10B90134072CF6D170BD45
:10223000784600012DE9F04F814685B010460E46E4
:1022400014461F46D568D2F81080FFF7CFFF40B97B
:102250001FB945215C4801F039FC002005B0BDE8FC
:10226000F08FA069484504D0002FF6D1452157488A
:10227000F1E727B9B0422CD045215548EBE730466D
:10228000FFF7C8FF8442E8D1226A524B9A42E4D158
:102290002D19E2D218EB0603DFD2A642DDD89C420C
:1022A000DBD2013DAE42D8D89D42D6D218EB090808
:1022B000E5693BD24D4539D3454537D2AB19A3EB40
:1022C00009035B684B4536D2002FC6D145214248F1
:1022D000C1E7FFF79FFF844202D045213F48BAE79C
:1022E000226A3C4B9A420FD12D192CBF4FF0010AA4
:1022F0004FF0000A49213A4801F0E8FBBAF1000F1B
:1023000007D045213748A6E74521374801F0DEFBD5
:10231000A3E718EB0903F4D2A145F2D89C42F0D20E
:10232000013DAE42EDD89D42C0D3EAE7002F94D1E3
:1023300045212E488FE74345C6D2D4F81090DFF8E8
:10234000B0A009EB060404F1050B0DF104089AE8AE
:10235000070088E807000C224146204601F0BDFF37
:1023600000B91CBB0134A345F1D1002F7FF475AF38
:10237000452120486FE7002F7FF46FAF45211E48AD
:1023800069E704F110024946304601F0C8FE0246F2
:1023900028B1002F7FF461AF45211848B6E71FB977
:1023A0004921174801F092FB012057E7E3689D425D
:1023B000E1D101F0ADFE02460028E2D0002F7FF40B
:1023C0004CAF45210F48A1E7564B0001794B000166
:1023D000AF4B0001FFFF0291B84C0001DF4B000141
:1023E000354C0001594C00010B4C0001894C000197
:1023F000B8450001E84C00011C4D0001754D00017D
:10240000A44D0001524D0001014BD3F8A8057047BF
:1024100000800001024B034A1B681A60704700BF2E
:102420003C00002115FCBA250F4B104A1B681968A7
:10243000914213D002F11C521968A2F58B12A2F638
:10244000CC5291420CD01968094A91420AD01868BE
:10245000084B98420CBF04200220704700207047B0
:1024600003207047012070473C000021B6B3B4B58B
:102470005DCE03F1EC49F2B6014B1B68586870471A
:102480003C00002110B5124C01462368114A18681F
:10249000ADF5107D904217D14FF45E320020DB681D
:1024A000CDE90120009310AA4FF4007305A8FEF7B0
:1024B00097FB30B9236805A859689A68012301F091
:1024C00084FB0DF5107D10BD6FF00D00F9E700BF26
:1024D0003C000021B6B3B4B5024B034A1B681A6036
:1024E000704700BF3C0000215DCE03F12DE9F043B1
:1024F000224885B001F03DFE002604461F4B204FC8
:10250000D3F83880DFF87C90B04503D8002005B0C0
:10251000BDE8F083636A97E807001D6801AB83E8B4
:1025200007000C221946284601F0D7FE78B975B18C
:1025300022692B699A420AD1AB69A2699A4206D8EC
:10254000E2699A4203D963696A6993430CD0256AA8
:1025500075B10D4801F023FA002383F31188BFF30E
:102560006F8F0423184602DFE36801361C44CBE773
:10257000484601F014FA636A1D60F5E700020001A5
:10258000C4450001F84D0001CF4D00012DE9F04F89
:1025900087B00646009198B301F0EBFD0027044692
:1025A000B36BBB424ED94FF00008DFF8ACA04FF040
:1025B00000095AF8043BDFF8A4B05BF8045B019310
:1025C0001D44274B93E8070003AB83E80700194637
:1025D0000C22284601F081FE019B00B9A5B909F142
:1025E0000109B9F1070FE8D11E4B08F10108984520
:1025F000DDD3009B13B10022636A1A60236A3BB3E8
:10260000002007B0BDE8F08F2B6A174A9342EBD148
:10261000AE42E9D0696B05F13C038842E4D02569FC
:102620001A6995420AD19A69A569954206D8E56961
:10263000954203D962695D69AA4305D0DA68013021
:102640001344EAE70120DCE7009A0AB1626A1360EA
:10265000E36801371C44A3E7E44F000194460001FE
:10266000D045000101000000FFFF02910022D300CD
:1026700003F1FF7303F58033D3F80013013107D062
:10268000D3F800130132D3F80433202A0B60EED1C3
:10269000224BD3E94C32072B26D1023A032A204B96
:1026A00028D9D3F80024D10732D41C4BD3F83021D9
:1026B000072A19D1D3F83431023B032B02D8194A27
:1026C000D35C8BB17F23184A1849C2F81831002314
:1026D000C1F8043EC1F8083EC2F82431C2F82C31DA
:1026E00002F57F22C2F81031114B1A68114BC3F862
:1026F0004425704710498A5C002AD2D0D3F80024C0
:10270000D207CED50022C3F81421C3F81821C8E798
:102710006FF00102C3F80024C7E700BF0000FF010B
:10272000005000412B4E00010020004100000841F4
:102730000080FF01006000412F4E0001014B186036
:10274000704700BFB801002110B50B4B1446186844
:1027500050B90A490A4840F2F31201F036F940F242
:10276000F311064801F028F901F013FD0028A4BF79
:102770002070002010BD00BFB8010021334E0001C1
:102780009C4800010123024A8340C2F80435704787
:1027900000F00041014B00201B681847BC010021DC
:1027A000014B1B68184700BFBC01002110B50C4C41
:1027B000237993B9012323710A4B0028206018BFA5
:1027C000184600F0A5F850B923680748002B08BF49
:1027D0001846BDE8104000F023B96FF0770010BD37
:1027E000BC01002195270001A127000108B50C4B71
:1027F0001A7942B90B490C48B12201F0E6F8B1212F
:10280000084801F0D9F81B6843B10520FEF754FCD5
:1028100020B9BDE808400520FEF740BC08BD00BF58
:10282000BC010021704E00019C48000108B5114B0D
:102830001B7953B9104940F20512104801F0C5F850
:1028400040F205110C4801F0B7F850B101280CD046
:1028500009494FF49272094801F0B7F84FF49271A8
:10286000F0E7BDE8084000F0EDB8BDE8084000F032
:1028700061B800BFBC010021704E00019C480001FE
:1028800008B5114B1B7953B9104940F22B1210486F
:1028900001F09BF840F22B110C4801F08DF828B1A3
:1028A000012807D1BDE8084000F070B8BDE8084035
:1028B00000F01AB905494FF4A572054801F085F8F2
:1028C0004FF4A571E8E700BFBC010021704E000184
:1028D0009C48000138B501230C4C42F21075C4F835
:1028E000083363600023C4F80031D4F80031D4F811
:1028F0000C24D4F80C34D20306D5DB0704D5012010
:1029000001F045FC013DF2D138BD00BF005000414F
:10291000064B0246187930B91A6001221A71044B2D
:10292000C3F8142570476FF077007047C401002189
:102930000050004108B511490B7943B910491148BD
:10294000772201F042F877210D4801F035F8002296
:102950000D4BC3F80021D3F8002101221A60096849
:1029600011B1C3F8042308BDD3F80021002AFBD01D
:102970000022C3F80021D3F80031F4E7C40100219C
:10298000AD4E00019C4800010050004108B5084BC5
:102990001B7943B907490848892201F016F88921B3
:1029A000044801F009F8BDE80840FFF793BF00BFF5
:1029B000C4010021AD4E00019C480001094BD3F831
:1029C0000423D2070DD5D3F8002152B10022C3F859
:1029D0000021D3F800210122C3F80823024B1B6811
:1029E0001847704700500041C401002138B5022348
:1029F0000A4C42F21075C4F808330123E360002347
:102A0000C4F80431D4F80431D4F81834DB0304D505
:102A1000012001F0BCFB013DF6D138BD0050004162
:102A2000064B0246187930B91A6001221A71044B1C
:102A3000C3F8182570476FF077007047CC0100216C
:102A40000050004110B5244C237943B92349244850
:102A5000E52200F0BAFFE521204800F0ADFF214B50
:102A6000D3F81814D3F81824C90319D502F00302B7
:102A7000022A04D0012A01D0FFF7B8FF0122194B26
:102A8000C3F818250022C3F80421D3F80421012239
:102A90009A6022688AB9D3F80421002AFBD014E096
:102AA000D3F81424D207E9D5D3F81C2402F003028A
:102AB000013A012AE0D822681AB10222C3F804239D
:102AC00010BDD3F80421002AFBD00022C3F8042152
:102AD000D3F80431F4E700BFCC010021F04E00012F
:102AE0009C4800010050004108B5094B1B7953B9BF
:102AF000084909484FF4917200F067FF4FF4917153
:102B0000044800F059FFBDE80840FFF76FBF00BF61
:102B1000CC010021F04E00019C480001F8B50126CF
:102B20001F4C204FD4F8045305F0820505B9F8BDB9
:102B3000B5FA85F0C0F11F00830003F580739BB2E6
:102B400003F1824303F5A043196806FA00F225EA6F
:102B500002050029EAD00021012819601B68C4F889
:102B6000082311D1D4F81834D4F8183403F003032F
:102B7000012B02D03B689847D8E70222C4F81825F9
:102B8000C4F80423A360D1E7074908484FF4F5725D
:102B900000F01BFF4FF4F571034800F00DFF00BF7C
:102BA00000500041CC010021F04E00019C48000182
:102BB000044AD2F80834DB07FBD50160BFF35F8F0E
:102BC000704700BF0000084108B500F17F43B3F52E
:102BD000802F05D2C0F30A035BB16FF00C0016E042
:102BE0000B490C48D22200F0F0FED221084800F038
:102BF000E3FE0222084BC3F804254FF0FF320260C7
:102C0000D3F80024D207FBD50020C3F8040508BD83
:102C1000334F00019C48000100000841F8B50D4603
:102C20000121044601F0FBFA10B114F003070AD0A9
:102C30000A490B4840F27D1200F0C7FE40F27D11B8
:102C4000064800F0B9FE074E2046C6F8041529468E
:102C5000FFF7AEFFC6F80475F8BD00BF334F0001A3
:102C60009C4800010000084110B5436904463BB987
:102C70000020E2684042537843F00103537010BDD6
:102C800098470028F4D000F1FF03FE2B08D906492D
:102C90000648212200F099FE2121034800F08CFE15
:102CA000E36840421870E4E76F4F00019C48000160
:102CB00038B50446EFF31185202383F31288BFF360
:102CC0006F8F01F01DFA042C08D1074907488722AD
:102CD00000F07BFE8721044800F06EFE85F311882A
:102CE000BFF36F8F38BD00BF924F00019C480001B9
:102CF00038B50A4B53F82040013053F82050A54214
:102D000000D838BD606830B1037EDB0701D4FFF71F
:102D1000ABFF0834F3E723689847FAE7B0460001B1
:102D2000012208B5094B03201A70FFF7E1FFFEF7F7
:102D300053FB01F0BCFA0420FFF7DAFFFDF746FC75
:102D4000034A137B23F00103137308BDDF01002145
:102D50007800002108B50020FFF7CAFF1E4B03F5DD
:102D6000006282F3088883F30A88E0231B4C84F80E
:102D700022300023E37723766376A37684F820302D
:102D8000626A42F4E022626284F82330FEF708F9B6
:102D9000FEF7F2F94FF0FF33114AA362E362114BE1
:102DA00093420AD910491148CC2200F00EFECC21E2
:102DB0000D4800F001FE1C33F2E7FCD3FEF704FBE4
:102DC0000120FFF795FF0220FFF792FF002308483C
:102DD0001A461946FEF7B2F9E001002100ED00E0C5
:102DE0005C44000108440001B44F00019C4800010C
:102DF000212D0001024B1868984208BF002070473F
:102E00004400002130B570B10B4B5B6898420AD08A
:102E1000036843B1D3E90421D0E90445121941EB19
:102E20000501C3E90421D0E9003213605A60002390
:102E3000C0E9003330BD00BF440000212DE9F04758
:102E4000EFF31185202383F31288BFF36F8FDFF830
:102E50009C900026C9F800000027FFF7CBFFDFF8A1
:102E60009080D9F80030D8E900ECD91750B1D0E9FA
:102E70000442A34271EB020A19DAE41A62EB01027E
:102E8000C0E90442002413EB0E034CEB0101204681
:102E9000C8E90031C9F8004001F0F2F9214601F01B
:102EA00027F985F31188BFF36F8FBDE8F08714EB26
:102EB0000E024CEBE473C0E90467C8E90023FFF796
:102EC000A1FF85F31188BFF36F8F83689847EFF3F5
:102ED0001185202383F31288BFF36F8FD9F8003058
:102EE0001B1BC9F80030FFF785FFBAE7D4010021AA
:102EF000F80000213F2A2DE9F041904652D90546BD
:102F00000C46A2F1400626F03F064036274F0E44FD
:102F1000236840341BBA2B6454F83C3C39461BBA36
:102F20006B6454F8383C28461BBAAB6454F8343C04
:102F30001BBAEB6454F8303C1BBA2B6554F82C3C9C
:102F40001BBA6B6554F8283C1BBAAB6554F8243C9B
:102F50001BBAEB6554F8203C1BBA2B6654F81C3C9A
:102F60001BBA6B6654F8183C1BBAAB6654F8143C99
:102F70001BBAEB6654F8103C1BBA2B6754F80C3C98
:102F80001BBA6B6754F8083C1BBAAB6754F8043C97
:102F90001BBAEB67FDF780F9B442B9D108F03F00E6
:102FA000BDE8F0811046BDE8F08100BFC8460001D1
:102FB0000A4610B514681A4924BA0464546824BA3D
:102FC0004464946824BA8464D46824BAC4641469D8
:102FD00024BA0465546924BA4465946924BA8465A2
:102FE000D46924BAC465146A24BA0466546A24BA3B
:102FF0004466946A24BA8466D46A24BAC466146B9C
:1030000024BA0467546B24BA4467946B24BA846767
:10301000D26B12BAC267FDF73FF9002010BD00BFA6
:10302000C84600012DE9F0410027B54CB54BB2B0C0
:10303000CDE90043B44BB54E0293B54B1446CDE9F0
:103040000363B44B05460593B34B3097069303F1E6
:103050007453A3F52303A3F6924331920793002AF6
:1030600040F0848080224FF03A0C01236E460DEB35
:1030700002078DF8802000204FEA9C0203F1800EA9
:10308000012A06EB0E0146F80E0024D0022A486001
:1030900021D0032A88601ED0042AC8601BD0052ACC
:1030A000086118D0062A486115D0072A886112D015
:1030B000082AC8610FD0092A08620CD00A2A48627F
:1030C00009D00B2A886206D00C2AC86203D00E2AC7
:1030D000086308BF48631CF0030F16D02CF0030CE4
:1030E0006344002103F1C8026A443A2B02F8481CE9
:1030F0000BD003F1C9026A44392B02F8481C04D0F2
:10310000CA330DEB030202F8481C0023620F62F37E
:103110000703620D62F30F23620B62F31743620928
:10312000394662F31F633046E400CDF8BB308DF8BA
:10313000BF40FFF73DFFDDE90001DDE9022306BAEC
:1031400014BA18BA09BADDE9042312BA69602A610F
:1031500019BADDE9062312BA1BBA2E60AC60E8602A
:103160006961AA61EB6132B0BDE8F0816E4630461C
:103170008846FFF7BFFE241A08EB0403002800F07E
:10318000F580421E022A53D958F804202092820862
:10319000012A00F0E6805968022A219100F0BE80E1
:1031A0009968032A229100F0E780D968042A2391C4
:1031B00000F0E7801969052A249100F0E780596939
:1031C000062A259100F0E7809969072A269100F0E8
:1031D000E780D969082A279100F0E780196A092A4F
:1031E000289100F0ED80596A0A2A299100F0B180F7
:1031F000996A0B2A2A9100F0F480D96A0C2A2B9143
:1032000000F00381196B0D2A2C9100F00981596B94
:103210000E2A2D9106D00F2A996B18BFDA6B2E91CA
:1032200018BF2F9220F0030782073B4400F0DE8096
:10323000197807F1C8026A4402F8481C7A1C9042C7
:103240000FD9591C0978C83202376A44B84202F8CB
:10325000481C06D99B7807F1C8020DEB020707F856
:10326000483C8021431C00F1C8026A44382B30904E
:1032700002F8481C6AD93F2B2CD80022C8336B4473
:103280003E2803F8482C25D000F1CA030DEB0301BA
:103290003D2801F8482C1DD000F1CB036B443C289D
:1032A00003F8482C16D000F1CC036B443B2803F8FC
:1032B000482C0FD000F1CD036B443A2803F8482C7A
:1032C00008D000F1CE036B44382803F8482C01D114
:1032D0008DF8BF2020AF39463046FFF769FE3A2807
:1032E00003463CD8319CC3F13A02022A7FF6F9AE7C
:1032F0005A1C3B2AC3F13B0C88BF4FF0010CBAE6C5
:1033000067E6096A85AE67BB72F36E3C3AF54FA576
:103310007F520E518C68059BABD9831F082854D06F
:1033200008273B4419467A1C11F801CB07F1C80461
:103330006C44904204F848CC84D8802100F1C80342
:103340000DEB03023090431C02F8481C319C20AF67
:10335000C9E7282800F0888028273B44E2E7319C11
:10336000D3E6042826D004273B44DBE78022012350
:1033700030908DF88020E9E70C282CD00C273B44B6
:10338000D0E710283BD010273B44CBE7142841D08E
:1033900014273B44C6E7182847D018273B44C1E709
:1033A0001C2849D01C273B44BCE7202850D02027AC
:1033B0003B44B7E78022052330908DF88420C5E791
:1033C00024283FD024273B44ACE7802209233090B7
:1033D0008DF88820BAE780220D2330908DF88C205C
:1033E000B4E72C283AD02C273B449BE7802100F1FE
:1033F000C8026A443090431C02F8481C3BE7802214
:10340000112330908DF89020A0E7302832D030275B
:103410003B4487E78022152330908DF8942095E770
:1034200034282DD034273B447CE7182180221923EF
:1034300030918DF8982089E780221D2330908DF8F7
:103440009C2083E78022252330908DF8A4207DE7FF
:103450008022212330908DF8A02077E780222D2331
:1034600030908DF8AC2071E78022292330908DF8C0
:10347000A8206BE78022312330908DF8B02065E7DB
:103480008022352330908DF8B4205FE72DE9F04F8E
:1034900043688DB015468046029383789A0740F1C1
:1034A0000D8100240E78002E00F00A81252E0BD00D
:1034B0004B1C0393013441463046029B9847002839
:1034C000C0F2F6800399EDE74E788B1C252E03930E
:1034D000F0D00027B946BB46BBF11F0F38D8A6F184
:1034E0002003102B0AD8DFE803F02A090930090964
:1034F000092109090928092D09091F00A6F130032E
:10350000092B33D92A2E37D11BF0400F55F8043B35
:1035100040F08280002BA7BF4BF0200B9946C3F1EF
:1035200000094BF0280B01E04BF0010B039B13F853
:10353000016B0393002ECFD130E04BF0020B4BF028
:10354000040BF3E74BF0080BF0E74BF0100BEDE743
:10355000BBF17F0F19D8A6F13003092BD2D81BF08D
:10356000400F03D00A2101FB0737DFE70A214BF0A8
:10357000200B01FB0939D9E72E2E06D11BF0400F95
:1035800040F09E804BF0400BD0E76C2E31D02BD812
:10359000682E36D06A2E3CD04C2E3AD0002F46F002
:1035A0002003B8BF2BF04002A3F16501BCBF002788
:1035B0001FFA82FB022901D9612B2FD1073507277A
:1035C000DFF8ACA225F0070508351BF0080F66D020
:1035D0000AEB070B56465E4563D1A4EB0A0AA9EB3A
:1035E000070906EB0A026FE1742E9FD07A2E9DD058
:1035F000D4E71BF0800F18BF4BF4007B4BF0800B1F
:1036000094E71BF4807F18BF4BF4007B4BF4807B66
:103610008CE74BF4207B89E71F4687E7A6F163011F
:10362000122900F2F080DFE811F013004F00EE00E5
:10363000EE00EE00EE004F00EE00EE00EE00EE00B9
:10364000EE00FE00E900EE00EE001B00EE00AF0011
:1036500055F8043B01270DF1180A8DF81830B4E72E
:1036600055F804AB834BBAF1000F08BF9A461BF024
:10367000400F504614BF39464FF0FF3100F03DFE79
:103680000746A2E741462020029B984700280FDB0F
:10369000013EB742F6D34C44B146A41B98E74E46D0
:1036A000F7E7414616F8010B029B9847002892DA8B
:1036B00098F8023043F0040388F802304FF0FF34EA
:1036C00020460DB0BDE8F08F1BF0800F34D01BF406
:1036D000007F2CD0073525F00705AA4669685AF8FF
:1036E000080B2BF010050029ADB237DA404245F443
:1036F000806561EB41010DF1180B0A235A4600F079
:1037000008FEA0EB0B0301936B0662D5019B25F02D
:1037100001019F4289B240F3A180002E00F0998000
:1037200015F0100240F09C80BB460D4623E0AA46EF
:103730005AF8040BC117D4E7AA461BF4807F5AF845
:10374000041B01D10846F5E71BF4007F19BF48B2FE
:1037500041F3C01108B241F3C031C2E750EA01039E
:10376000C9D11BF0400FC6D0002FC4D12BF01102DD
:10377000BB46019795B240F2064115EA01021CBF13
:103780000BF1010B00222CE02BF010020A231FFA90
:1037900082FB1BF0800C49D01BF4007115BF07356C
:1037A000AA4625F007055AF8040B1EBFAA46696809
:1037B0005AF8080B50EA010545D12BF016051BF00D
:1037C000400FADB242D0002F40D12BF0170201972D
:1037D00095B215F0100248D0019B002E42D103F1A2
:1037E000010B29075AD4EB0706D5D9456FDDA9EBA4
:1037F0000B030199CB465F185B4649E04BF0100B79
:1038000010237826C5E7782B04D1C6F1780343F05E
:103810001003BEE741462520029B98470028FFF68B
:1038200047AF023447E608230026B2E7AA461BF456
:1038300080715AF8040BBDD01BF400711ABFC0B2DE
:10384000614680B2B6E72BF0060295B20DF1180B77
:1038500054E725F01105BB46ADB28CE70D46B8E73D
:103860003B460D4603F1020BBBE7DDF804B082E7EF
:10387000DC4F0001D54F0001CDE904324146202044
:10388000029B98470028FFF613AF049B059A01336B
:103890009945F1DCA4EB0B019B46CC180AB34146D9
:1038A0003020029B98470028FFF602AF8EB9013402
:1038B0002744391B019B994224DC1D4655BB019AC4
:1038C000A9EB0B09554622441446914433E0019F6D
:1038D00092E7023441463046029B98470028E7DAD7
:1038E000E6E640F206410D42E2D015F0020F04F187
:1038F0000104414614BF2B20202015F4806F18BF0F
:103900002D20E9E741463020029B013498470028EA
:10391000CFDACDE606AB013D4146585D029B9847A4
:103920000028CBDAC4E641462020029B01349847A8
:103930000028FFF6BDAEA9EB0403002BF3DCC1E5C4
:10394000704700EBC100408840087047F8B5034657
:10395000FFF7F7FFB0FA80F0C0F11F0003EB800C17
:10396000DCF81060CA00171D0C4606328DB256B93D
:10397000012101FA00F0D9680143D960CCF8104068
:10398000DD539D52F8BDF1000431585AD85303EB72
:10399000C0009E52C5805D52F4E7002070470FB40E
:1039A00007B504A951F8040B0191FCF703FF03B01C
:1039B0005DF804EB04B07047002383F31188BFF374
:1039C0006F8F0423184602DF70470FB407B504A9B0
:1039D00051F8040B0191FCF7EDFE03B05DF804EB28
:1039E00004B07047038B13F0070305D10368002B65
:1039F0000CBF002003207047022B05D1408BB0FA8A
:103A000080F0400980007047012B05D10368002B2E
:103A10000CBF0020052070470020704710B50C46F1
:103A200000B111B96FF0150010BD081D00F03CF891
:103A30000028F9D1A368032BF6D9F3E72DE9F0416B
:103A40000D4607461946281D90461E46FDF7ACF860
:103A5000044638B13346424629463846A446BDE8B6
:103A6000F0416047BDE8F08110B4EFF311822024EB
:103A700084F31288BFF36F8F416110BC0121FCF702
:103A8000B1BE38B50C46054658B151B10B6843B1CB
:103A90004B6833B11C22002100F017FC00202C6180
:103AA00038BD6FF01500FBE7034658B1426802F0DD
:103AB0000302012A03D0032A04D1026812B10020B4
:103AC000986070476FF01500704770470FB407B5E6
:103AD00004A951F8040B0191FCF76CFE03B05DF8EA
:103AE00004EB04B0704743680A689A428FBF002312
:103AF0004A6801209B1888BF18464B607047F0B594
:103B00008368044685B0002B3CD0D0E90467016A85
:103B100033448B4215D98269934235D8C06801AAD3
:103B2000394400F096F9002835D1DDE90112E0684A
:103B300083689B6863B3984768BB236A029A1344FF
:103B40002362626AA368B3FBF2F502FB15353DB14F
:103B50002068551B2A4694F82810184400F0B5FB3D
:103B6000A368E06822683E442B4481684D68314672
:103B7000A84758B9E369ABB92369A2681344236124
:103B80000023A360002001E06FF0210005B0F0BD2C
:103B90006FF05700FAE70028F8DBD2E7135CDB434D
:103BA00013540130A36822688342F7D8E068816823
:103BB0000D683146A8470028E8D13246E369A1687C
:103BC000206898470028D7D0E0E72DE9F0478946DC
:103BD00016469846044698B382680369134482697E
:103BE0003344934230D80025D4E90170A6EB050A8E
:103BF0003F1ABA4515D2B54209D223685246184435
:103C000009EB050100F054FBA3685344A360B8F12D
:103C1000000F1CD0A068A8B12046BDE8F047FFF710
:103C20006EBF23683A46184409EB050100F040FBDB
:103C300063682046A360FFF762FF18B93D44D3E7ED
:103C40006FF00D00BDE8F0876FF00B00FAE740461B
:103C5000F8E700F03ABB00F02BBB012801D1EFF3ED
:103C60000583FFF725B801460068FFF7F6BF08B5E2
:103C7000FDF73CF8BDE8084000F000B870470021AF
:103C80000120FFF7EABF08B5FDF74AFAFDF706F88D
:103C9000FDF710F8FDF776FAFFF75CF861B662B64B
:103CA00080F31188BFF36F8F7047EFF311802023EB
:103CB00083F31288BFF36F8F704710B50446FDF78A
:103CC000B7FA72B6002383F31188BFF36F8FFDF745
:103CD0002DFB50B1BFF34F8F20BF00BF00BF00BF0F
:103CE00000BF00BF00BF00BF00BF84F31188BFF357
:103CF0006F8F62B610BD08B5FDF762FA002008BDEF
:103D0000F0B5D0F80473064617F002001CBFC2F1EC
:103D1000807018604FF0000518BF01204FF0010CB3
:103D20004FF4803E0CFA05F40C4214D00EFA05F460
:103D30003C4210D005F5A87456F82440A41A34F07B
:103D40007F4408BF4FF0807408B91C6002E0186817
:103D5000A042FAD801200135042DE3D1F0BDFDF7D2
:103D600055BAF8B5069F0469C9B2EFF3118620254C
:103D700085F31288BFF36F8F0C2569430C44256CC3
:103D800005F0070CBCF1010F0BD1276486F31188F5
:103D9000BFF36F8FC4E90E2343685B589847002038
:103DA000F8BD05F0C005AF4286F31188BFF36F8FF1
:103DB0000CBF6FF077004FF0FF30F1E713B58024B0
:103DC0000094FFF7CEFF02B010BD6FF08500704782
:103DD00010B41C240069CBB203FB0400002110BC0A
:103DE0001047FEF781BEFEF72DBE8022FDF7BEBB59
:103DF000F7B51C460023164682682360A3600D4673
:103E00005369694601AA9847019B5A1E01921BB942
:103E10006FF0150003B0F0BD0098A26847682168F4
:103E2000676085B9B31AD0F800C0634528BF634600
:103E300003FB07111A442160A26002689A4206D867
:103E400008300090E0E76B1AB3FBF7F3EBE70020D4
:103E5000E0E713460022FFF7CBBF2DE9F04700242F
:103E6000836886B0884691465B6902AA01A9984793
:103E7000A2462546029BAB4202D806B0BDE8F087B9
:103E80000026019F07EBC5077B6804933A680AEB9D
:103E90000603B24202D89A460135EBE7494603943D
:103EA000059303A8C0470028E7D0049B01361C44B3
:103EB000ECE710B50C4600F0C6F90023C4E9000396
:103EC000184610BD38B505460C4600F0BCF9002D6B
:103ED00007DBA84205D9401B84428CBF002001208B
:103EE00038BD0020FCE770B50C46154600F0AEF971
:103EF000294606462046FFF7E5FFC8B1B4FBF6F3B6
:103F000006FB1343A3B9B5FBF6F306FB13537BB9CA
:103F1000AE4201D9002070BD00F098F9064604F1C8
:103F200080742046FEF750FEAD1B3444F9D1F1E712
:103F30006FF01500EFE770B50D4619462846164696
:103F40001C46FFF7BFFF40B12CB12246304605F1B9
:103F5000807100F0ADF9002070BD6FF01500FBE737
:103F600030B543681360057A446804EBC504A34286
:103F700002D36FF0010030BD5C798C4201D0083370
:103F8000F0E70020F7E743681B68D3F88004C3F824
:103F90008004704742681368D3F8100150B10020C4
:103FA000126A12780A70C3F81001D3F810210122A6
:103FB0001A6070474FF0FF30704702680346D2F82E
:103FC000580140B95B68DB0706D4D2F820010038FD
:103FD00018BF012070470120704713B501AA04469D
:103FE000FFF7BEFF002805DB019B226819791868DE
:103FF000FDF706FD02B010BD2DE9F0410546002297
:1040000001211320FDF766F81320FDF747F86C68CF
:104010000121E068FFF7E1FF6B6819682369C1F8C7
:104020002435A27D637D207D1343228B02431343FD
:10403000C1F86C356E68D6E9004313F001033DD03A
:104040000027D5F8108004F10C01C4F8A07108F124
:104050000802C4F88C7004F5907000F0B4F80028E1
:104060002ADB98F80800FEF78DFB0823C4F800351A
:10407000F369C4F844350123C4F84875A360D4F843
:104080005831002BFBD00021C4F800156D68E8689A
:104090002C68FFF7A2FF0823C4F800352A7A52B92A
:1040A0002B6AC4F834350123C4F83835C4F810211C
:1040B000D4F8102123600020BDE8F0810822C4F864
:1040C0000025F269C4F84425C4F848350123A360EB
:1040D000D4F82031002BFBD00023C4F82031D4F8D1
:1040E00020310123E3604FF48073C4F80433C6E742
:1040F000704708B5FDF77CFD08BD0222FDF746BFFD
:10410000002008B5FDF7D6F9002070470020704761
:1041100008B5FFF7F9FF08B9FFF7F8FF08BD30B59C
:1041200089B0154601230A460146684600F00EF89C
:10413000044640B9202269462846FCF77FF800284B
:1041400008BF6FF06404204609B030BD08B5FEF723
:1041500069FF002008BD70B5054608460C46FEF70D
:1041600059F82146024601232846BDE87040FEF773
:1041700061B803465A6B00233C309A4200D1704725
:10418000C16801330844F8E703460020184700F0EF
:1041900062B8024610B5116891B1B1FA81F3C3F16A
:1041A0001F000123834021EA0303D2E8EF4F8C4232
:1041B00004D1C2E8EC3FBCF1000FF6D1EBD110BD49
:1041C0006FF00B00FBE770B5D0F880300646002B8F
:1041D0000C46154613DBD1F88030002B0FDB002195
:1041E0000846FEF7B1FA48B92B7843F00043C6F809
:1041F00080302B7843F00043C4F8803070BD6FF0FE
:104200001500FBE741F00041C0F880100020704726
:1042100008B5FEF7D3FBBDE80840FEF77FBC0346B8
:1042200003F17F42B2F5802F08460AD351B103F162
:104230007E4000F50040B0F5607F2CBF00200120DB
:104240007047012070474FF4802070474FF40060A2
:1042500070478020704708B1FDF71AB9704740B128
:10426000C368587810F001001EBF1878B0FA80F0CB
:1042700040097047EFF30580003818BF01207047F0
:1042800008B50246FEF7B6FD70B1D0E904319B1ABD
:1042900061EBE272B3F1004F72F1000104DA002A1F
:1042A000ACBF1846002008BD6FF00040FBE7704728
:1042B0000A44431E914200D1704710B511F8014BDA
:1042C000914203F8014FF9D110BD024403469342D5
:1042D00000D1704703F8011BF9E70139024410B51A
:1042E000904201D1002005E0037811F8014FA3426C
:1042F00001D0181B10BD0130F2E70246014410B591
:104300008A42134603D01C780132002CF8D1181AC7
:1043100010BDF0B5C3F13707044603F01F03104684
:10432000FFB2082BE6B232D0102B3DD06508A408AE
:1043300045EAC17544EA81748A082D1942EB51029D
:10434000290941EA02716D1842EB1212290A41EA69
:1043500002616D1842EB1222290C41EA02416D18EC
:1043600042EB1242AD1842F10002EC0844EA4274FA
:10437000D10804EB8402A6EB4205EDB2092D0CD95D
:104380000134A5F10A0541F10001EDB212E0E408A3
:1043900006F0070544EA4174C908303554EA0102C1
:1043A00000F8015BBDD1F0BD240906F00F0544EA19
:1043B00001740909092D84BFED19EDB2EDE7000084
:1043C000D9140001000000000000000008440001B2
:1043D0000000000024440001D91800010000000082
:1043E000711E000100000000E91100010000000042
:1043F0000000000040440001ED2400010000000026
:10440000810C000100000000324A0001104600014A
:10441000644500014C0000214001002111160001FB
:1044200000000000A34A0001304600018045000161
:10443000500000219C010021F93F00010000000014
:104440004D4A0001000000004C4500014E000021D3
:104450000000000041190001000000000000000001
:104460007F3C0001000000007F3C000100000000D4
:104470007F3C0001000000007F3C000100000000C4
:104480007F3C000111420001894100010000000051
:104490007F3C0001000000007F3C000100000000A4
:1044A0007F3C0001000000007F3C00010000000094
:1044B0007F3C0001000000007F3C00010000000084
:1044C0007F3C0001000000007F3C00010000000074
:1044D0007F3C0001000000007F3C00010000000064
:1044E0007F3C0001000000007F3C00010000000054
:1044F0007F3C0001000000007F3C00010000000044
:104500007F3C0001000000007F3C00010000000033
:10451000351C0001000000007F3C0001000000008D
:104520007F3C0001000000007F3C00010000000013
:104530007F3C0001000000007F3C00010000000003
:104540007F3C0001000000007F3C0001373F00017C
:1045500059190001E73E000139190001B33E00017D
:1045600029190001CB3D0001EB3D0001BD3D0001DB
:1045700000000000391500010000000000000000EC
:10458000953F0001411B0001873F0001C14D000123
:044590000300000024
:1045A000DEE61E284CBBCE8F02350000DEE61E285C
:1045B0004CBBCE8F02350000DEE61E288384518678
:1045C00002350100DEE61E28EAAC45B802350000DF
:1045D000DEE61E284CBBCE8F023500000000000036
:1045E0000338FDD870470000000000000002000002
:1045F000000400000006000000080000000E00009B
:1046000000100000F5140001E11500010000000099
:104610003D17000169160001414A0001E73D000114
:10462000E33D0001474A00010400000000FF0000D4
:10463000003001410100000000000000544600016C
:104640000000D6010000000000000000DE01002193
:10465000DD01002100300141604600010100000041
:104660006846000104000000280000002A00000144
:1046700027000002290000030000000000020000E3
:10468000000400000006000000080000000E00000A
:104690000010000000000000000200000004000004
:1046A0000006000000080000000E000000100000DE
:1046B000C0430001C8430001E0430001E84300019A
:1046C0000044000108440001982F8A429144377148
:1046D000CFFBC0B5A5DBB5E95BC25639F111F15985
:1046E000A4823F92D55E1CAB98AA07D8015B8312C7
:1046F000BE853124C37D0C55745DBE72FEB1DE8073
:10470000A706DC9B74F19BC1C1699BE48647BEEFA1
:10471000C69DC10FCCA10C246F2CE92DAA84744A2C
:10472000DCA9B05CDA88F97652513E986DC631A8A2
:10473000C82703B0C77F59BFF30BE0C64791A7D581
:104740005163CA0667292914850AB72738211B2E09
:10475000FC6D2C4D130D385354730A65BB0A6A76F1
:104760002EC9C281852C7292A1E8BFA24B661AA8FD
:10477000708B4BC2A3516CC719E892D1240699D60D
:1047800085350EF470A06A1016C1A419086C371E86
:104790004C774827B5BCB034B30C1C394AAAD84E64
:1047A0004FCA9C5BF36F2E68EE828F746F63A5789F
:1047B0001478C8840802C78CFAFFBE90EB6C50A432
:1047C000F7A3F9BEF27871C6466C61736820646520
:1047D00076696365206E6F742072656164790A0082
:1047E0004661696C656420746F2070726F746563D4
:1047F000742062306E20666C6173682C2063616E79
:1048000063656C20737461727475700A0D00556E67
:1048100061626C6520746F2066696E642076616CDD
:104820006964206669726D7761726520696E73696B
:1048300064652025700A0D004661696C656420740A
:104840006F207472616E7366657220696D61676551
:104850003A2025640A0D004661696C656420746F16
:104860002070726F746563742061707020666C6173
:1048700073683A2025640A0D00574553545F544F1E
:10488000504449522F7A65706879722F6C69622F93
:10489000686561702F686561702E630041535345F0
:1048A0005254494F4E204641494C20402025733AEE
:1048B00025640A00574553545F544F504449522FC2
:1048C0007A65706879722F6C69622F7574696C7380
:1048D0002F6F6E6F66662E6300574553545F544FBB
:1048E000504449522F7A65706879722F6C69622F33
:1048F0007574696C732F6E6F746966792E63002A04
:104900002A2A20426F6F74696E67206E52462043D8
:104910006F6E6E6563742053444B2076332E332EB6
:10492000302D366637306538373664663334202AA2
:104930002A2A0A002A2A2A205573696E67205A6596
:1049400070687972204F532076342E332E39392DEA
:10495000313437386534386632313932202A2A2AE0
:104960000A00574553545F544F504449522F7A65BB
:10497000706879722F617263682F61726D2F636F37
:1049800072652F636F727465785F6D2F6661756CE9
:10499000742E6300574553545F544F504449522F6F
:1049A0007A65706879722F617263682F61726D2FFA
:1049B000636F72652F636F727465785F6D2F6972B4
:1049C000715F6D616E6167652E6300574553545F7B
:1049D000544F504449522F7A65706879722F736F23
:1049E000632F6E6F726469632F6E726635332F7337
:1049F0006F632E6300574553545F544F50444952E0
:104A00002F7A65706879722F647269766572732F78
:104A1000636C6F636B5F636F6E74726F6C2F636C2C
:104A20006F636B5F636F6E74726F6C5F6E72662E16
:104A30006300636C6F636B4034313030353030303D
:104A4000006866636C6B006C66636C6B00666C611F
:104A500073682D636F6E74726F6C6C657240343165
:104A600030383030303000574553545F544F504445
:104A700049522F6D6F64756C65732F68616C2F6E72
:104A80006F726469632F6E7266782F68616C2F6E27
:104A900072665F6770696F2E68000001020304058B
:104AA00006070B7561727440343130313330303069
:104AB00000574553545F544F504449522F6E72660D
:104AC0002F6C69622F6670726F746563742F6670E5
:104AD000726F746563745F61636C2E630057455336
:104AE000545F544F504449522F6D6F64756C657319
:104AF0002F68616C2F6E6F726469632F6E726678B7
:104B00002F68616C2F6E72665F61636C2E68004265
:104B10006F6F74696E67202830782578292E0D0A0A
:104B2000004661696C656420746F2070726F7669ED
:104B3000646520657874204150497320746F206942
:104B40006D6167652C20626F6F742061626F727493
:104B500065642E0D0A0025633A20496E76616C6902
:104B600064206669726D7761726520696E666F2078
:104B7000666F726D61742E0A0025633A2054686571
:104B8000206669726D7761726520646F65736E2748
:104B9000742062656C6F6E67206174206465737445
:104BA000696E6174696F6E20616464722E0A0025FB
:104BB000633A2073726320616E6420647374206DA5
:104BC00075737420626520657175616C20666F7203
:104BD000206C6F63616C2063616C6C732E0A00251E
:104BE000633A204669726D7761726520696E666FFF
:104BF00020646F65736E277420706F696E74207403
:104C00006F20697473656C662E0A0025633A20462E
:104C100069726D7761726520686173206265656E87
:104C200020696E76616C6964617465643A203078DD
:104C300025782E0A0025633A20547279696E672020
:104C4000746F20676574204669726D7761726520A4
:104C500076657273696F6E0A0025633A2046697241
:104C60006D7761726520696E666F206973206E6F63
:104C7000742077697468696E207369676E65642053
:104C8000726567696F6E2E0A0025633A20426F6F66
:104C9000742061646472657373206973206E6F742D
:104CA0002077697468696E207369676E6564207225
:104CB0006567696F6E2E0A0025633A205265736539
:104CC000742068616E646C6572206973206E6F7405
:104CD0002077697468696E207369676E65642072F5
:104CE0006567696F6E2E0A0025633A20436F756C05
:104CF00064206E6F742066696E642076616C6964EE
:104D0000206669726D776172652076616C69646195
:104D100074696F6E20696E666F2E0A0025633A20F3
:104D200056616C69646174696F6E20696E666F208C
:104D3000646F65736E27742062656C6F6E67207494
:104D40006F2074686973206669726D776172652E71
:104D50000A0025633A20626C5F63727970746F5F3A
:104D6000696E697428292072657475726E65642095
:104D700025642E0A0025633A204669726D776172B8
:104D8000652076616C69646174696F6E2066616923
:104D90006C65642077697468206572726F72202573
:104DA000642E0A0025633A204669726D7761726548
:104DB00020686173682076657269666965642E0A89
:104DC00000626C5F76616C69646174696F6E004546
:104DD00052524F523A2043616E6E6F742066756C6A
:104DE00066696C6C204558545F415049207265716A
:104DF000756573742E0D0A005741524E494E473A5D
:104E0000204F7074696F6E616C204558545F41503B
:104E1000492072657175657374206E6F74206675B4
:104E20006C66696C6C65642E0D0A0000000001015F
:104E3000000000574553545F544F504449522F6D62
:104E40006F64756C65732F68616C2F6E6F72646927
:104E5000632F6E7266782F68656C706572732F6E43
:104E60007266785F677070695F647070692E630046
:104E7000574553545F544F504449522F6D6F6475DA
:104E80006C65732F68616C2F6E6F726469632F6E2F
:104E90007266782F647269766572732F7372632FEE
:104EA0006E7266785F636C6F636B2E630057455359
:104EB000545F544F504449522F6D6F64756C657345
:104EC0002F68616C2F6E6F726469632F6E726678E3
:104ED0002F647269766572732F7372632F6E7266B8
:104EE000785F636C6F636B5F6866636C6B2E6300E7
:104EF000574553545F544F504449522F6D6F64755A
:104F00006C65732F68616C2F6E6F726469632F6EAE
:104F10007266782F647269766572732F7372632F6D
:104F20006E7266785F636C6F636B5F6C66636C6BED
:104F30002E6300574553545F544F504449522F6DD0
:104F40006F64756C65732F68616C2F6E6F72646926
:104F5000632F6E7266782F647269766572732F7331
:104F600072632F6E7266785F6E766D632E63005784
:104F70004553545F544F504449522F7A65706879B5
:104F8000722F6B65726E656C2F6465766963652E32
:104F90006300574553545F544F504449522F7A652C
:104FA000706879722F6B65726E656C2F66617461C3
:104FB0006C2E6300574553545F544F504449522F51
:104FC0007A65706879722F6B65726E656C2F696E89
:104FD00069742E6300286E756C6C29002A666C6FEC
:104FE00061742A00000000012DE9F043DFF818C0C9
:104FF000064F86464FF004584FF48039A7EB0C0754
:1050000070460047BDE8F083000000212800002121
:105010009B39000100000000F73C00010000000087
:1050200000000000000000200090D0034400002198
:1050300044000021000000000000000015E015E021
:1085A800008800010088000101000000FFFFFA5068
:1085B800E457BD3B3A7AEBFB51140F2403C4AF04D4
:10880000B88B00219150020119DA02017D5002015A
:108810007D5002017D5002017D50020100000000E8
:10882000000000000000000000000000ED51020107
:108830007D500201000000008D5102017D500201B7
:10884000955302019553020195530201955302017C
:10885000955302019553020195530201955302016C
:108860000BDF02019553020195530201955302015A
:1088700021DF020195530201955302019553020134
:1088800095530201F1DE0201955302019553020155
:10889000955302019553020195530201955302012C
:1088A000955302019553020195530201955302011C
:1088B00095530201955302010000000000000000E2
:1088C00000000000000000000000000000000000A8
:1088D0000000000000000000000000000000000098
:1088E0000000000000000000000000000000000088
:1088F0000000000000000000000000000000000078
:108900000000000000000000000000000000000067
:108910000000000000000000000000000000000057
:108920000000000000000000000000000000000047
:108930000000000000000000000000000000000037
:108940000000000000000000000000000000000027
:108950000000000000000000000000000000000017
:108960000000000000000000000000000000000007
:1089700000000000000000000000000000000000F7
:1089800000000000000000000000000000000000E7
:1089900000000000000000000000000000000000D7
:1089A00000000000000000000000000000000000C7
:1089B00000000000000000000000000000000000B7
:1089C00000000000000000000000000000000000A7
:1089D0000000000000000000000000000000000097
:1089E0000000000000000000000000000000000087
:1089F0000000000000000000000000000000000077
:108A0000DEE61E284CBBCE8F023500003C00000085
:108A1000809502000100000000880001008800012C
:108A2000FFFF0291000000000000000000000000B5
:108A3000000000000000000000000000054B0022C4
:108A40001B78826001330260034A4260C371FF23D6
:108A5000037270473003002180010800064A074B6B
:108A600002604FF422729B7882800822C371002337
:108A700082710372704700BFFB370201300300218F
:108A8000064A074B02604FF43E72DB788280082270
:108A9000C371002382710372704700BF2B3502013E
:108AA00030030021064A074B02604FF4C472DB7AA0
:108AB00082800822C371FF2382710372704700BF56
:108AC000AB2F0201300300212DE9F341C41D002822
:108AD000064624F007040CBF0020204600F07AFC74
:108AE000071E04DA6FF00B0002B0BDE8F081374DCD
:108AF000E988A88803316B7A03302A7A89B280B278
:108B000016F059FB0028EDDB3C44A978EB78002EE9
:108B100004F10304194424F0030400FB01F10CBF29
:108B20000020204600F0E6FD20440EB90028D9DBE5
:108B3000EA7A0446B2B1EB7B697C13441944FF29FD
:108B4000D0D80330002EAA89C9B220F003040CBF8C
:108B50000020204600F040FE0028C3DB04440EB98C
:108B6000002CBFDB012000F02BFCB0B1A97BA1B130
:108B700095F82A3033B340234FF481720734002E26
:108B800024F007040CBF0020204605F02FFA00282F
:108B9000A8DB04440EB9002CA4DBAB7AFBB1EB7A62
:108BA000B3B10734002EA97A24F007040CBF0020CB
:108BB00020460BF02DF9002894DB04447EB9002CEC
:108BC0000DDA8FE725232822D8E700BF30030021E4
:108BD000012000F0F5FB10B1AB7B002BE1D1734B12
:108BE0001B6893B1A97D81B10334002EEA7D24F086
:108BF00003040CBF0020204698470028FFF672AF00
:108C0000044416B9002CFFF66DAF694B1B688BB19D
:108C1000297C79B10334002E24F003040CBF00201A
:108C2000204698470028FFF65DAF044416B9002C93
:108C3000FFF658AF5F4B1F68B7B1697CA1B1033431
:108C4000002E2B7D24F0030408BF0020009318BFE2
:108C50002046EB7CAA7CB8470028FFF643AF0444CB
:108C600016B9002CFFF63EAF072000F0A9FB98B123
:108C7000A97D89B10334002E2A7E24F003040CBFA1
:108C80000020204600F096FE0028FFF62BAF04449B
:108C900016B9002CFFF626AFB6FA86F795F8230032
:108CA0007F09A0B103346B7FA97E24F00704194427
:108CB0003B4644F00404C9B2224600F0BBFE002843
:108CC000FFF610AF044416B9002CFFF60BAF95F871
:108CD000241000294CD004F10708002EEA8C28F05B
:108CE00007080CBF0020404616F079FA041EFFF674
:108CF000F9AE4444002E3ED1002CFFF6F3AEA97F1E
:108D0000002945D095F82230002B41D02A8C073419
:108D1000002E02F1240224F007080CBF0020404678
:108D200092B216F05CFA0028FFF6DCAE404416B9A9
:108D30000028FFF6D7AE03302B7FA97E20F0070076
:108D400019443B4640F0040495F82200C9B222467B
:108D500000F062FE0028FFF6C5AE044486B9002C80
:108D6000FFF6C0AEEB6AF3B1C6B1EC620020BBE621
:108D7000002EC4D08846E98C404612F0E1FCBEE7E4
:108D80002A8C4046A97F083292B212F0DFFCE9E754
:108D9000002EE7D0002211461046F6E728343FF5B2
:108DA000A1AE2046A0E6002EE0D1FAE73410002163
:108DB000381000213C1000211FB572B6194B1C6BF6
:108DC000ECB9BFF34F8F1849184BCA6802F4E06240
:108DD0001343CB60BFF34F8F00BFFDE7B2FBF6F24A
:108DE0002B465D1C002AF9D1DBB203F110056D445E
:108DF00005F80C2C0A2233B901A8A047E1E7024686
:108E000000230A26EDE7013BDBB203F110050DEB71
:108E10000506B0FBF2F502FB1500303006F80C0C2D
:108E20002846E8E73003002100ED00E00400FA05E1
:108E300013B5124C68462389ADF80030E388ADF8CD
:108E40000430A388ADF8023008F0B8FE18B1FC2158
:108E50009C20FFF7B1FF207D08F014FF08B1FF212F
:108E6000F6E7E07C08F008FF10B14FF48071EFE7FF
:108E700094F8280010F096FD02B010BD30030021D8
:108E800038B5054600283DD015F012F910B94FF05D
:108E9000FF3038BD13F01AF8B0F5FA7FF7D81B4C45
:108EA000002125631B2504F10F0084F834102A46A5
:108EB000217084F82A10E16215F05EFB0123032182
:108EC00008200222A370E370E372A3742376F723D1
:108ED00021722384FB23A0721F20A1734921E38404
:108EE0000A23A580E5806272A081E174E27584F8AE
:108EF0002830EFF3108472B600F0ACFD04B962B60E
:108F00000020C6E76FF01500C3E700BF3003002163
:108F100038B51446002840F0C480634D95F83430CD
:108F2000032B00F0BB80B9B112B96FF0150038BD4A
:108F30000139172900F2B580DFE801F00C1D203659
:108F40006069873C6C6F814248565B8D909FA2A5FB
:108F500096B3B3A81378AB700020FFF7B5FD0028D7
:108F6000B7BF012302236FF00B0085F83430A8BF90
:108F700085F83430DBE71378EB70EDE71379002BDD
:108F8000D3D05379002BD0D01288FB2ACDD8638858
:108F90001B3B9BB2E02BC8D81A2AC6D92368A288EB
:108FA0006B60424B9A80D7E71378EA7B9342BCD33D
:108FB000EB72D1E71378EA7A9342B6D8EB73CBE73A
:108FC0001378EA7A9342B0D86B74C5E71378002B14
:108FD000ABD05378013BDBB2F82BA6D8138892783C
:108FE0006B82334B9A70B7E71078687510F072FC9B
:108FF000B2E71378002B98D02B76ADE7012000F074
:10900000DFF9237808B1012B8FD9AB73A4E713885C
:10901000AB81A1E71378AB759EE7072000F0D0F98C
:1090200010B92378012B80D9072000F0C9F918B1B5
:109030002378002B3FF479AF2378EB758CE7137816
:10904000082B3FF672AF2B7486E71388FF2B3FF691
:109050006CAFAB7280E713786B767DE713780E2BDD
:109060003FF663AFAB7677E72368124AC5F81E3048
:1090700063685360238913816EE71378EB766BE79F
:1090800013786B7768E713782B7765E713785A1EA8
:10909000092A3FF64AAF85F828305DE74FF0FF30E8
:1090A00045E76FF02C0042E7300300213403002134
:1090B000420300214E030021F8B50D46064630B3A9
:1090C00029B311F0070422D1124F97F83430012B45
:1090D00002D16FF00B00F8BD032B02D14FF0FF302F
:1090E000F9E700F089F80028F8D02846FFF7ECFCF3
:1090F0000028EEDB10F05CFC3046F96A08F05AFEFE
:10910000FFF796FE0323204687F83430E3E76FF03D
:109110001500E0E73003002110B5074C94F8343017
:10912000032B03D108F05EFE09F008FE16F0A3F948
:10913000002084F8340010BD3003002150B1074BEB
:1091400003F1140253F8041B934240F8041BF9D1B5
:10915000002070476FF01500704700BF1F1A030111
:1091600008B5064B93F83430032B03D007F0F2FC1C
:10917000002008BD4FF0FF30FBE700BF30030021A7
:1091800008B508F0B9FD03490320BDE8084000F028
:109190000FB900BFA58A000108B508F0C7FD034953
:1091A0000220BDE8084000F003B900BF818A000139
:1091B00008B508F0DDFD0649012000F0F9F8054981
:1091C000002000F0F5F8044B012283F82A2008BDA6
:1091D0003D8A00015D8A0001300300210268002001
:1091E000014B1A60704700BF68030021014B1B68E8
:1091F000184700BF68030021024B1868003818BFE9
:109200000120704768030021074B4FF0FF3141F602
:10921000FF72C3E9001205490022C1E900221F21A3
:10922000C3E90212704700BF000000216C03002157
:109230003F280CD801380B4BC0F3421200F01F003E
:1092400053F8223023FA00F000F001007047FF28A5
:1092500006D04038044BC0F3421200F01F00EFE785
:1092600001207047000000216C030021074B0146DC
:10927000006849681A4603C240F48C2200201A6034
:1092800041F0107242F4FF625A6070470000002102
:109290000246034B0068516803C30020704700BFBB
:1092A0006C0300210246034B0068516803C3002091
:1092B000704700BF08000021431E3828DBB21FBFE3
:1092C000064A590903F01F0302EB81021DBF906893
:1092D000D84000F001000020704700BF00000021CE
:1092E0000A8870B595B2C67CC2F30E0204880236B5
:1092F00002F118033444C35AA4B233442344013B5B
:10930000B3FBF4F303FB0422438892B29342044B71
:109310008BBF2B40AB4313439BB20B8070BD00BF90
:109320000080FFFF4A1E062A08B50346084604D8F7
:109330004FF4D1711520FFF73FFD094A914202D940
:1093400040F2A311F6E711B903B1196008BD2BB1C2
:109350001B680022C3E901211A1D1A600430F5E7D9
:10936000FAFFFF7F10B5114B00EB41041A786389B7
:10937000B3FBF2F303FB0223013A1A44B2F5706F18
:109380000279807828BF00231A440B18B2FBF0F151
:1093900000FB11215B1AB3FBF0F100FB1133134406
:1093A0006FEA43436FEA5343638110BD74030021A6
:1093B000024B03EB80035960704700BF7403002128
:1093C000034B03EB80035868003818BF0120704737
:1093D000740300212DE9F04F10F0070A85B005460F
:1093E00004D040F26F111720FFF7E6FC534F0446FC
:1093F0004FF0010B07F14C06B146B04657F8043B5D
:109400008DF80BA03BB101A898479DF80A30082BB6
:1094100001D9F521E7E79DF80B1041BB05B131609B
:109420004F4506F10406E9D1002D6FD00022DFF888
:1094300010911227964689F8002058F827A0013F7E
:10944000BAF1000F55D09AF804609AF802C0FF2EC6
:1094500060D039460023481C38D19C44BCF1FF0F32
:109460003FD90AB189F800E04FF49A71BBE79DF843
:109470000AC04B1D60465A0004EB4303022838BF64
:109480000220441E40422344BDF808406444CCF10D
:10949000000C0340013C04EA0C04B4F5803F02D305
:1094A00040F205119FE775B19A1A326091701480ED
:1094B00082F803B09DF80C00107101984FEA104C2F
:1094C0001081A2F806C004FB0134A9E758F8210076
:1094D00028B190F804B0B34504BF80781B18013957
:1094E000B9E7DBB2E6458AF804303CBF5FFA8CFE90
:1094F00001227B1CA1D10AB189F800E0122640F6B6
:10950000FF6A58F82670B7B9013EFAD2601B05B061
:10951000BDE8F08F0023E5E707EB410309F10109FE
:109520003846A3F80AA0FFF71DFF5FFA89F1BB7860
:109530008B42F1D8E8E74FF00009F6E77803002105
:1095400074030021034B03EB8003186D00B1807896
:10955000704700BF7403002138B54FF6FF73024611
:109560000380184B03EB8103186DA8B1847803794D
:10957000B3FBF4F104FB1133DBB2194600EB4105F8
:10958000B5F90A50002D0EDB0131B1FBF4F504FBF7
:109590001511C9B28B42F1D1002038BD6381BDE8FD
:1095A000384015F0E4BD00EB41046389C3F30E03BA
:1095B0001380C278002AF1D14FF4E5711720FFF72C
:1095C000FBFB00BF740300211C4B03EB810370B550
:1095D0001C6D054644B3030404D54FF4EC71172009
:1095E000FFF7EAFB0146204615F0A4FDFF280146DF
:1095F00004D02046BDE8704015F0B9BDA078B5FB99
:10960000F0F300FB1353DBB219460A1D04EB4206CC
:10961000B6F90260002E09DB0131B1FBF0F200FB6C
:109620001211C9B28B42F0D1002070BD8B4201D023
:109630000023E37004EB42025580DAE77403002153
:10964000094B03EB8103014610B51C6D204615F054
:1096500071FDFF28014604D02046BDE8104015F0FA
:1096600086BD002010BD00BF74030021F8B5104B6B
:10967000074603EB810301461C6D204615F05AFD99
:10968000FF28054611D0E288238953EA024606D016
:109690000146204615F06BFD01463846B04720468E
:1096A0002946FFF75FFE0020F8BD0520FCE700BF5C
:1096B0007403002138B50E4B0446827903EB820314
:1096C000186D08B9052038BD8278E1799142F9D248
:1096D0004B1CE37100EB41035D89B3F90A30002BA9
:1096E000F3DBA58015F043FD20600020EBE700BF11
:1096F0007403002170B5044610F003000E4603D039
:109700004E211820FFF758FBFFF70CFE054624B149
:10971000034831460460FFF705FE284670BD00BFD0
:10972000100400212DE9F14FDFF870B01E46074606
:109730000D46DBF8003090469DF828A09DF82C904F
:109740001BB960211820FFF737FB5246092140461C
:1097500015F074FB4A4684B20921304615F06EFBC1
:1097600081B2DBF80000214415F0B8FC386018B96C
:10977000286001B0BDE8F08F0444534641460922F9
:109780002C60386815F01DFB4B46092231462868CD
:1097900001B0BDE8F04F15F014BB00BF100400216C
:1097A00070B50E46044615F05CFB0546304615F0D4
:1097B00058FB044B2A1821461868BDE8704015F084
:1097C000B2BC00BF10040021024B186808B115F0AC
:1097D00079BC7047100400211F2AF8B504461346CF
:1097E0000ED89200033222F00303B3F5803F2DD24E
:1097F000184DACB1A00710D068210920FFF7DCFAA2
:10980000FF2B4FEA420204D9FF339A42A8BF1A46FF
:10981000E8E77C2AB8BF7C22E4E729706C602B81E2
:1098200022F0030228230127120403FB01F06B68D6
:109830000025120CEEB2B14200D8F8BD14B12618C2
:109840001F705E60104401352833F3E74FF0FF309E
:10985000F3E700BF14040021154A002170B55368D6
:109860001578C8B2854203D8BA210920FFF7A4FAB7
:109870001C461846013114F8286B0EB92346F0E750
:109880000021997001241289996103F126055C7009
:109890009208D96103F11E04596824F8022FA542E9
:1098A00043F8041F1144F8D100234361037070BDD5
:1098B000140400210A4B1B89B3F5FF7F4FEA930084
:1098C00006D25A089B1A9BB2984238BF1846704776
:1098D000B3F5EE6F01D8FF22F4E740F27263F3E7CD
:1098E000140400214B782DE9F04106460C4602F0A5
:1098F000040702F0FB05E3B1A5BBFF23A3707B08BF
:1099000004EB57073A7D032A02D1022D18BF013319
:10991000E2180121117503F10C01002204EB83030D
:1099200024F811205B68A27030463360B280BDE835
:10993000F081002DE1D1012301F11E028D6120464D
:109940004B7004F1260C1A4BCD611B8949689B08AA
:1099500022F8023F944540F8041F1944F8D100232F
:109960006361CAE7D1F8048014220021A018617055
:1099700014F002FE0E4B1B89B3F5FF7F0FD25A087D
:109980009B1A9BB208EB0301C4F804802384A160F6
:109990006284C4F80C80A3842161E284ADE7B3F54E
:1099A000EE6F4FF0FF02EBD940F27263EAE700BFBF
:1099B000140400212DE9F84305460C46F720052143
:1099C000914615F03BFA061E21DB1DB906FB04F09B
:1099D000BDE8F88315F0030703D098211920FFF79D
:1099E000EBF9DFF83080C8F81050A8F81460BBB26B
:1099F0009C42EBD9B8F814504B46D8F81000052219
:109A0000F72107FB0500013715F0DBF9EFE74FF011
:109A1000FF30DDE72804002107B5CDE900230B4620
:109A200003490246081D15F000FD03B05DF804FB74
:109A30004004002113B5064CCDE900230B46024635
:109A400004F1080104F10C0015F0EFFC02B010BDA8
:109A500040040021144B012200214FF0FF309A6096
:109A6000C3F80012C3F80803C3F80015C3F80425AF
:109A70009A60C3F808034FF48040C3F80015C3F898
:109A8000042503F5805341F6F8720849C3F8082508
:109A9000C1F88000BFF34F8FBFF36F8FC1F8800113
:109AA000C3F80825704700BF00E0004100E100E076
:109AB0008C463422064B00B50CF8032B8E4607CBA0
:109AC000CEF80300CCF80410CCF808205DF804FBB5
:109AD0005C0400212DE9F0411C4D044600F0010713
:109AE00095F82460B6F1000818BF4FF001081EB1C8
:109AF00017B1AB8D1A0714D4012916D82B6B204649
:109B0000984790B195F834307BB98EB987B1A88D5C
:109B100058B995F835304BB995F8360080F001000A
:109B200004E095F82E30002BE6D00120BDE8F0814E
:109B300084F0010010EA0800F8D0A88D8307E7D56B
:109B400095F82E0080F00100F0E700BF50040021DE
:109B500010B5154C10F03EFE11F0F4FC0021E36B43
:109B6000208F9847237E9BB9104B228F93E80300E8
:109B70000AF00AFBA36A18880AF000F9636C94F8EB
:109B8000341094F840009847002384F8483010BD02
:109B900094E8070004F10C0383E80700044904F18A
:109BA000190018F04BF8DFE750040021740400217D
:109BB000B19A0001034B93F8483003B97047FFF79F
:109BC000C7BF00BF50040021F8B5254C4FF4817386
:109BD0000646A56AA4F8543095F8932094F86030AE
:109BE000E76C03EB820095F875102765FF2804D118
:109BF0001EB995F874308B4218D010F051FB95F8CF
:109C000093303BB3606E10F0FFFE616E206D11F07B
:109C10005FFC96B1A88E10F0ABFA002095F8741096
:109C200010F0E8FF022384F84830F8BD002AE9D19B
:109C3000384610F0E9FE11F085FC95F875302A8F52
:109C4000033B012B8CBF00202820104480B210F071
:109C500077FFDFE7206D10F0D7FE11F073FCD8E737
:109C60005004002108B5094B93F84820022A07D177
:109C7000DA7A42F00102DA72BDE80840FFF768BF05
:109C800040F2E6212720FFF797F800BF500400219B
:109C9000F0B5194C83B0A56E4DB3A36D3BB3B4F8CA
:109CA0005C3001F003012F4606466B702B7823F0E1
:109CB00003030B4307F8033B3846B4F85C20A16D5F
:109CC00014F006FD0DF1020201A9E06E2565A765FD
:109CD00015F0EEF9019815F0D9F90346B4F85C10C7
:109CE0000122E06E336015F07CF903B0F0BD40F264
:109CF000E7712720FFF760F8500400212DE9F04FAD
:109D0000BB4C85B0A76A94F8603097F8932097F819
:109D1000741003EB8203FF2B05D120B997F875303F
:109D20008B4200F02981FF2010F0BAFAA36A0022CA
:109D300093F888808DF80920ADF80A20B8F1050F56
:109D400000F2E681DFE818F0CE00ED0032003200CC
:109D5000060006000DF10A0103A8009308F03EFA80
:109D6000002800F02B81039E009B002E00F026812E
:109D700001224FF0050A84F87420BDF80A2083F808
:109D800088A072BBA4F88820C4F8842093F889B016
:109D900093F88A20E667AAF1040A5FFA8AFABAF110
:109DA000010F00F2B2810021097832E0B3F86410AB
:109DB0000DF10902A06FADF80A100DF10A01009330
:109DC00015F076F8009B0646002800F099810122E4
:109DD00093F888A084F87420BDF80A20002A00F0C7
:109DE000F980A4F88820BAF1020F06F1030293F873
:109DF00089B0E667C4F8842093F88A2000F09D803B
:109E0000AAF1040A5FFA8AFABAF1010F00F27D8121
:109E1000F1780229009300F0D680A06F019215F02E
:109E20009FF8D4F88410050181460978EDB21B290A
:109E3000DDE9003200F003810021E66F4FF0030AF4
:109E4000884633784FEACB0B9200B8F1010F0BF044
:109E5000080B03F0F30302F0040243EA0B0343EAA6
:109E6000020323F0100345EA030525F003054AEA3F
:109E700005053570B4F8883073704FF00203E26F57
:109E8000A4F88030137823F0200341EA0301117015
:109E90000AD1A36A197C5B7C032903F01F0308BF66
:109EA000002143EA8113937097F8923084F835903B
:109EB0001BB1B4F88830002B56D1E06F10F0A4FD30
:109EC00011F040FBF88E10F053F9012097F875104F
:109ED00010F090FE012384F88C3084F8483005B0EF
:109EE000BDE8F08F94F8732003A80DF10A010093E8
:109EF000A3F86420ADF80A2008F070F9009B002850
:109F000041D0039E002E3ED001224FF0040A84F877
:109F10007420BDF80A2083F888A0002A7FF461AF7E
:109F200030E7344AC24693F889B0E2670022A4F8C9
:109F30008820C4F8842093F88A20A06F009215F03E
:109F40000FF8009A81460546C0B9009208F060F902
:109F5000494680F00109A846E66F5FFA89F9009A40
:109F60004FEA0915EDB26CE7606E10F04DFDE16F40
:109F7000606E11F071FAA5E73B46D8E60021E66F66
:109F8000102588465DE793F8CF20AAB3002500216D
:109F90004FF0010A174E93F889B093F88A20ADF874
:109FA0000A10A4F88810C4F8841083F888A0E66723
:109FB000002DC2D089464546414642E740F21C5139
:109FC0002720FEF7F9FE00254FF0030AA94629468F
:109FD000A84636E7BAF1020FA4F88820C4F8842016
:109FE00093F889B093F88A20E667A6D0D3E600BF3D
:109FF00050040021C00400210DF10A010DF10902F5
:10A00000A06F009314F054FF009B06460028BDD0BB
:10A010009DF809500DBBBDF80A20002A53D14FF01E
:10A02000010AA4F88820C4F8842093F889B093F832
:10A030008A20E66783F888A084F874A07DE7012170
:10A0400003F1100000924FF0030A10F06BF94FF08B
:10A0500001082021E66F009AF3E60146A06F15F093
:10A0600011F815F013F8D0F800B0D0F804A081462C
:10A07000009B5BEA0A0233D10021BDF80A2089F86F
:10A08000001089F8011089F8021089F8031089F886
:10A09000041089F8051089F8061089F80710002ABD
:10A0A000BDD09DF8090070B1307800F003000128A0
:10A0B0001FD04FF0020A83F89510012183F888A081
:10A0C00084F874108DE600224FF0030A3280B270DB
:10A0D000012283F888A084F87420BDF80A207DE668
:10A0E000009312F0D3F88345009B7AEB0101C3D2B1
:10A0F0004DE74FF0030A84F8740083F888A070E6F7
:10A1000040F20D512720FEF757FE4FF0010A14E7E9
:10A1100040F226512720FEF74FFE00BF2DE9F04107
:10A12000404C86B094F84830012B71D1A56A5FFA93
:10A1300083F806460F4695F88430ABB995F8883019
:10A14000042B25D095F89330002B3BD1012F06D15D
:10A150002EB931463046FFF7BDFC002853D006B07B
:10A16000BDE8F041FFF7F4BCA38D0021042043F0CB
:10A17000040385F88410A385E36B984794F8243092
:10A18000002BDBD095F8883085F88580042BD9D159
:10A19000A38D0220244943F00203A385E36B984773
:10A1A00094F82430002BCDD0D4F884301B78A3F160
:10A1B0000203B3FA83F35B0984F82E3095F89330E9
:10A1C000002BC3D0A36A05F1F80194F860C005F52F
:10A1D000847593F8750094F8243001381C1EC0B2C1
:10A1E00018BF0124032855E9062316D800940F4C04
:10A1F000205C002403900120CDE9015CCDE90440FE
:10A2000011F09AF8A2E706B0BDE8F041FFF7DCBC18
:10A2100040F62F012720FEF7CFFD40F22C4106200B
:10A22000FEF7CAFD50040021D404002130F40201DD
:10A230002DE9F04FC34C8BB0002394F84820A56A59
:10A24000022ACDE9083340F01C82236D03220F4619
:10A25000064693F800805978134495F893004FEA26
:10A26000281AA36508EA0203A4F85420A4F85C1095
:10A270000693002E40F08480002840F0808194F8FE
:10A280008F30013384F88F30238F43F4806323872A
:10A2900095F87530033B012B40F2DB8008F00EFF90
:10A2A000002840F0D6804FF00008C146C34695F81C
:10A2B0009230002B40F0E380A36E002B00F014815D
:10A2C000012303EA0A0384F836303FB994F88F106B
:10A2D0000120FFF7FFFB002800F0548110F0D6FCAE
:10A2E000B9F1000F40F028814FF00108218F11F0E3
:10A2F000400106D1E36B40209847238F43F0400391
:10A300002387BBF1000F09D094F82430002B40F0D4
:10A310002B81B4F809300133A4F80930002E00F085
:10A32000E980B4F805300022013384F88F20A4F8C6
:10A330000530854809F010FD089830B114F0A6FEEC
:10A3400000220272294608F021FE099B33B1002247
:10A350001A720C222946099808F0E6FDB8F1000FA0
:10A3600040F0E580238F1B0607D4E36B4146802035
:10A370009847238F43F0800323870BB0BDE8F08F0D
:10A38000C8F3C009002840F0BB80002940F00581D7
:10A39000002095F88930228F0133A06642F40072C4
:10A3A000DBB2228783EA980818F0010840F0D080D9
:10A3B00095F8881091B1013985F88930C9B204291E
:10A3C00000F26481614B0B441B79002B00F0C080CC
:10A3D000022B00F0FA80032B00F03B81002194F85F
:10A3E000243085F888105BB195F8853043B1A38D92
:10A3F000102085F8851043F01003A385E36B984780
:10A4000095F88A304FF0000B228F03F0010142F4DF
:10A4100000628945228740F0A380B4F85C100029CF
:10A4200000F0BF800698411E012940F2E080013310
:10A43000032885F88A3000F0BA80D5F8F03001336F
:10A44000C5F8F030D5F8F43043F10003C5F8F43026
:10A4500086E00FF0A3FE04287FF425AFB4F85C80FB
:10A460004FF0000995F89230B8F11B0FCB4694BF1E
:10A470004FF000084FF00108002B3FF41DAF95F896
:10A4800074C005F5847194F824300CF1FF3C95F804
:10A490007E00B3FA83FE05F1F8035FFA8CFC8000BE
:10A4A0000793BCF1030F4FEA5E1EC0B2D5E93A2311
:10A4B00000F2F180CDE900E1DFF890E005F1F8016C
:10A4C0001EF80CC04FF0010ECDF80CC04FF0000C80
:10A4D000CDE904CE4FF0FB0CCDF808C010F02CFFF6
:10A4E000A36E002B7FF4ECAEB4F85C30B3FA83F3C8
:10A4F0005B09E6E6B4F807300133A4F8073018E743
:10A5000011F048F8831EDBB2012B10D9B4F85C10AF
:10A5100000287FF43AAF00293FF43AAF95F88A302B
:10A5200003F00103994538D1012384F84030FFF747
:10A530000FFB0BB0BDE8F08F069909A8FFF7A8FB49
:10A54000D2E600BF500400217404002130F402015F
:10A5500095F88A30B34603F0010189453FF45DAFB9
:10A560004FF00008C146A2E6B4F80720B4F8053061
:10A570001343B5F8862013433FF4D0AEC9E611F07B
:10A5800049F87CE6FFF7BAFBB9F1000F3FF4AEAE35
:10A59000069909A8FFF77CFBA8E6E06E14F001FD20
:10A5A000F7E6013385F88A30069B032BD8D1A38DBB
:10A5B000012042F480523F4943F0010385F88400B2
:10A5C0002287A385E36B984737E708A9A06F14F0AB
:10A5D00091FC002869D0D5F8E8300133C5F8E8309F
:10A5E000D5F8EC3043F10003C5F8EC30F6E642F460
:10A5F000805295F8938022870FF0D0FD042894F8BC
:10A600008D3007D1B8F1000F0CBF1F221B229342DF
:10A6100028BF1346B4F85C209A4226D8A36E002BBC
:10A620009ED094F88E80B8F1000F25D1D5F8F03087
:10A63000B1460133C5F8F03095F88A3003F10103D3
:10A6400085F88A30D5F8F43043F10003C5F8F430CA
:10A650002DE607F0D1FD18B3A38D4146082043F045
:10A660000803A385E36B9847B5E794F8343043F0CB
:10A67000100384F8343073E7E36B002120209847FF
:10A680006EE74FF40C612720FEF796FB40F2D6618F
:10A690002720FEF791FB40F22C410620FEF78CFBB1
:10A6A00040F201712720FEF787FB40F2F761272077
:10A6B000FEF782FBA804002110B50C4C0C4A0D4992
:10A6C00094F84830116023B14FF4A4712720FEF7AD
:10A6D00073FB03F0FF02227609F04EFD07F09AFBB0
:10A6E000E06407F09BFB606610BD00BF50040021D2
:10A6F00040100021A0AA0001074A10B592F8483086
:10A7000013B10C24204610BD03F0FF04147609F0A9
:10A7100033FD204610BD00BF500400212DE9F04359
:10A7200089B0AF4C06AD9DF8446085E8030094F80D
:10A7300048101098002940F08381002B18BF002A90
:10A7400000F07E81B0FA80F14909002800F078819C
:10A75000236304F12403606484F8341084F88F10B8
:10A7600084F8401084F88C10A185218784F8351076
:10A7700084F8361084F8741084F82E10E167C4F859
:10A780008410A4F888102165A165A4F85C10E26328
:10A7900084F88E6095E8030083E80300A56A0FF053
:10A7A000F3FD10F0CFFE95F97C000FF073FEAE6A5A
:10A7B000286A0FF075FE304610F00AF995F8A400EB
:10A7C0000FF078FEAB8E5D2B02D9EB8E5D2B01D89E
:10A7D0000FF0D4FC94F82460002E76D018F0C7F85F
:10A7E000014695F875200120A4310FF097FF7D4BAD
:10A7F000186810F0F3F8A36AD5E9051293F874709D
:10A80000E26693F88D20A167A2F12A01012970D98F
:10A8100093F88E102A296CD0253A012A40F2B9808B
:10A82000282900F09780032F08BF042705F13C0674
:10A830003946304617F0D9FA394616F0FDFCB5F81E
:10A840004830024695F875103046934228BF1346AB
:10A8500084F8733017F077FA95F8751095F89370BF
:10A860000429B5F8506008BF032116F0E5FC0FB9C4
:10A87000043080B2864228BF0646F6B284F88D6066
:10A8800008F01CFC002859D194F8243084F860604A
:10A89000002B46D195F89220002A40F0AB80012091
:10A8A000FFF72CFA0023B5F8860095F8A420A360E2
:10A8B000C4E90033AB6F29886080218022710BB11D
:10A8C00001221A6009B0BDE8F08318F050F895F83D
:10A8D0007420454B01463046444E33F8123003F5A0
:10A8E000FA73A6FB036301EB93118A310FF016FF95
:10A8F0007DE794F8242042BB93F83232002B95D0A8
:10A90000FA1ED2B2012A4FD9DA1E012A4CD9012BE4
:10A9100018BF012F0CBF01230023C3F10203DFB2D4
:10A9200084E795F89330002B40D10120FFF74CF9D4
:10A93000A36AD3F8D80110F0CFF8B3E708F0C4FB4E
:10A94000B04238BF3046C6B29EE793F8C232002B01
:10A95000D6D16BE794F82420002A3FF464AF93F833
:10A960002E2193F86D3013405A071DD413F00102C5
:10A970005FD19B077FF55AAFFB1EDBB2012B13D9CA
:10A98000A7F10107B7FA87F77F09C7F10207FFB2FE
:10A990004CE72829DED094F82420002A3FF443AF66
:10A9A00093F82E315907E1D504273FE795F8750054
:10A9B00005F1F80105F584770138C0B20328D5E91F
:10A9C0003C2342D8CDE90176094E305C0026039045
:10A9D000012004960590009010F0AEFCA5E700BFA2
:10A9E0005004002140100021B4F60201D34D621042
:10A9F00030F4020195F8746005F1F80195F87E00D5
:10AA000005F58472013E8000F6B2C0B2032ED5E98E
:10AA10003A891AD80F4F04934B46BE5D01924246C5
:10AA20000396012605960096FB26029610F084FCFC
:10AA300035E7FB1EDBB2022B2CBF17460427F5E6D9
:10AA40004FF408712720FEF7B7F940F22C41062099
:10AA5000FEF7B2F930F40201FFF77AB8014B93F830
:10AA60008C00704750040021054B1A8F12F4C06F00
:10AA700003D093F8740000B17047C2F30030704700
:10AA800050040021024B93F83900C0F3C000704716
:10AA900050040021014B93F88F00704750040021AF
:10AAA000659C000131A200011DA10001B59B0001C0
:10AAB00006220B4603F8032BB0F809C0C27AA1F8AE
:10AAC00003C09A70704700BF40F2BD21322008B524
:10AAD000FEF772F990F8DE2012B902F0FF0070471D
:10AAE00010B5363882B00C4604F0B0F918230420B3
:10AAF000237002B010BD00BF70B500285BD0437A50
:10AB000004460D46002B3BD000214089FEF798FDFE
:10AB1000002855D000210088FEF7A8FD002854D158
:10AB200094F8546094F8A6302BB194F8A7301E43E3
:10AB3000002384F8A630204604F088F9B30730D10A
:10AB400013212B4604F10902293403F8031BD2F820
:10AB500000C0103252F80C6C103352F8080C52F846
:10AB6000041CA24243F810CC43F80C6C43F8080CC8
:10AB700043F8041CEBD1117800221970AA7170BD42
:10AB8000036DD0F80E20C3F80320428AA3F80720F3
:10AB9000437B026D03F0FD03003B18BF012393705C
:10ABA000BEE726F0040600222046114684F85460D1
:10ABB00004F00EFFC4E740F206313220FEF7FCF845
:10ABC00040F212313220FEF7F7F840F21531322010
:10ABD000FEF7F2F8044B00221B68A3F8792183F8F2
:10ABE0007B2183F870207047E004002108B50EF047
:10ABF0009DFE034B18700FF0EDFD032008BD00BF54
:10AC00001000002108B50EF091FE024B0246012013
:10AC10001A7008BD1000002138B5114C20686C3046
:10AC200003F056FA656803F003FA63682860186851
:10AC300058B103F02BFA68B10FF0E6FE00200FF0D8
:10AC40007FFF042263681A7138BD40F2F54132205B
:10AC5000FEF7B2F840F2F7413220FEF7ADF800BF40
:10AC6000E004002108B50EF061FE04490246044BE1
:10AC700048681A7003F0A4FA012008BDE00400211E
:10AC800010000021F0B5524C00220E4683B023681C
:10AC9000054641F27070196D5A72CA69B1F800C068
:10ACA000A3F80AC0A2F57A7C844575D94948A0FB6F
:10ACB0000202C2F38F221A848A8C5A84CA8C9A8424
:10ACC0004FF47F42DA844FF6FF721A85002D49D087
:10ACD0000121304616F0F0FD3278D209236893F84E
:10ACE000481009B1002A47D1002159611983207BFE
:10ACF000082859D003F10E0203F10D0107F00EFDF3
:10AD000000285FD023685A7B03F11A0742F0020241
:10AD10005A73002D3AD103F1780002683A608288B4
:10AD2000BA8093F95810186D07F06AFE20682A4916
:10AD300016F07BFF236829491A6D1088A3F83300A9
:10AD400003F12A0092F8962083F8352016F076FF5A
:10AD50000221206804F0E0FF20686C3003F0B8F9AD
:10AD600003B0F0BDA068694616F06EFCA3686846A3
:10AD70001A78C2F38012B1E7427902F0C002402A89
:10AD8000B2D102685A6182881A83B0E70021304646
:10AD900016F092FD2368C0E71148A0FB0202920959
:10ADA00002F5506292B286E793F87E109A6FB3F87C
:10ADB0007C0059730021C3F80E205882C3F81A1082
:10ADC000D983AEE741F217413220FDF7F5FF00BF0E
:10ADD000E00400215917B7D1F9AA0001B1AA000176
:10ADE000D34D621040F29B31322008B5FDF7E4FFED
:10ADF00010B504788CB004F00F0402A9224603F0C9
:10AE0000A1FC0EF093FD234A042C107002D0032005
:10AE10000CB010BD204C0399236891F800E093F822
:10AE200078C0E645F3D191F801E093F879C0E645A2
:10AE3000EDD191F802E093F87AC0E645E7D191F8B8
:10AE400003E093F87BC0E645E1D191F804E093F884
:10AE50007CC0E645DBD191F805C093F87D108C45A8
:10AE6000D5D193F87E309DF819109942CFD17F2823
:10AE70000DD04FF07F0C009002A9606882F800C0EE
:10AE8000237C227B03F0C8FB03200CB010BDFFF72E
:10AE9000A9FF00BF10000021E00400210E4A536802
:10AEA00010B5197902290CD9197908290ED8197900
:10AEB00052690A4B92680B44BDE8104052F82330A7
:10AEC00018474FF4A6513220FDF776FF41F2C141F9
:10AED0003220FDF771FF00BFE0040021FDFFFF3FBE
:10AEE00038B5194D6B681B79022B28D82B6804469E
:10AEF000027C83F8A4201A44C168996692F87C21E8
:10AF000083F878214268C3F88820037A022B0ED098
:10AF10000FF03AFA0FF044FE0EF094FD0B480FF0DC
:10AF20005DFD0B480FF054FD0A480FF0B9FA637C41
:10AF300023B12B685B6E0BB101221A6038BD40F65D
:10AF400008113220FDF738FFE004002108DA000183
:10AF500055555500D6BE898E70B53A4C0646636885
:10AF60001A79032A41D01A79042A3ED0226892F82D
:10AF7000542092073ED1A568002D4AD0236893F84B
:10AF80005430002B3BD03EB1284616F075FDD8B9A1
:10AF9000284616F08CFDB8B963681A79022A3DD9A3
:10AFA0001A79082A3FD819796269274B52690B44EC
:10AFB00052F8233098470C2826D86369DB68BDE82F
:10AFC000704053F82030184763681A79022A2FD945
:10AFD0001A79082A31D81979284662691A4B1269F8
:10AFE0000B4452F823309847E5E7186803F04EF811
:10AFF0000546C1E7186803F04BF80546BCE741F287
:10B00000CE313220FDF7D8FE41F2E1313220FDF79A
:10B01000D3FE41F2C8313220FDF7CEFE41F2AE310F
:10B020003220FDF7C9FE41F2AF313220FDF7C4FEF8
:10B0300041F24E313220FDF7BFFE41F24F31322056
:10B04000FDF7BAFEE0040021FDFFFF3F70B5154D8E
:10B050002C6894F84830EBB16FF00043D4E920122B
:10B060009A4208BFB1F1FF3F14D010F0AFFFD4E90E
:10B070002023904299410DD32E6896F8483053B959
:10B0800007F046FB044610F0A1FF074BE4FB030169
:10B09000C6E9200170BD012007F0FCFB0028F9D0B3
:10B0A0002E68EDE7E004002140420F001B4B2DE924
:10B0B000F04793F9008084B0B8F17F0F2CD0184C82
:10B0C0007F2281460F4666681A703379032B1AD0A7
:10B0D0003379062B14BF4FF0010A4FF0030A23689F
:10B0E00003F142050FF05AF800903A462B464946C4
:10B0F0003046CDE9028A257B019503F0ADF828B9E9
:10B1000004B0BDE8F0874FF0000AE8E7606804B0DB
:10B11000BDE8F04703F014B8FFF764FE100000210B
:10B12000E004002138B505460C4606F0C9FE42078A
:10B1300004D4A37803F0E003402B0DD006F0C0FE4A
:10B14000830704D4A37803F0E003202B04D02378F2
:10B1500003F03F03242B01D9002038BD0FF024F861
:10B1600094F900206378002AA27802F01F0CB4BF83
:10B170004FF496711E2143EA0C2301FB03F3191AC5
:10B18000B1F5877FE8D39842E6D806482946238858
:10B190000068A0F8793180F87B21BDE8384003F0E1
:10B1A0001BBF00BFE00400212DE9F047334F84B0FE
:10B1B000D7F8048098F80630002B4DD03D6804463F
:10B1C0000E4695F8953033B90378002B14BF02234F
:10B1D000012385F8953098F80430062BDAB23FD079
:10B1E000072A0CBF4FF0020A4FF0010A244B93F9D3
:10B1F0000090B9F17F0F3ED07F221A700EF0CEFF83
:10B20000009005F1420332464046CDE9029A397B6F
:10B210000191214603F020F8F0B16378DB0618D5E0
:10B22000A1690220FFF77EFFE8B100233A6882F8A7
:10B2300096306369DBB15978C1F3031182F8971036
:10B2400059781B7801F00F0143EA0123A2F89830E6
:10B2500003E0786802F074FF002004B0BDE8F087D6
:10B260004FF0030AC2E7786802F0AAFFF4E7FF2371
:10B2700082F89730F1E7FFF7B5FD00BFE004002149
:10B280001000002110B504468AB00EF04FFB194A99
:10B290002378107003F00F03072B02D001200AB0AF
:10B2A00010BD2046694603F0F3FA684603F0D8FB68
:10B2B0009DF80030002BF1D19DF80130DB07EDD572
:10B2C0000D4C019922689DF8110002F1780392F863
:10B2D0007E2015F011FF0028E0D020680121A03069
:10B2E00015F013FCFF216846FFF75EFF0130C0B286
:10B2F000D5E700BF10000021E00400212DE9F04354
:10B3000004468BB00EF012FB434A2378107003F012
:10B310000F03082B04D0012528460BB0BDE8F083AD
:10B320006946204603F046FA9DF80050002DF2D100
:10B330009DF8013003F00303032BECD1374F3E6837
:10B3400096F84D308BB396F84E807B7B8BBB4FF0DD
:10B35000000906F1780396F87E2001999DF8110006
:10B3600015F0CAFE10B9B9F1000FD4D096F84820F4
:10B370003E6896F841904236002A3CD19DF8120072
:10B38000334602994A4601281FD015F0B5FE002821
:10B39000C1D038680121A03015F0B7FB7B7B9BBB87
:10B3A00021460120FFF76EFCB6E77B6893F8058025
:10B3B000CBE715F0E5FE0828C9D0A0EB08093873E3
:10B3C000B9FA89F94FEA5919C3E74E7915F094FE95
:10B3D00080F0010306F0C006DBB2A6F14006B6FA23
:10B3E00086F67609002BD2D0002ED0D002994046A6
:10B3F00007F084FACBE7404607F0BAFA0028BDD040
:10B4000006464FF00109B9E70FF0CAFB0EF01AFB30
:10B4100000237B73C4E700BF10000021E00400217B
:10B420002DE9F04FDFF8DCA093469846827CDAF8ED
:10B43000003083B0012A044693F84850894685F0CD
:10B4400001053DD0002637469AF80D203AB393F80F
:10B45000542052072DD46368B3B1DAF804305B7915
:10B46000082B18D01846019307F066F82843C5B298
:10B47000B7B19AF80F20019B6AB315F08BFE002339
:10B4800007468AF80F300BE0DAF80430186803F04A
:10B490003BF90028E1D11FB19AF80E1009B300273B
:10B4A0008BF8007089F8006088F8005003B0BDE8A0
:10B4B000F08F93F84D20002ACDD093F84E30CFE78F
:10B4C0008268567906F0C006A6F14006B6FA86F6FE
:10B4D00076093746B8E7A168184607F00FFA07461D
:10B4E000DEE7A06807F032F907468AF80D00002869
:10B4F000D5D015F045FE0828D1D0DAF804305871BF
:10B50000CEE700BFE00400212DE9F04F044687B0EC
:10B5100006290AD8DFE801F0522E0F0909090400B4
:10B52000B34D68688379002B72D10FF053F9032073
:10B5300007B0BDE8F08F0FF04DF9AD4A136893F8EE
:10B5400054108F07F3D0506881790029EFD0A94DAE
:10B5500095F900107F2900F01C8202912146127B90
:10B560007F2442330192FF22009202222C7002F0CB
:10B57000ABFFDCE79E4DA27C29686868012A91F840
:10B58000483090F806A090F8079083F001035BD054
:10B590000027BB4691F854C01CF0040600F0D78089
:10B5A00091F84D60002E5AD091F84E80B8F1080FF6
:10B5B0005BD191F84180002640466FE08C4DD5E983
:10B5C000003093F8542057071AD5C279002A00F0AA
:10B5D000C680626893F85B1016788E4200F0328164
:10B5E00093F85620012A00F0518193F84E30082B31
:10B5F00003D042799A4200F049810FF0EBF8686875
:10B600008379002B40F0AF80C379002B8FD18CE77A
:10B610002B6893F85420960740F1CF80754A92F931
:10B6200000107F2900F0B581029121462C7B423326
:10B630000194FF2400947F241470062202F044FF3A
:10B64000002309202B7473E7A268577907F0C0071D
:10B65000A7F14007B7FA87F77F09BB469AE790F84A
:10B660000580B8F1080F00F0DD804046049306F035
:10B6700063FF049B0590BBF1000F40F038812968FF
:10B680005E4691F854C091F841800CF004024046A7
:10B6900092B3059A43EA020B5FFA8BF3626891F862
:10B6A0005BC092F800E0E64500F0F3804FF0000B3D
:10B6B0006A685279082A00F0308191F84EC0ACEBEC
:10B6C0000202B2FA82F252090492002E00F0B68011
:10B6D000B9F1000F0BD091F85630012B00F0D68055
:10B6E0004E4623B9049B53EA0B0B40F0CF800FF07A
:10B6F00071F82B6893F854C01CF0030F3FF417AF98
:10B700000FF068F8BAF1000F3FF411AF2868A36892
:10B7100000F14201A27C90F8410015F0EDFC16B951
:10B72000002800F01481334E96F900307F2B00F092
:10B730003081029321462B7B7F240122CDE90083B7
:10B74000D5E900303470423302F0BEFEEFE690F8E7
:10B750000580B8F1080F88D191F84180CCE7837952
:10B76000002B3FF4E2AE2B6893F85420960743D4A5
:10B77000D0077FF5DCAE510700F1E6801D4B93F951
:10B7800000207F2A00F005817F2002922A7B21463B
:10B790001870FF202B6801920022009042336868E5
:10B7A00002F092FE03206B68DA79002A7FF4C0AEC3
:10B7B0009B79002B7FF4BCAEB7E6D1077FF5B5AE21
:10B7C000530700F1BE800B4B93F900207F2A00F055
:10B7D000E0807F20029221462A7B1870FF24D5E961
:10B7E0000030019206224233009402F06DFE9EE684
:10B7F000E004002110000021674A92F900107F291F
:10B8000000F0C780029121462C7B42330194FF2433
:10B8100000947F241470002202F056FE01230920B8
:10B820002B74C0E7626891F85B0092F800C091F851
:10B83000418084452CD0B34640460496002B6FD1FE
:10B84000002654E7567893F85C108E427FF4C8AE19
:10B85000967893F85D108E427FF4C2AED67893F856
:10B860005E108E427FF4BCAE167993F85F108E4264
:10B870007FF4B6AE517993F8602091427FF4B0AE78
:10B88000617C93F85A2091427FF4AAAE0A204FE6D9
:10B89000404692F801E091F85CC0E6457FF406AFBF
:10B8A00092F802E091F85DC0E6457FF4FFAE92F8B1
:10B8B00003E091F85EC0E6457FF4F8AE92F804E04C
:10B8C00091F85FC0E6457FF4F1AE92F805C091F8BB
:10B8D000602094457FF4EAAE94F811B091F85A20B4
:10B8E000ABEB0202D2F1000B4BEB020BE0E6A168DE
:10B8F0004046049307F002F829680646049B91F835
:10B9000054C091F841000CF00402002E3CD040F0ED
:10B910000208002A7FF4BDAEEEE600220492D4E6CF
:10B920004231A368A27C15F0E7FB002888D0B9F16A
:10B93000000F85D02B6893F85630012BA6D0002637
:10B94000CFE60EF047FF3EE70EF044FF16E72B6808
:10B9500093F85520023A012A3FF6E9AD002F3FF453
:10B96000E6AD0D4E96F900207F2A12D002922146B4
:10B970002A7B7F24686842330192FE2200920122D2
:10B98000347002F0A1FDD2E58046002A7FF481AE3A
:10B99000B2E6FFF727FA00BF1000002108B5054BFB
:10B9A000586802F0CDFB0DF0C1FF034B02460120A9
:10B9B0001A7008BDE0040021100000212DE9F843B1
:10B9C000724D002207468946AB68D5F800801846BC
:10B9D0001A800FF04FF8002800F0B180AC68032FF8
:10B9E0000646237800F0B78023F02F03296843EA46
:10B9F000491343F005032370222363700B6D1B6A08
:10BA0000C4F80F300A6D936AE374180A1B0C207592
:10BA1000637592F87EC0108ED36ABCF1000F40F0BF
:10BA2000A280DFF86CC1ACFB00E0ACFB03C3800A72
:10BA30009B0AE375C3F30723A07541F27070237668
:10BA4000D369A3F57A7C844540F298805048A0FBE6
:10BA50000303C3F38F23002063F307001B0A63F380
:10BA60000F20938C63F317401B0A63F31F60C4F825
:10BA70001900D38C63771B0AA377D2F89730C4F8E8
:10BA80001F3092F89B3094F8242084F823300B6DFB
:10BA900022F01F0293F8A23003F01F03134384F82F
:10BAA000243006F033FA94F8243003F01F0343EAFD
:10BAB000401384F82430AC68D8F878302046C4F8B5
:10BAC0000930B8F87C30A4F80D3098F87E1015F0E5
:10BAD000CFFD2B6893F8482003F1420993F8418089
:10BAE000A2B393F85420520732D593F84D207AB37D
:10BAF00093F84E0006F03CFF044638B34FF00108BF
:10BB000023684146A868C0F80330A388A0F807302E
:10BB100015F0A1FD1F4BD3F8043173B9052F12D1D5
:10BB20002B68304621681A6DC2F80A10A188D181AD
:10BB30001B6D83F80980BDE8F8830EF04BFE0026EC
:10BB4000032007F011FA3046BDE8F8834C46D7E7EA
:10BB50006B685879CEE723F00F0343F0030323709B
:10BB60000C236370A8E7DFF830C0ACFB00E0ACFB4F
:10BB7000033CC0F347104FEA5C135AE70748A0FBA9
:10BB800003039B0903F550639BB264E7E0040021C3
:10BB90005917B7D1008000411F85EB51D34D62107A
:10BBA00038B5154C236893F854309B0718D1A56815
:10BBB000E5B12368FF2093F878110EF071FB284659
:10BBC0000EF022FF236893F87831033B012B94BFDA
:10BBD000282000200EF0B4FF072263681A7138BDD8
:10BBE0006368186802F054FA0546E1E740F21C5118
:10BBF0003220FDF7E1F800BFE004002138B51E4C0B
:10BC00000E20236893F878110EF04AFB236893F80E
:10BC100054309B0724D1A56845B328460EF0F4FEA6
:10BC2000236893F87831033B012B94BF2820002030
:10BC30000EF086FF2368681D93F8785106F0B4FD76
:10BC4000607348B1033D012D8CBF502555250DF083
:10BC5000DDFE28460EF098FF636808221A7138BD91
:10BC60006368186802F014FA0546D5E740F20951F6
:10BC70003220FDF7A1F800BFE004002170B50D4DA2
:10BC80000222D5E900031A7103F0BAFE00B170BDBB
:10BC90002E68044606F16C0002F092FA2868A6F8B5
:10BCA000794186F87B4186F87040BDE8704004F029
:10BCB00009B800BFE004002110B50A4C0DF036FEB3
:10BCC000094A637B10701BB90EF084FD032010BD80
:10BCD0000EF066FF0DF0B6FE002363730EF07AFDE2
:10BCE000032010BDE00400211000002170B52D4C90
:10BCF0000546236893F87B215F2A2CD851092A4AEC
:10BD0000565C93F8790100F03F000EF0D3FB2368F6
:10BD100093F958000EF0BEFBFDB1236832460120B6
:10BD2000996E0EF0FBFC2368314693F89630022B97
:10BD300014BFFF2040200EF0B3FA236893F854207C
:10BD4000920710D193F89530A568B3B12846BDE8A5
:10BD500070400EF059BE0026D3E732468221012002
:10BD60000EF0DCFCDFE76368186802F091F92368E5
:10BD7000054693F89530002BE8D1681D06F014FDB8
:10BD800060730028E2D0042E14BF502455240DF017
:10BD90003DFE20460EF0F8FE2846BDE870400EF04D
:10BDA00033BE00BFE00400213CF40201F0B52E4C8C
:10BDB00083B00646236893F87B215F2A30D8510967
:10BDC0002A4A575C9A6E7ABBD3F888000EF084FE3C
:10BDD000256895F854309A0703D595F89620022ADD
:10BDE00033D05B072DD46368186816BB02F08CFC57
:10BDF00063680646186802F08DFC024605F19A0059
:10BE00002568314695F8963095F87851009502F0FE
:10BE1000D1FD2268002382F87871A37303B0F0BDCE
:10BE20009A6E0027002ACFD00120FFF75FFF23681A
:10BE3000CAE702F07BFC014605F19A0002F0AEFD74
:10BE4000E7E795F89630012BCDD1042F05D0394680
:10BE500000200EF0CFFE2568C5E795F85930012B7C
:10BE60000CBF03210421F3E7E00400213CF40201AC
:10BE700010B50B4C637B63B9A1680020FEF702FF8D
:10BE800023680022A3F8792183F87B2183F87020AE
:10BE900010BD0EF085FE0DF0D5FD00236373EBE7BA
:10BEA000E004002110B50E4C637B8BB920680121A2
:10BEB0006268002311710246A0F879316C3082F873
:10BEC0007B3102F005F92068BDE8104003F0FABEAE
:10BED0000EF066FE0DF0B6FD00236373E6E700BFCB
:10BEE000E004002107292DE9F04F044687B00D46F4
:10BEF0001646406852D1002808BF002A0CBF4FF0F8
:10BF0000010A4FF0000A72D0002800F0D580627C50
:10BF1000012A00F0B180AB4F7B685879082848D0DF
:10BF20000DF10F0104AA06F0F9FB002800F05E8174
:10BF300004A99DF80F0016F0EAFC8246D7E9000834
:10BF400090F8543013F0030240F088805B0788F8C3
:10BF5000062043D4002388F807309B4B1B6833B17D
:10BF600031462046984788F80800D7F8048063686F
:10BF700043B1617C3A6882F87E10196891679B88AA
:10BF8000A2F87C3098F80830002B00F03481A068CB
:10BF900008B1072D4FD007B0BDE8F08F002800F0A2
:10BFA0008880627C874F012A79684FD048790828B9
:10BFB000B6D16168607C16F0AAFC7A688246616836
:10BFC0000532607C06F0E0FAD7F8048003460028CA
:10BFD000B4D1A8F8060088F80800D8E7062D90F834
:10BFE0004D9000F2B28049EA0A00C3B2B3E7754F40
:10BFF000D7E9001091F8543013F0030218BF012262
:10C0000013F00403827105D02378A3F10103B3FA7E
:10C0100083F35B09C37191F89430002BBBD03B686C
:10C02000D3F89000503016F07CFC0028B3D17B6828
:10C0300001221A72AFE798F805100829ABD0002B3F
:10C04000A9D006F0A1FB0123FB73A4E7437903F019
:10C05000C003402BAAD17B7BFBB9A7E7062D90F844
:10C060004C904FD849EA0A095A0788F806907FF59C
:10C0700071AF90F84D90B6E7427902F0C002402AC5
:10C080007FF449AF4F4F7A7B002A3FF445AF26B982
:10C090003A6892F87811012960D0D7F8048015F039
:10C0A0006FF87B6888F80500587901233873BB73F3
:10C0B00034E78246434F41E7424FD7E9000890F802
:10C0C00054309A0745D1D14613F0040388F80690FE
:10C0D0003FF441AF90F84D90311E98F807B018BF6B
:10C0E0000121BBF1010F02D000297FF433AF636857
:10C0F000002B7FF478AF002E3DD16378D9063AD576
:10C10000012328E7082D03D9002388F8063021E70A
:10C1100098F806B0311E18BF0121BBF1010F0DD0F8
:10C1200061B14FF0000913F0040388F806903FF462
:10C1300012AF90F84D9098F807B0D2E762689AB1C4
:10C1400049EA0A095FFA89F9BEE7082D3FF602AF0E
:10C15000C2E790F84C9098F806B0DBE706F0F6FAE4
:10C160007873002899D1D7E6A6B96278D20611D59E
:10C170004FF00109D7E7D8F8000002F0C5FA10B176
:10C18000BBF1000F02D1B9F1000F14D0D7F8048031
:10C190000123E0E6D8F80000019102F0B5FA1BEAAD
:10C1A000000001991CD1B9F1000F0FD0D7E90008A8
:10C1B00090F85430B7E706F0E1F9D7F80480034669
:10C1C000C9E600BFE004002148100021019106F0FB
:10C1D000D5F981460199D7E9000890F85430A2E7D3
:10C1E0008146D7E9000890F854309CE740F6BA3110
:10C1F0003220FCF7E1FDB8F80630003B18BF012300
:10C20000C5E600BF10B5104C0DF090FB0F4A637BE4
:10C2100010708BB9206801216268002311710246F9
:10C22000A0F879316C3082F87B3101F051FF206841
:10C23000BDE8104003F046BD0EF0B2FC0DF002FC6C
:10C2400000236373E6E700BFE00400211000002133
:10C2500010B50F4C606801F0B3FF637B8BB92068A9
:10C2600001216268002311710246A0F879316C3017
:10C2700082F87B3101F02CFF2068BDE8104003F00C
:10C2800021BD0EF08DFC0DF0DDFB00236373E6E7AE
:10C29000E004002110B5114C606801F091FF0DF031
:10C2A00045FB0F4A637B10708BB9206801216268DF
:10C2B000002311710246A0F879316C3082F87B318D
:10C2C00001F006FF2068BDE8104003F0FBBC0EF053
:10C2D00067FC0DF0B7FB00236373E6E7E004002181
:10C2E0001000002110B5134C0DF020FB124A002164
:10C2F0002368107003F1A00014F007FC637B8BB976
:10C30000206801216268002311710246A0F879318A
:10C310006C3082F87B3101F0DBFE2068BDE8104014
:10C3200003F0D0BC0EF03CFC0DF08CFB00236373DB
:10C33000E6E700BFE00400211000002110B5144C16
:10C34000606801F0FDFE0DF0F1FA02462068002160
:10C35000104BA0301A7014F0D8FB637B8BB92068A7
:10C3600001216268002311710246A0F879316C3016
:10C3700082F87B3101F0ACFE2068BDE8104003F08C
:10C38000A1BC0EF00DFC0DF05DFB00236373E6E72E
:10C39000E00400211000002110B500210320164CFC
:10C3A000FFF70CFB20B10321206802F015FE98B9BD
:10C3B000637BCBB9206801216268002311710246BA
:10C3C000A0F879316C3082F87B3101F081FE206871
:10C3D000BDE8104003F076BC012108460EF00AFCCF
:10C3E000092263681A7110BD0EF0DAFB0DF02AFB0A
:10C3F00000236373DEE700BFE004002110B51C4C8E
:10C400000C220121D4E900031A7103F085FC0021FC
:10C410000520FFF7D3FA20B10621206802F0DCFDE9
:10C4200098B9637BEBB92068012162680023117120
:10C430000246A0F879316C3082F87B3101F048FE79
:10C440002068BDE8104003F03DBC2368012093F84C
:10C4500078110EF0CFFB236801221B6D83F8962024
:10C4600010BD0EF09DFB0DF0EDFA00236373DAE7CB
:10C47000E004002170B5244C236893F87B215F2AE7
:10C4800029D85109214A565C9A6E42BBD3F88800DC
:10C490000EF022FB256895F854309A0703D595F8DD
:10C4A0009620022A20D05B0703D595F89630012B01
:10C4B0001AD06368186802F039F9014605F19A004C
:10C4C00002F06CFA0022D4E90013A273062281F86C
:10C4D00078611A7170BD9A6E0026002AD6D00120AC
:10C4E000FFF704FC2368D1E7042E05D03146002075
:10C4F0000EF080FB2568DCE795F85930012B0CBF66
:10C5000003210421F3E700BFE00400213CF4020111
:10C5100038B5234C6368186801F0B8FD00283AD09C
:10C5200063680A22054600211A71206803F0F4FBB3
:10C5300022682B780520126D92F8965005EA531563
:10C5400005F001052946FFF739FA48B104212068B2
:10C5500002F042FD20B123681B6D83F8965038BD70
:10C56000637B8BB920680121626800231171024648
:10C57000A0F879316C3082F87B3101F0A9FD206898
:10C58000BDE8384003F09EBB0EF00AFB0DF05AFAEE
:10C5900000236373E6E740F261513220FCF70CFCA4
:10C5A000E004002138B5174C0521206802F014FD85
:10C5B00048B12368012093F878110EF01BFB0B2281
:10C5C00063681A7138BD0546606801F0F9FD637B48
:10C5D0008BB9206801216268002311710246A0F81E
:10C5E00079316C3082F87B3101F072FD2068BDE852
:10C5F000384003F067BB0EF0D3FA0DF023FA6573F1
:10C60000E7E700BFE0040021F0B52B4C83B02368BE
:10C6100093F87B215F2A37D85109284A575C9A6ED4
:10C62000002A35D1D3F888000EF056FA256895F81F
:10C6300054309A0703D595F89620022A2DD05B072F
:10C6400003D595F89630012B27D06368186802F05F
:10C650005BF863680646186802F05CF8024605F16C
:10C660009A002568314695F8963095F878510095EE
:10C6700002F0A0F90022D4E90013A273052281F888
:10C6800078711A7103B0F0BD9A6E0027002AC9D0E4
:10C690000120FFF72BFB2368C4E7042F05D03946A0
:10C6A00000200EF0A7FA2568CFE795F85930012B46
:10C6B0000CBF03210421F3E7E00400213CF4020154
:10C6C00010B501291D4C636810D178B91A79082A70
:10C6D0002AD91A790C2A2CD819796269184B526810
:10C6E0000B44BDE8104052F823301847184601F0BB
:10C6F00067FD637B8BB9206801216268002311719B
:10C700000246A0F879316C3082F87B3101F0E0FC10
:10C710002068BDE8104003F0D5BA0EF041FA0DF0E4
:10C7200091F900236373E6E741F290413220FCF770
:10C7300043FB41F291413220FCF73EFBE004002133
:10C74000F7FFFF3FF0B55A4C83B020686C3001F022
:10C75000BFFC656801F06CFC6368286018680028FD
:10C7600000F09C8001F092FC0546002800F09B80C0
:10C77000236893F8A630002B48D1D4E9000290F842
:10C78000A430034493F87C7180F87871137913B165
:10C790001379012B4BD190F8A520464B13441879FF
:10C7A0000DF088FE236893F8A420134493F87C616D
:10C7B000022E3AD04DD8012E4ED101F033FC314635
:10C7C0000DF06EFD28460EF01FF9314601200DF0E8
:10C7D00087FE012F31D1E81C05F0E6FF607328B118
:10C7E00040250DF013F928460EF0CEF962680821B5
:10C7F00000232068517121730321D3801372E381D8
:10C8000080F895302374117103B0F0BD236893F85C
:10C81000542093F8A700196D0243C3F8101183F850
:10C820005420002283F8A620A7E70D20C7E70021A7
:10C8300002F0D2FBA8B12068ADE7681D05F0B4FF97
:10C8400060730028D2D0033F012F8CBF502555259F
:10C85000C7E7F31E012BB0D940F605013220FCF7E3
:10C86000ABFA637B93B920680121626800231171E0
:10C870000246A0F879316C3082F87B3101F028FC57
:10C88000206803B0BDE8F04003F01CBA01900EF040
:10C8900087F90DF0D7F801986073E4E740F2524150
:10C8A0003220FCF789FA40F254413220FCF784FA36
:10C8B000E00400213CF4020108B50DF037F8044B08
:10C8C00018700DF087FFBDE80840FFF73BBF00BFC1
:10C8D0001000002110B50C4C0DF028F80B4A637BBA
:10C8E00010702BB90DF076FFBDE81040FFF72ABF9E
:10C8F0000EF056F90DF0A6F8002363730DF06AFFF1
:10C90000BDE81040FFF71EBFE00400211000002129
:10C9100010B50446FEF7E4FA237A032B4AD0012B24
:10C9200051D039D82F4C304A216891F8A53091F870
:10C930004B000133A2FB03CE0EF4FF7C0CEB5E0C2C
:10C94000A3EB0C0340FA03FC1CF0010F13D10133DD
:10C95000A2FB03CE2EF0010C0CEB5E0CA3EB0C0340
:10C960001841C00707D40133A2FB030222F00100E3
:10C9700000EB52029B1ADBB281F8A53091F9580006
:10C980000DF088FD2368002283F89520FFF7DAFE7A
:10C99000BDE81040FEF75ABB023B012B09D8114CF1
:10C9A000236893F8950088B9FFF700FA05226368B9
:10C9B0001A7110BD0B4B1B68986E70B9FFF796F992
:10C9C000237A012BADD1074C2168D7E70120FFF76F
:10C9D000EDF9062263681A7110BD4FF4156132201B
:10C9E000FCF7EAF9E0040021ABAAAAAA2DE9F04776
:10C9F000AE4F86B0D7F8008098F85730A3B17E6864
:10CA00000446B379A3B12578012D1AD0022D5CD04C
:10CA100055B998F85420910706D0002B40F0898032
:10CA2000337A002B40F08580032006B0BDE8F08704
:10CA3000F279002AE7D1327A002AF5D02578012D43
:10CA4000E4D198F878216378022A00F0EA8003F0B4
:10CA50001803182BE8D198F854305A0700F1E780F2
:10CA6000934B93F900507F2D00F053817F221A7071
:10CA70000DF094FB00210090029508F14203039110
:10CA8000FF22397B30460191214601F0E5FB002869
:10CA9000CAD0A1690120FEF745FB0028C4D00123BC
:10CAA0003A6882F896306369002B3ED05978C1F31A
:10CAB000031182F8971059781B7801F00F0143EAAF
:10CAC0000123A2F898300220AFE798F854309B0772
:10CAD000AAD0637803F01803182BA5D1744B93F9EF
:10CAE0000090B9F17F0F00F014817F221A700DF0D1
:10CAF00055FB00220090CDF8089008F14203039204
:10CB000030463A7B21460192FF2201F0A5FB002826
:10CB10008AD0A1690120FEF705FB002884D03A687D
:10CB200082F896506369002BC0D1FF2382F89730BA
:10CB3000C9E7637813F0100FC3F300160CBF01228E
:10CB400008229A437FF470AF0023A2688DF8153055
:10CB50008DF81630002A00F0A4800DF117030DF1B6
:10CB600016010DF115022046FEF75AFC39689DF8B2
:10CB7000153091F84190002B40F0C1804231A368FC
:10CB8000A27C484614F0B8FA68B93B6893F855306F
:10CB9000023B012B3FF648AF9DF81630002B3FF4C7
:10CBA00043AF4FF0FE09424B93F90080002E00F096
:10CBB0008180B8F17F0F00F0AC807F221A70D7E936
:10CBC000003603F142050DF0E9FACDF808804A4637
:10CBD0002B460025009030460395397B0191214674
:10CBE00001F03AFB00283FF41FAFA1690120FEF7D6
:10CBF00099FA00283FF418AF3B6883F896506269B1
:10CC0000002A00F082805178C1F3031183F8971055
:10CC10005178127801F00F0142EA0122A3F898201E
:10CC200051E703F01903192B7FF4FEAE13E7636895
:10CC30006BB9A368002B7FF4F7AEA3699B781F2B19
:10CC400024D898F84930002B7FF40AAFECE608F1BD
:10CC50005B0398F85A2008F1780198F87E0014F0E8
:10CC60004BFA7E68D7F80080737998F85620082B25
:10CC700003D098F84E10994244D0012AD9D0002A06
:10CC80007FF4D2AE00283FF4CFAED2E703F0E0034A
:10CC9000402B7FF4E5AE98F84A30002B7FF4E0AEED
:10CCA000C2E64FF0FF098DF817207CE7E004002171
:10CCB00010000021B8F17F0F2BD07E687F221A7000
:10CCC0003379032B04D03379062B14BF01250325B8
:10CCD0003B6803F1420A0DF061FA21460090534689
:10CCE0004A463046CDE902853C7B019401F0B4FA16
:10CCF00000283FF499AE786801F022FA94E649F0F2
:10CD0000020950E7012A94D98EE6FF2283F8972082
:10CD1000D9E6FEF767F800BF30B505468BB00CF0DA
:10CD200005FE3E4B2C7802466946284604F00F0467
:10CD30001A703B4D01F0ACFD072C2B683DD093F8E9
:10CD4000542012F0060210D121466846FFF7CAF8B7
:10CD50002B6893F87831042B1BD8022B54D9032469
:10CD60006B7BDBB920460BB030BD93F8A420134495
:10CD700093F87C21012A4CD0002221466846FFF717
:10CD8000B1F82B6893F87831012B10D0023B022BBD
:10CD9000E5D941F249213220FCF70EF80DF000FFF1
:10CDA0000CF050FE002320466B730BB030BD062CF8
:10CDB0001BD018D90DF00EFDD1E793F87811684615
:10CDC00001F09EFD002221466846FFF78BF82B6894
:10CDD00093F87831042BDCD8022B0CD96846FFF786
:10CDE00005FE0446BCE7022CE4D821466846FEF75F
:10CDF0008BFB0446B4E7012BF0D0022BC9D19DF880
:10CE00000030012BABD1E9E7012BD0D0022BA6D00B
:10CE1000BFE7962100200DF097FCADE71000002140
:10CE2000E00400212DE9F04F93B0AD4C0D4608A968
:10CE300001F02EFD206808A99A3001F0E3FD236877
:10CE40009DF8201093F89620914205D1032D17D01C
:10CE50009DF82120120766D4606801F0B1F9012520
:10CE6000637B1BB9284613B0BDE8F08F0DF098FE28
:10CE70000CF0E8FD00232846637313B0BDE8F08F83
:10CE800093F89720FF2AE3D108A82A460721FFF745
:10CE900029F86068C38813B9037A002BDDD000231A
:10CEA0000A9F8DF81D308DF81E308DF81F30002F31
:10CEB0004AD00DF11F030DF11D020DF11E0108A84E
:10CEC000FEF7AEFA23689DF81D8093F841509DF857
:10CED000206045EA48059DF81E90012E9DF81F70C0
:10CEE000EDB238D0022E00F0AA80002EB4D1206816
:10CEF00090F854309E07B2D09DF82130990700F188
:10CF0000D180FF2563681B7A33B1764B1B681BB158
:10CF10000F9808B111999847294608A8FEF744F9D7
:10CF2000451CEDB29CE70D9993F897004A78B0EB59
:10CF3000121F91D1097802F00F02B3F8983041EA3C
:10CF400002229A4288D19FE79DF82060B946B846F0
:10CF5000FF25012EC6D19DF82130206803F009027B
:10CF600090F89A10092A05D000293FF478AF1B07E2
:10CF70007FF575AF90F85430D4F804A05A0713D554
:10CF80009AF8073083B1002900F00D810A9B1BB18C
:10CF9000B8F1000F00F05B81A03013F0D8FD00283D
:10CFA00040F0B681D4F804A09AF80630002B3FF484
:10CFB00056AF276897F854309B073FF450AF9DF861
:10CFC000213013F0020300F0CA80B8F1000F0AD13B
:10CFD0000A9B07F142019DF8322097F8410014F0B6
:10CFE0008BF800284ED0404B93F90090B9F17F0F99
:10CFF00000F09481D4F804807F221A7098F80430ED
:10D00000032B00F0F28098F80430062B08BF0326AB
:10D01000236803F142070DF0C1F82A4600903B4611
:10D0200008A94046CDE90296257B019501F014F947
:10D0300000283FF414AF606801F082F80FE726681B
:10D0400096F854309A073FF40AAFD4F804A09AF83F
:10D050000620002A3FF403AF9DF8212002F00901C9
:10D0600009297FF4FCAE13F0020B02F002013DD05F
:10D07000002900F0BC80B8F1000F40F02181002FA2
:10D0800040F01281236893F85530023B012B3FF6A4
:10D09000E6AEB9F1000F3FF4E2AEFE2108A8FEF7BC
:10D0A00005F8DCE6B8F1000F7FF42CAF00F1420187
:10D0B0000A9B9DF8322090F8410014F01DF80028DA
:10D0C0007FF420AF236893F85530023B012B3FF6E5
:10D0D000C6AEB9F1000F3FF4C2AEFE2512E700BFA5
:10D0E000E00400214410002110000021002900F07C
:10D0F000BE80B8F1000F0AD10A9B06F142019DF8EB
:10D10000322096F8410013F0F7FF0028BAD0844B84
:10D1100093F90080B8F17F0F00F0008167687F22EB
:10D120001A703B79032B06D03B79062B14BF4FF0C6
:10D13000010B4FF0030B236803F142060DF02EF8AC
:10D140002A460090334608A93846CDE9028B257B54
:10D15000019501F081F800283FF481AE6BE7704A39
:10D1600092F900507F2D00F0D9807F2111709AF83C
:10D170000420032A00F096809AF80430062B08BF9A
:10D1800003260DF00BF807F142030090CDE902569B
:10D19000257BFF2208A95046019501F05DF8002883
:10D1A0003FF45DAE47E700F15B0390F85A2000F1D1
:10D1B000780190F87E0013F09FFF0346D4E9000A3F
:10D1C0009AF8051090F85620082904D090F84EC01F
:10D1D0008C4500F09F80012A3FF4D8AE002A7FF4EE
:10D1E000E3AE002B3FF4E0AED0E6002610E74C4B58
:10D1F00093F90080B8F17F0F00F090807F22032028
:10D200001A70FEF7DBFB23680646D4F8049003F19E
:10D2100042070CF0C3FF2A46012500903B46CDF89B
:10D22000088008A903954846257B019501F014F86C
:10D23000002E3FF411AE00283FF40EAE2068A0305F
:10D2400013F085FC00283FF4F6AE0B2508E6002F0E
:10D250003FF4AAAE00F142019DF8322090F841005F
:10D2600013F04AFF00283FF49DAE206894E62C4B53
:10D2700093F900507F2D51D07F221A709AF8043014
:10D28000032B05D09AF80430062B14BF012103218B
:10D2900005910CF083FF059906F142030090CDE95A
:10D2A000025175E71E466CE70A9B06F142019DF8A4
:10D2B000322096F8410013F01FFF00283FF4E2AE41
:10D2C000174B93F90080B8F17F0F27D07F22002100
:10D2D00003201A70FEF772FB23680646D4F8049008
:10D2E00003F142070CF05AFF2A46012500903B4605
:10D2F000CDF8088008A903954846257B019500F0E4
:10D30000ABFF002E3FF44BAF00283FF4A8AD95E7EC
:10D310000C25A5E5012A7FF639AE45E6FDF762FD4D
:10D320001000002110B504460CF000FB094A2378D8
:10D33000107003F00F03072B05D120460121BDE833
:10D340001040FFF76FBD044B586800F039FF012013
:10D3500010BD00BF10000021E004002110B50446FC
:10D360000CF0E4FA094A2378107003F00F03072B3E
:10D3700005D120460321BDE81040FFF753BD044B03
:10D38000586800F01DFF012010BD00BF10000021F3
:10D39000E004002190F83E00003818BF01207047DB
:10D3A000007A003818BF0120704700BF036D10B528
:10D3B00083B10222FF21044642721A884FF6FF739E
:10D3C00080F8271003850649428114F02EFC0023C3
:10D3D000236510BD40F261313220FBF7EDFC00BF48
:10D3E000F9AA000110B5002382B001220446CDE95C
:10D3F00000338DF8062002E0009B83F85840684611
:10D40000FCF758F90028F7D002B010BD08B501218B
:10D410000020FCF715F910B190F9580008BD40F64E
:10D4200051013220FBF7C8FC38B501210546002028
:10D43000FCF706F920B3044601F0F6FC02E094F88C
:10D4400070301BB194F87030012BF8D13F220021CD
:10D45000204611F091F8002340F20111072284F8D0
:10D46000543084F8A530A4F84C1084F8585084F84F
:10D470004B20636684F89430C4F8903084F8A6306A
:10D4800001210846FCF7DCF8044618B301F0CCFC97
:10D4900002E094F870301BB194F87030012BF8D191
:10D4A0003F220021204611F067F8002340F20111CD
:10D4B000072284F8543084F8A530A4F84C1084F87E
:10D4C000585084F84B20636684F89430C4F8903048
:10D4D00084F8A630BDE8384000F09ABDF8B506469D
:10D4E0001D4F04F097FC034601210020BB60FCF7B0
:10D4F0006BF830B34FF4C0720021044611F03CF8D1
:10D5000001210846FCF760F87F69054680B14FF4B9
:10D51000C072002111F030F8C7B13046FFF784FF28
:10D52000204601F063FC2846BDE8F84001F05EBCEF
:10D5300067B13046FFF778FF2046BDE8F84001F0BC
:10D5400055BC40F691013220FBF736FC40F69B01BA
:10D550003220FBF731FC00BFE0040021014B024AFE
:10D560005A617047E0040021A4DA0001036810B595
:10D570004BB1074A03F16C045169C2E900340B68EE
:10D58000BDE81040184740F67F113220FBF714FC2D
:10D59000E004002110B50F4C606800F011FE637BC1
:10D5A0008BB9206801216268002311710246A0F83E
:10D5B00079316C3082F87B3100F08AFD2068BDE85B
:10D5C000104002F07FBB0DF0EBFA0CF03BFA0023A9
:10D5D0006373E6E7E004002180F84B10704700BF5A
:10D5E00011F001031FD04FF0010C0222634680F8B6
:10D5F0007CC111F0020F0ED000EB030C490700B5FF
:10D600004FF0020E8CF87CE103D51044042380F81F
:10D610007C315DF804FB4A0704D51844042380F8E4
:10D620007C31704770470122E3E700BF80F8571054
:10D63000704700BF38B590F840C0ACF1020EBEF1A3
:10D64000010F98BF00290CBF0124002408D00CF062
:10D65000FD000038BDE8384018BF012004F014BEBA
:10D6600002F0FD0205461946101E18BF012013F0F6
:10D670007DFD082801D0204638BD95F840C0E6E77A
:10D6800090F8400000F0FD00003818BF012004F0C1
:10D69000FBBD00BF90F8A6303BBB10B5044603F0BD
:10D6A000FF0094F85430022B07D0012B08BF042947
:10D6B0000CBF0120002002D010BD0429FCD1D4F8F9
:10D6C0001031A3B9236DBBB106F0D8FC216D04F174
:10D6D000E80001F0DDFC06F0D7FC042384F8A73055
:10D6E000FF2384F8A630012010BD002070474FF4BE
:10D6F00020613220FBF760FB40F601213220FBF76E
:10D700005BFB00BF80F84010704700BF38B504468F
:10D7100090F8400000F0FD0004F14201003818BF0D
:10D72000012084F8410004F095FD94F84030023B5C
:10D73000DBB2012B94BF0123002384F8483000D9C9
:10D7400038BD04F0E5FF05460EF040FC094BE5FB53
:10D75000030194F84830C4E92001002BF0D00020E8
:10D7600005F098F80028EBD140F629213220FBF78C
:10D7700023FB00BF40420F00B1F1000C4FF0080145
:10D7800010B504460CBF0120002084F856C084F870
:10D790004D0084F84E1009D102F0FD021946101E0A
:10D7A00018BF012013F0E2FC84F84E0010BD00BF4A
:10D7B00008B5A2B180F85A10D2F800C0036DC0F8C5
:10D7C0005BC090F841109288A0F85F205972D0F8A1
:10D7D0004220C3F80A20B0F84620DA8108BD40F69E
:10D7E00047213220FBF7E8FA80F84910704700BF64
:10D7F00080F84A10704700BFF0B5D0F8C8409DF8D7
:10D8000014E0944203D190F840208A4201D00020D5
:10D81000F0BD1EF0020190F8455123D00024A4462B
:10D820002146224611E0314300EB820253F82C607E
:10D830000CF101070134D2F8CC205FFA87FC763274
:10D84000B242E4D1E2B2AA4226D8861896F87C61A8
:10D85000F71E012FE7D80CF1010C41F004015FFA2B
:10D860008CFCE1E70E460A468418013694F87C41A8
:10D87000E71E012F53F8227088BF214300EB82047A
:10D8800098BF41F00401F2B2D4F8CC4004F1760C18
:10D890006745BCD1AA42E7D90EF00500401AB0FA9C
:10D8A00080F04009F0BD00BF90F854305A070ED404
:10D8B00013F0030301D11846704790F8550000F0AB
:10D8C000FD00A0F10100B0FA80F04009704790F827
:10D8D0005600A0F10100B0FA80F04009704700BF87
:10D8E000012938B5044610D094F8543004F16C0581
:10D8F0009B071AD1284600F0EBFB0023A4F87931EE
:10D9000084F87B3184F8703038BD0A4D6B7B002B76
:10D91000EAD00DF045F90CF095F800236B7304F193
:10D920006C0594F854309B07E4D0284600F048FC7E
:10D93000E0E700BFE0040021A03013F011B900BF00
:10D940000149363014F074B9D5AA000110B501218F
:10D9500004460020FBF774FE80B36278034680F82B
:10D960005420217811F0010223D1012011F0020F7F
:10D9700005D003EB020C024602208CF87C0149071B
:10D9800003D51A44042182F87C11A27883F8402040
:10D99000E17801F0FD0283F85510B2FA82F25209E3
:10D9A00083F84C20227983F84B20627983F8572042
:10D9B00010BD0122022083F87C21D7E74FF42E61AD
:10D9C0003220FBF7F9F900BF10B504466C3000F0C7
:10D9D000F7FB0023A4F8793184F87B3184F87030A8
:10D9E00010BD00BF08B501210020FBF729FE28B1BA
:10D9F00090F89400003818BF012008BD40F65F3150
:10DA00003220FBF7D9F900BF9DAE000159AF0001EC
:10DA1000C1C6000151C2000119AC000171BE000174
:10DA2000A1BB0001FDBB0001D5C80001B9C80001C0
:10DA300005C2000195C200013DC30001E5C200011D
:10DA4000D5AB0001A5BE00017DBC000145C70001AA
:10DA5000C9AA000109C6000175C40001C9AA0001D4
:10DA6000C9AA000199C3000111C50001A5C50001A3
:10DA7000FDC3000119CD0001F1AD000125D3000166
:10DA80005DD3000185B20001FDB20001B9BC000107
:10DA9000EDAB000165AC000165AC00019DB9000172
:10DAA00005AC000111C9000118DA000128DA0001F3
:10DAB00040DA000174DA00018CDA00012DE9F04748
:10DAC00005468CB00E4600200121FBF7B9FD002869
:10DAD00000F075820446A83001F0C2F9002846D053
:10DAE00094F85430042B42D0AF6A002F00F05281DA
:10DAF000BD4B9F4263D0043B9F4260D004F098F935
:10DB000007F13B09804602A9484600F0C1FEEB7AC6
:10DB1000B8F1000F00F0BC80DC0606F10D0100F149
:10DB2000F481002F00F050829DF80830022B00F0A5
:10DB30004B8295F83230E522484613F021FF95F8E4
:10DB4000323004464846234485F8323013F010FF43
:10DB500095F83290A9EB0009B9FA89F94FEA5919F9
:10DB6000B8F1000F31D104F11803DBB29FE0204679
:10DB7000FFF710FC0028B7D19C4C04F1080604F113
:10DB80000C070023AA6A002A00F03481A96A0A68F7
:10DB9000B142AA620B704B708B70CB70F2D0B9425D
:10DBA000F0D0206811F053FB231DD3E84F3F013321
:10DBB000211DDBB2C1E8423F002AF5D1E1E704F0C4
:10DBC00037F9814600286ED00024EA7AD10640F168
:10DBD000FB815207AB7A697B03D5EA7EFE2A00F00F
:10DBE000748104F10A02F370717102FB03F30322E2
:10DBF000023332707370D5F80E30C6F806306B8A77
:10DC00003473344473812B7E6373EB7A13F0080012
:10DC100000F00481754C042304F108083371474572
:10DC200079D13379022262F34613AA6A33716AB159
:10DC3000EFF3108272B6AB6A1968A962002A00F08D
:10DC4000C58000221A705A709A70DA70A5F1080126
:10DC5000206811F0FCFA231DD3E84F3F0133211D4A
:10DC6000DBB2C1E8423F002AF5D102274FF0040899
:10DC70008DF804808DF805709DF8042000209DF833
:10DC8000053062F3070063F30F200CB0BDE8F087A6
:10DC9000D80606F11C0100F1418127B19DF808303A
:10DCA000022B7FF446AF182300244FF00109042211
:10DCB0003270AA7A02FB03F3F27002337370D5F864
:10DCC0000B20D5F80F30D5F81300D5F81710726077
:10DCD000B360F0603161D5F81B20D5F81F30726158
:10DCE000B36195F8148095F815A004F0DFF808F1F9
:10DCF000FF338A05DBB253D5032B00F269813C4A1E
:10DD0000D35C7373BAF1000F62D1F476374C04F12F
:10DD10000808474585D004F10C0A574500F0878074
:10DD2000002F00F0AC80B9F1000F2AD0AB6A63B1CC
:10DD3000EFF3108272B6AB6A1968A96202B962B6D3
:10DD400000221A705A709A70DA703946206811F001
:10DD50007EFA231DD3E84F3F0133211DDBB2C1E81A
:10DD6000423F002AF5D1AB6A85F83220434500F0E6
:10DD7000DF80534500F000819DF80830022B00F051
:10DD8000BD803379012262F34613337101274FF0CE
:10DD900004086DE704F04CF805F133098046B2E65B
:10DDA000032B00F21E81124A13441B797373BAF1DC
:10DDB000000FAAD00AF1FF3A5FFA8AFABAF1030F0C
:10DDC00000F20F8152441379B3739EE762B638E7CD
:10DDD0000AF1FF3A5FFA8AFABAF1030F00F2F8800B
:10DDE00012F80A30B37390E704050021F80400210B
:10DDF00044F40201A5F10801206811F028FA231D5E
:10DE0000D3E84F3F0133211DDBB2C1E8423F002A76
:10DE1000F5D14FF40073ADF804302DE703F00301A2
:10DE2000032949D0580749D5012333716EE7AB6AFE
:10DE300063B1EFF3108272B6AB6A1968A96202B9D6
:10DE400062B600221A705A709A70DA706B7D83BBCA
:10DE500032794FF0040863F346123271A5F10801DC
:10DE6000206811F0F4F9231DD3E84F3F0133211D41
:10DE7000DBB2C1E8423F002AF5D10227F8E695F867
:10DE80000B8018F010083FF4F3AE3379A5F10801C8
:10DE9000206867F34613337111F0D9F9231DD3E8D5
:10DEA0004F3F0133211DDBB2C1E8423F002AF5D1CB
:10DEB000DBE64FF00008D1E7307127E7022922D0D6
:10DEC000002940F08A80327120E7F3701B017171E4
:10DED000023373701123337001233371D5F80E3080
:10DEE000C6F806306B8A32737381EB69C6F80D3061
:10DEF0002B8CA6F811302B7EF37407E7337923F0CF
:10DF00006803337142E7317100E79DF81840084615
:10DF10000599C146224610F0DBFB56E69DF81840F5
:10DF2000084605994FF00109224610F0D1FB1AE688
:10DF30003379022262F34613AA6A337162B1EFF3B6
:10DF4000108272B6AB6A1968A96202B962B6002281
:10DF50001A705A709A70DA70A5F10801206811F0F1
:10DF600076F9231DD3E84F3F0133211DDBB2C1E811
:10DF7000423F002AF5D178E6337962F34613AA6A64
:10DF8000337162B1EFF3108272B6AB6A1968A9629D
:10DF900002B962B600221A705A709A70DA70A5F14E
:10DFA0000801206811F053F9231DD3E84F3F0133D6
:10DFB000211DDBB2C1E8423F002AF5D155E64FF4FE
:10DFC000F0713320FAF7F8FE5B213320FAF7F4FE04
:10DFD0004FF4E9713320FAF7EFFEA2213320FAF76C
:10DFE000EBFE40F211310620FAF7E6FE343270B54E
:10DFF000044692B21E460D4611F0F1F824B1034BCF
:10E000001C601D745E741D7170BD00BFF80400219A
:10E0100010B5034C206811F004F9237C237110BD66
:10E02000F8040021014B587C704700BFF804002120
:10E0300038B5154C206811F0FAF800B30546231DD9
:10E04000D3E84F3F013B221DDBB2C2E8413F00292C
:10E05000F5D105F1080334220124184610F08CFA9A
:10E06000EA7C0346FF2147F6FF7064F346126975A8
:10E07000E883184685F82310EA74ED6238BD40F253
:10E0800055113320FAF798FEF80400213330704719
:10E0900038B50446406A08B13B3038BD0B4D28689E
:10E0A00011F0C5F8606260B12B1DD3E84F3F013B12
:10E0B000291DDBB2C1E8423F002AF5D1606A3B303E
:10E0C00038BD4FF4B7713320FAF776FEF80400211B
:10E0D00038B503684BB39A6A52BB596A054629B3EF
:10E0E00001F10800154C8342206808BF2A6011F036
:10E0F000AEF8231DD3E84F3F0133211DDBB2C1E849
:10E10000423F002AF5D12B687BB1A3F108012068BA
:10E1100011F09DF8231DD3E84F3F0133211DDBB2E1
:10E12000C1E8423F002AF5D12A6038BD034CECE734
:10E1300040F28B113320FAF73FFE00BFF8040021B4
:10E1400070B505680646F5B11B49284613F079FD00
:10E150001A4C0023E360EFF3108272B6AB6A23B36C
:10E16000E96A04F10C030B60EB6202B962B6336832
:10E17000596A29B101F10805AB421AD100236B623B
:10E180000023336070BD696A0029F9D00B4C206808
:10E1900011F05DF8231DD3E84F3F0133211DDBB2A1
:10E1A000C1E8423F002AF5D1E8E704F10C03AB6275
:10E1B000DAE71D46EBE700BFBDDA0001F8040021F5
:10E1C00070B50668002E3CD0716A0546002939D02A
:10E1D00001F108031E4C9E420DD0206811F037F863
:10E1E000231DD3E84F3F0133211DDBB2C1E8423F7D
:10E1F000002AF5D12B68002272625A7D8AB1002272
:10E20000A260EFF3108172B69A6AF2B1D86A114A2D
:10E210000260DA6201B962B62846BDE87040FFF7D5
:10E220008FBFA3F10801206811F011F8231DD3E876
:10E230004F3F0133211DDBB2C1E8423F002AF5D137
:10E240002A6070BD3346024CD7E7024A9A62E0E783
:10E25000F8040021000500212DE9F04704680D466F
:10E2600098469DF820109DF824309DF928C09DF80F
:10E270002C90002C00F00A81DFF840A217460646D9
:10E280009AF80420002A7FD0626A002A00F00881F0
:10E2900082F81190EA684AB195F810E0228E724433
:10E2A00040F2726E724500F3BA802286012284F831
:10E2B00018C0A272B9F1000F72D061756A691AB103
:10E2C0005278C2F30312A275EA6912B15288A4F817
:10E2D00019202A78E17AA2F10100B0FA80F0400911
:10E2E00060F30001C8B2E17211F0020140F08E80CB
:10E2F000022A00F0BE80E07A61F34100C0F34001E1
:10E30000E072002A14BF002101F00101E27A61F3FA
:10E31000C302E272AA68002A00F08B80E17A41F021
:10E320000401E172296A00293CD091F90010E175DD
:10E330006968002939D0082B04F10E0200F08F80A3
:10E34000184604F10D0104F0E9F9002800F0B1804D
:10E35000637B43F002036373AA6832BBAA69B9F115
:10E36000000F30D13AB19378527803F01F0352EA8C
:10E37000032200F08780636A002B00F09580002361
:10E3800001206362BDE8F087B9F1020F5BD03FD88E
:10E39000FFF79EFE3368002B7DD10020BDE8F0879B
:10E3A00021758BE769680029C5D1BB1E04F11C01EA
:10E3B000012B4CD91368E36193888B80E776AA69B7
:10E3C000B9F1000FCED00021636A197059709970AD
:10E3D000D970A16A002950D0E16A0B60E36282B172
:10E3E0009178507801F01F0250EA022009D1A26A08
:10E3F000CAF80800002A42D0314A1A600023E262BB
:10E4000033603049204613F01CFCB4E7012172E769
:10E41000B9F1030F3FD1FFF7D3FE3368BBE7FFF736
:10E42000CFFE3368002BB8D040F273313320FAF7B7
:10E43000C3FC2A6A12B192F90020E2756A68002AC8
:10E440007FF479AF8AE7FFF77BFE3368A3E7D8F85C
:10E450000030E361B8F804308B80E776AFE76B7C7F
:10E4600063736B681968C4F80E109B889380AA6860
:10E4700073E740F00200E07248E7A362AEE7104A9B
:10E48000A262BBE73046FFF723FE86E740F2393150
:10E490003320FAF791FC40F256313320FAF78CFC26
:10E4A00040213320FAF788FC4FF4D7713320FAF774
:10E4B00083FCC1213320FAF77FFC00BFF804002160
:10E4C00000050021BDDA00012DE9F843504D0F464B
:10E4D000002604682979984606609DF820909DF8EA
:10E4E00024009DF9283081B9A4F10801286810F0B2
:10E4F000AEFE2B1DD3E84F3F0133291DDBB2C1E82F
:10E50000423F002AF5D1BDE8F8830121C4F8096033
:10E51000C4F80D60C4F81160C4F81560C4F819603F
:10E52000C4F81D60A4F82160A172062A66D8DFE84D
:10E5300002F02B3239653E650400E27A22F01202C5
:10E5400042F01202E27223760123082804F10E023F
:10E55000237547F6FF73E38230D004F10D0104F018
:10E56000DDF800284FD0637B43F002036373E37A46
:10E570005B072ED4FF23E376002323722549204630
:10E58000BDE8F84313F054BBE27A22F0130242F0E4
:10E590001302E272D7E7E27A22F0150242F0150286
:10E5A000E272D0E7E27A42F01002E272CBE7E27A5E
:10E5B00022F01A0242F01A02E272C4E77B7C637313
:10E5C0007B681968C4F80E109B889380E37A5B0718
:10E5D000D0D5A9F1020304F11C02012B07D9BB68B5
:10E5E0001968E1619B88938084F81B90C4E7D8F890
:10E5F0000030E361B8F804309380F5E740F244411D
:10E600003320FAF7D9FBC1213320FAF7D5FB00BF3D
:10E61000F8040021BDDA0001F8B5394D8446002622
:10E6200010462A790F46DCF800409DF91810CCF806
:10E6300000607AB9A4F10801286810F008FE2B1DCB
:10E64000D3E84F3F0133291DDBB2C1E8423F002A26
:10E65000F5D1F8BDC4F8096041F60125C4F815608C
:10E660000122217645EA0325618941F6FF33C4F88A
:10E670001160082821F4DF5103EA0503227547F6EB
:10E68000FF7221F01F01C4F80D60E28204F10E0256
:10E6900043EA0103C4F81960C4F81D60A4F82160BE
:10E6A000638115D004F10D0104F038F818B3637BD1
:10E6B00043F002036373E37A5B0714D4FF23E3762A
:10E6C000002323720F492046BDE8F84013F0B0BA8A
:10E6D0007B7C63737B681968C4F80E109B889380F9
:10E6E000E37A5B07EAD5BB68FF221968E1619B8882
:10E6F000E2762384E4E7C1213320FAF75DFB00BF13
:10E70000F8040021BDDA000118B1407BFF3818BFC2
:10E710000120704720B1C07EFF3818BF012070472C
:10E7200040F29941332008B5FAF746FB20B1807DCD
:10E73000FF3818BF0120704740F2A141332008B5CF
:10E74000FAF73AFB70B50C461646054612F08CFFF8
:10E7500003462846637412F092FF062EA07424D854
:10E76000012303FA06F212F0550F11D0E91C002222
:10E770006370C4E901126B78063B13F0FF0303D109
:10E780001D462374E56070BD09352374E56070BDD6
:10E790009E420AD10322AB1809356270C4E90135E3
:10E7A00000231D462374E56070BD00236370C4E937
:10E7B0000133F5E738B50C46C17811F03F0161D05F
:10E7C000054612F051FF03462846637412F057FFC6
:10E7D000A0742B796370E878830923702B7913F088
:10E7E000010146D14FF0050C4FF00B0E62466160FF
:10E7F00013F0020102D005EB0C017246A16059072B
:10E8000001D50132D2B213F0080104D002F1020C9A
:10E81000A9185FFA8CF2616113F0100104D002F1C3
:10E82000030CA9185FFA8CF2A16113F0200104D047
:10E8300002F1120CA9185FFA8CF213F04003E161A7
:10E8400002D0AB180132D2B200F03F002362031DA8
:10E850009B1A13F0FF0114BFAB180B4663626B7871
:10E86000013B1B1ADBB2237453B10A441544E56023
:10E8700038BD4FF00B0C691D4FF0110E6246B6E724
:10E88000E36038BD20462822BDE838400FF074BE52
:10E8900070B5057805F00F05072D2DD00C460646FE
:10E8A00012F0E2FE03463046637412F0E8FE0122E5
:10E8B000A07402FA05F313F055030CD00023F11CE9
:10E8C0006270C4E901137378063BDBB223748BB129
:10E8D0000936E66070BD954208D103212374E360D8
:10E8E000721809366170C4E9012670BD6370237423
:10E8F000C4E90133E36070BDBDE87040FFF75ABF63
:10E900000378012B10B43AD0022B0CD093B9033901
:10E910004278012902F0100419D974B964F3C302D2
:10E920004461427009E04378002223F00303C0E908
:10E93000012243700339012917D94378002210BC02
:10E9400023F02003C2610274C2604370704734B187
:10E9500022F003024270D206C0E9013308D44378A2
:10E96000002223F00803426143704378DB06E4D5BC
:10E970004378002223F0400302624370DDE74378CE
:10E980000022022923F0020382604370D5D0DBB25B
:10E99000426062F300034370CCE700BF0122002312
:10E9A00040F2011C51400271A0F800C0C3704371D5
:10E9B0008170704710B4012B114C9DF804C0C0F851
:10E9C00002400ED0022B06D01BB901704270A0F895
:10E9D000033010BC70470022012310BC0280437139
:10E9E0007047ACF1020C4FF0000310BCBCFA8CFC79
:10E9F0004FEA5C1C6CF307036CF30F230380704732
:10EA00000001010003782BB14B78002223F00103B1
:10EA10004A604B7043782BB14B78002223F00203FD
:10EA20008A604B7003792BB14B78002223F02003CE
:10EA3000CA614B7083782BB14B78002223F0080316
:10EA40004A614B70C3782BB14B78002223F010033E
:10EA50008A614B70437913B100230B74CB6070470C
:10EA60004378002223F022038260C2614370704722
:10EA7000D0F81011F0B5D0F8C86090F8455189B1C0
:10EA800000210C460B4600EB83030131D3F8CC2068
:10EA9000CBB27632AB421444F5D9A6420CBF022069
:10EAA0000120F0BD8C460F4600EB81010CF1010CFA
:10EAB000D1F8CC405FFA8CF104F1760EA94277448C
:10EAC000F2D90721BE42A6FB011422D0D0F8C070B3
:10EAD000C919D0F8C47044EB0704D0F8CC701DB34A
:10EAE000D0F8D0C0012D674407F1EC0703D0D0F86F
:10EAF000D40076300744BE4205D08A4273EB04044A
:10EB000016D30120F0BD8A4273EB040410D2032017
:10EB1000F0BDD0F8B070C919D0F8B47044EB070458
:10EB2000D0F8CC70002DDBD17637BE42E5D1EAE7D4
:10EB30000220F0BD0328034607D040F2347240F6AD
:10EB40002450022B08BF1046704741F6F64070472C
:10EB500040F28A31212008B5FAF72EF938B504467B
:10EB6000FF2380F8153100F58C7528460EF036FC31
:10EB7000284604F5A4750EF06BFC28460EF02EFC1A
:10EB800028460EF065FC00212046FEF7A9FE94F809
:10EB900016313BB1D4F8083153B104F1E80005F067
:10EBA0004BFA09E0D4F8100110B1D4F808319BB148
:10EBB00004F1E80005F0D0F9002384F8153194F849
:10EBC000160110F0FF0018BF0C2084F81631C4F8AD
:10EBD000103184F8143138BD00F5E47005F0BCF94B
:10EBE000E6E700BF022910B52AD013D8012934D195
:10EBF000044608460CF0F2FA4AF2A133194A0344DB
:10EC0000D4F81011A2FB0320800900F5257001B192
:10EC1000400010BDCB1E012B1FD840F2DA3340F26A
:10EC2000AC740846042918BF1C460CF0D7FA4AF207
:10EC3000A1330C4A0344A2FB032304EB931010BD41
:10EC400008460CF0CBFA4AF2A133064A0344A2FB71
:10EC50000320800900F5BE7010BD40F217119E2000
:10EC6000FAF7AAF8D34D62102DE9F04104460DF0F1
:10EC7000ADF905460E46D4F81021D4F8C8E094F852
:10EC80004571002A46D04FF0000C6046634604EB05
:10EC900083030CF1010CD3F8CC205FFA8CF37632AD
:10ECA000BB421044F3D986450CBF022701273846E2
:10ECB0000DF090FA3F2829D9411CD4E9363259D0B9
:10ECC000C118914228BFD01AD4F8A830D4F8AC208B
:10ECD0005B1B62EB0602012B72F1000151DB00218C
:10ECE000984291415EDA41F28836864228BF064654
:10ECF000C5F190050DF06AF90544B54206D83946CC
:10ED000030460DF093FA0546002852D100252846DA
:10ED1000BDE8F0811046134604EB83030132D3F8BB
:10ED2000CC10D3B27631BB420844F5D907238645CF
:10ED3000D4E92C1CAEFB03382ED0D4F8C0209B188D
:10ED4000D4F8C42048EB0208D4F8CC20DFB1D4F8C2
:10ED5000D000012F024402F1EC0203D0D4F8D40019
:10ED600076300244964511D099427CEB080817D3BF
:10ED700001279CE7D61A41F288339E4228BF1E46DF
:10ED8000B6E70026B4E776329645EDD199427CEBA2
:10ED9000080805D203278AE7CB184CEB0808D3E70D
:10EDA000022784E741F28832934228BF13461E4669
:10EDB0009EE70DF011F9D4F8E020D4F8D830B0185F
:10EDC000D4F8DC203344C4F8E0009342C4F8D830CF
:10EDD00003D1D4E93A23C4E930230DF0F9F896E7DA
:10EDE000014B1870704700BF110000210D4B00212E
:10EDF00041F6690210B519601B6893420CD80446AD
:10EE000090F8143123B190F814310BB1FFF7A6FE3E
:10EE10000023A4F80C3110BD40F65E012120F9F763
:10EE2000CBFF00BF0C05002110B5044690F814314B
:10EE300013B190F814311BB90023A4F80C3110BDA4
:10EE4000FFF78CFE0023A4F80C3110BD90F81431AC
:10EE500003F0FF020BB910467047FFF77FBE00BFFB
:10EE600090F86C00003818BF01207047F0B585B0ED
:10EE700090F81421002A40F09A8002F0FF030A78EB
:10EE800002F0020402F0040512F001020393CDE93E
:10EE9000013320D08E680196002C6FD1002D73D0E5
:10EEA0000B6914460122763E029380F845214B6897
:10EEB000C0E93236C0F8F83040F27123A0F8FC30D7
:10EEC0003DB10DEB840300EB84045B68763BC4F832
:10EED000CC3005B0F0BD7CB9002D63D00D6940F297
:10EEE000712280F845414B680195A0F8FC20C0F8DC
:10EEF000C830C0F8F830E4E74FF0010C964667469A
:10EF000004AE06EB8E0ECE684EF80C6C0DBB40F2D4
:10EF1000712480F845214B68A0F8FC40C0F8C83047
:10EF2000C0F8F8302AB9019B763BC0F8CC3005B068
:10EF3000F0BD019B763BC0F8CC3001230DEB830282
:10EF40005C1C00EB83035268E4B2763AC3F8CC2031
:10EF5000B6E70E690DEB8C0C80F845714968CCF86A
:10EF60000460C0F8C810C0F8F81040F27121A0F891
:10EF7000FC10002ADDD1002CA3D0DFE74FF0020CFB
:10EF80004FF0010E6746BBE740F27122763E80F8F3
:10EF900045514B68A0F8FC20C0F8F830C0E9323683
:10EFA00005B0F0BD40F2BE212120F9F705FF40F287
:10EFB000A5212120F9F700FFD0F8102142B190F8E7
:10EFC000143103F0FF020BB910467047FFF7C6BDBE
:10EFD0000C221046704700BF70B590F8153113B180
:10EFE0000026304670BD04460D460CF0EFFF94F845
:10EFF0007831062D46D8DFE805F0290404073104EE
:10F0000004000126304670BD033B012B8CBF4FF43A
:10F0100057724FF46172D4F8B010D4F8D830401A57
:10F02000A3F58E738518AB428CBF01260026D8D875
:10F030002046FFF719FE0028D3D0D4F8D860A6F5F3
:10F040008E76B5422CBF00260126CAE7022B12D0CD
:10F0500007D8012B11D14FF40472DCE74FF4027290
:10F06000D9E7DA1E012A08D8042B40F2563208BF2D
:10F070004FF4E562CFE7F822CDE740F217119E206A
:10F08000F9F79AFE4FF44B712120F9F795FE00BF76
:10F09000F8B50E4605460021D6F8D00106F5E4770E
:10F0A00004F0B0FFA84204460BD00146384604F0F5
:10F0B00071FF00232B628CB900220023C6E9722362
:10F0C000F8BDD6F8D03182689A4217D2826912B35D
:10F0D0000146384604F05EFF0023236204F0DAFFA5
:10F0E000E8B1A168B4F92400D4E900325B18A6F8AD
:10F0F000EC0142F10002C6E97232F8BDC56907624F
:10F10000002DD9D004F0C6FF48B1A968B5F9240094
:10F11000D5E90032EAE7C56907628360F0E740F2AB
:10F1200041712120F9F748FE2DE9F04F91B00446D6
:10F130001D460E46BDF86830039207930CF046FF5B
:10F14000D4F8CCA0804604910AF1760094F84511D9
:10F15000834651B1012304EB83020133D2F8CC2062
:10F16000DBB276328B429344F5D9D4F8C890D945B6
:10F170004CD1002D4AD094F81431002B40F0C080BF
:10F18000039B002B40F070826FF00043D4E92A12F9
:10F190009A4208BFB1F1FF3F00F0CA8194F84431B0
:10F1A0002046234493F87C11FFF71CFD039B054682
:10F1B0000B908DF8283018F5B3730AA80E93049BB2
:10F1C00043F100030F9340F20243ADF830300EF0EC
:10F1D0001FF9002800F095820E9AD4F8A8300F99F4
:10F1E0009B1AD4F8AC2062EB01025B1B62F10003B6
:10F1F000002B80F29D81DDF80CA001234546049F81
:10F20000D346CDF814A0CDE9063A0EE1039B002BBE
:10F2100040F0AC80D4E93A37A8EB0302B2FBF9F234
:10F2200009FB02F2002D76D19D1808F5B373A3EB0C
:10F23000050347F10007994594BFA3EB09099946D7
:10F24000002900F046828145C0F02582A9EB0A0919
:10F250000122A9F17609012914D0D4F8D00000F1D7
:10F26000760CCC4505D8A9EB00000132A0F1760957
:10F27000D2B2022906D0D4F8D41001F1760081452B
:10F2800080F01E82A1189346204691F87C11CDE9AA
:10F290000532FFF7A7FC484404EB8B01D1F8CCA062
:10F2A0008245DDE90532C0F0E481AAEB090ABAF132
:10F2B000000FC0F221825D19D4F8E800D4F8B03014
:10F2C00047F10007D4F8EC101B1A00F11382D4F8B0
:10F2D000C820B3FBF2F302FB03F31B1841F100015A
:10F2E000C4E93A31EB1A00F105829342B3FBF2F123
:10F2F00034BF00230123079105930023069394E074
:10F30000B4F90C31002B3FF43BAF039B73BBD4F833
:10F31000C890D4E93A37A8EB030513EB09024FF084
:10F32000000B47F10007B5FBF9F509FB05F5AD1832
:10F33000A5EB080247F10007B2F5B37F80F0018129
:10F34000D4F8B820D21AB2FBF9F209FB0233EB1A57
:10F3500019EB0505B3FBF9F247F100074B4507929E
:10F3600034BF00230123CDE9053B5EE001210023EA
:10F37000CDE9051318F5FA65049B43F1000704F085
:10F380007DFE04F035FE034604F1E8001946CDE9A0
:10F39000083004F0FFFDD4F81011089B19B109984A
:10F3A000FFF776FE089B002B00F07781B3F924204D
:10F3B000D9459868A4F80C211A680CBFD4F8F090CD
:10F3C000D4F8C890801859684A4641F10001CDE947
:10F3D000005713F0DAFA81458346C0F0868145195B
:10F3E00047F1000704F050FE079BD4F8C810002B2B
:10F3F00000F099809AB242F2107C28463B46E2FB2C
:10F400000C03C4E92A0301F2CF735B444FF0000BF5
:10F41000B3FBF1F301FB03F3EB1AC4F8E83067F137
:10F420000003C4F8EC300123079304EB0B032046E0
:10F4300093F87C11FFF7D6FBD4F8A83081465A1B0D
:10F44000D4F8AC3063EB0703012A73F10001C0F27A
:10F45000EB8000219245994100DB924604EB8B0B37
:10F46000DBF8CC30534528BF5346C4F8DC30059B4D
:10F47000002B40F09680039B2BB1D4E93A03C4E9FA
:10F480003003C4E92C570423C4F8D8902A462046F8
:10F49000C4E92E5773723B46FFF7EAFA069B3072B7
:10F4A000C6F80490002B00F0BA8001230499337051
:10F4B000D4F8A830D4F8AC20B3EB080362EB010217
:10F4C000012B72F10001C0F2CD80904D00219D42D0
:10F4D000914100DB1D46D4F81021D4F8C800002A61
:10F4E00000F0A5804FF0FF331F469845049971EB5B
:10F4F00007020ED2B3EB08034FF00002284667EB79
:10F5000001076FF001019942BA4102D39D4228BF21
:10F5100018463061D4F8DC00484534BF0020012093
:10F5200011B0BDE8F08F4FF0FF306FF0004368E797
:10F53000002301224546049F9B46059306920793AC
:10F5400073E794F87C112046FFF74CFBD4F8E820D1
:10F55000D4F8B8300421D4F8C8509B1A0B90204638
:10F560008DF831108DF828B0B3FBF5F305FB03F3EC
:10F570009A18D4F8EC3043F100030E920F93FFF782
:10F5800077FA29468DF830000AA811F027FE031EED
:10F59000079018BF0123CDF818B0DDE90E57059389
:10F5A00043E7079BB4F90C01590089B212F097FCAC
:10F5B000B4F80C21D4F81011C317121A12B2A4F81F
:10F5C0000C2161B1A1F8EC21D1F8C8211218C1F8C1
:10F5D000C821D1F8CC2143EB0202C1F8CC21D4F8E8
:10F5E000E8202D1843EB07078018D4F8EC20C4F866
:10F5F000E80043EB0203039AC4F8EC30002A7FF4DE
:10F600003EAF0423C4F8D8902A462046C4E92E57BA
:10F6100073723B46FFF72CFAC6F804903072002351
:10F62000C6E90457337075E74FF0000A16E794F8FF
:10F6300045711146134604EB83030132D3F8CC30F5
:10F6400076331944D3B29F42F5D207238842A0FBF8
:10F65000033724D0D4F8C0209B18D4F8C42047EB3B
:10F66000020742E7002536E700220123CDE9052302
:10F6700080E694F84501D4F8C810904217D90132B9
:10F680008B42D2B227D204EB82039346D3F8CCA0AC
:10F690000AF176030BE60022DDE59B46A2E6D4F8EC
:10F6A000B0209B18D4F8B42047EB02071DE78B422B
:10F6B0000DD3B3EB410F4FEA410211D21346F6E5E9
:10F6C000A9EB01010132A1F17609D2B2DAE50B46CC
:10F6D000EDE50A46D6E54FF485612120F9F76CFB8C
:10F6E00040F245412120F9F767FB40F24D312120DE
:10F6F000F9F762FBFFF72CFA40F24E412120F9F7AF
:10F700005BFB40F296412120F9F756FB0040420F87
:10F71000F0B5044689B0052900F29C80DFE801F0CD
:10F720001C062B469A082046FEF70AF909B0F0BDE0
:10F7300090F815315BB9B0F87A31C3F30C03002BA4
:10F740007FD090F87831033B012B40F28E8009B0D6
:10F75000BDE8F040FDF71EBF90F8153103F0FF053E
:10F760004BB30121FEF7BCF80BF0C2F809B0BDE8BD
:10F77000F0400DF0A3BDB0F87A31C3F30C03002BB9
:10F7800065D10022012302A920460092FFF7CCFC9C
:10F790000028C8D002A904F58C700DF0ADFD00283A
:10F7A000C4D140F275712120F9F706FB09B0BDE81C
:10F7B000F0400BF087BA0CF069FDD4F8E830B0EBFC
:10F7C000030CC4E92C0174D494F84561D4F8C870D2
:10F7D00002940595002E6AD02946BCFBF7F207FB80
:10F7E00002332A46C01A2B4604EB8303D3F8CC30ED
:10F7F00003F1760E864503D876380131C01AC9B2B6
:10F800000132D3B29E42EFD2B4F87A3184F8441177
:10F81000C3F30C038DF818100BBBBC4534BF012596
:10F82000012302A88DF810508DF81930FDF79EFEC7
:10F83000D4F8D800A0F58170C4F8E0000CF0C8FB43
:10F8400074E7FFF711FA00287FF470AF7FE7FEF747
:10F85000BBF896E74FF4E5712120F9F7ADFAD4F83B
:10F860004021032500230392DBE790F87031002B41
:10F870007FF46DAF012144F2365084F870110CF022
:10F88000D5FC00283FF463AF0CF0A6FBD4F8D830C9
:10F89000D4F8E02044F2365003441044C4F8D83081
:10F8A000C4F8E00009B0BDE8F0400CF091BB294677
:10F8B000AAE7FFF74DF900BF30B589B090F81421E1
:10F8C000002A4ED1044602F0FF03FF2280F81421E3
:10F8D00080F8153190F845519C4680F84431A0F8E5
:10F8E0000C31184604EB83030CF1010CD3F8CC2047
:10F8F0005FFA8CF376329D421044F3D2D4F8C830CC
:10F90000984221D0D4F8CC20E5B1D4F8D030012DE4
:10F910001A4402F1EC0203D0D4F8D43076331A44FE
:10F92000C4F8F02000230091012202A92046FFF72D
:10F93000FBFB60B102A904F58C700DF0DDFC58B141
:10F9400009B030BD7632EBE741F28832E8E74FF498
:10F950001F712120F9F730FA40F27D212120F9F7BB
:10F960002BFA40F267212120F9F726FA38B590F8F2
:10F970001431E3B90D4621B304460246134900F59C
:10F980008C700DF0AFFC1149224604F5A4700DF007
:10F99000A9FCC4F8105195F88C3003F0FF015BB955
:10F9A00084F816112046BDE83840FFF785BF4FF4B4
:10F9B00023712120F9F700FA40F293212120F9F771
:10F9C000FBF940F28D212120F9F7F6F911F700013A
:10F9D00038B504460D460246084900F58C700DF016
:10F9E00081FC04F5A470224604490DF07BFC2946F5
:10F9F0002046BDE83840FFF75FBF00BF11F70001A8
:10FA000090F87B315F2B2DE9F04F044687B049D841
:10FA10005A09A64911F80280B8F1040F00F01881C4
:10FA200094F9792103F01F0394F87A51002A45EAEA
:10FA3000032594F87931B4BF4FF496721E22DB0986
:10FA400002FB05F50CBF1E264FF496760AF0ACFBC0
:10FA5000A5EB00090AF0D2FB94F87931074609EBCF
:10FA6000060A13F0400F2F44914D0CBF4FF4FA7B60
:10FA70004FF0320B11F07AF88E4B5844B9F5E07F15
:10FA80000AFB0055A3FB05354FEA954570D994F85C
:10FA9000153153B10AF02CFF0DF010FC012007B016
:10FAA000BDE8F08F4FF00008BAE74046DFF808A243
:10FAB0000BF08CFB814B53F828904AF2A1334B4456
:10FAC000AAFB032306EB9316BA3606EB450606445B
:10FAD00040460BF07BFBA6EB000B40460BF07EFB99
:10FAE00094F85410A9EB00090BF58E7B0129AAFBB1
:10FAF00009A94FEA991900F0B1804046FFF71AF8BA
:10FB0000D4F8B030ABEB0908D4F8B420933B804470
:10FB10006B4842F1FF32DB19007842F100025B1BB7
:10FB20004FF00005CDF8048062F10002FE288DF848
:10FB300000504FF00405CDE904328DF8095000F073
:10FB4000A780490740F1A4808DF80800694604F5B4
:10FB50008C70C4F8D880C4F84061C4E92E320DF02E
:10FB6000CBFB002896D140F2EE612120F9F724F971
:10FB70004046DFF844A10BF029FB504B02464046BB
:10FB800053F8289009F2E733AAFB031306EB931608
:10FB900020363E442E4416440BF018FB8346404664
:10FBA0000BF01CFBA9EB0009A6EB0B0BAAFB09A9A8
:10FBB00094F854A0BAF1010F4FEA99195CD040466D
:10FBC000FEF7B8FF0BF58E73D4F8D8B0A3EB09039A
:10FBD00003EB0008C34528D2394B93F80090B9F1E4
:10FBE000FE0F45D01AF0040F42D048460CF0F2FA4E
:10FBF000A8EB0B034946402B38BF4023834228BF64
:10FC00000346184698460CF011FB00283FF447AF16
:10FC10000CF0E2F9D4F8D8304344A3F58170C4F86D
:10FC2000D830C4F8E0000CF0D3F9103F94F8441138
:10FC3000022200237F1B68468DF8101003978DF871
:10FC400008208DF81130CDE90046FDF78FFC25E73F
:10FC500000224FF0030880F87021E1E6A8F10208C5
:10FC60005FFA88F8B8F1020F1AD940F6480047E762
:10FC70000CF00EFB8146B8E7A8F102085FFA88F89D
:10FC8000B8F1020F09D8094B03EB8803586899E7CC
:10FC90000CF0FEFADDE9043256E740F6480091E741
:10FCA000024B03EB880358682AE700BF4CF40201BB
:10FCB0003F420F0083DE1B43D34D6210A0F60201CA
:10FCC0001100002110B588B090F8152172B902F02A
:10FCD000FF0302A904461A460093FFF725FA60B114
:10FCE00002A904F58C700DF007FB80B10AF000FE4C
:10FCF00008B0BDE810400DF0E1BA2046FDF720FE47
:10FD00000AF0F6FD08B0BDE810400DF0D7BA40F299
:10FD10005C712120F9F750F801292DE9F04F0546D3
:10FD200083B030D9022940F0D480D0F81031002BB4
:10FD300000F0D4800024224683F88C4090F878119B
:10FD400061F3070261F30F22A3F87420FF2683F802
:10FD500076600339D0F81001012900F13C008CBF16
:10FD60000021012112F029F8D5F8100113F089FCC7
:10FD7000C5F8104185F816610AF0BAFD03B0BDE878
:10FD8000F04F0DF09BBA01F0010A0026D0E92C9843
:10FD90000AF02CFA95F8787183465046394611F0EE
:10FDA00081FA044638460BF019FA0146BAF1000F01
:10FDB00003D0BB1EDBB2022B75D94FF4FC7214EBDF
:10FDC0000B0346F1000613EB09044C4B48EB060607
:10FDD00033F8173003F2E7330B444949A1FB03130F
:10FDE0009B09E31A66F100069C1846F1000612F022
:10FDF000BEFD8A30D5F81071241AD7F81C8066F140
:10FE0000000604F0EFF805F1E803834232D04246E1
:10FE1000D7E97201CDE9004612F0B7FD804567D3FE
:10FE2000384BD5F810211B6892F87E10834212D906
:10FE3000D369D3620344002947D141F66A010D46D4
:10FE4000884215864FD21B1946F10006C2E9723668
:10FE500003B0BDE8F08F59BB2B4BA3FB001340F25E
:10FE6000E2419B0A01FB03F3D36241F66A03138666
:10FE70000346E8E797F87D000028D1D0D5E93A9A03
:10FE800004F008F938B9B7F9EC31A7F8EC0113EB35
:10FE900009094AEBE37A424648465146CDE9004615
:10FEA00012F073FDBCE7194A02EB83031A6986E777
:10FEB000174BA3FB001364215B0901FB03F3D3621F
:10FEC0004FF4FA7313860346BDE74FF4FA710D46FB
:10FED000B6E740F642012120F8F76EFF40F2DD71EF
:10FEE0002120F8F769FF40F2D2712120F8F764FF72
:10FEF00040F261312120F8F75FFF00BFB4F6020144
:10FF0000D34D62100C0500215917B7D14CF40201F2
:10FF10001F85EB5108B558B101280CD10B4B40F6A9
:10FF2000C4121A601A6841F669039A4208D808BDDB
:10FF3000064B1860F6E740F655012120F8F73CFF24
:10FF400040F65E012120F8F737FF00BF0C050021C5
:10FF500010B504460FF091FA08B9002010BDE04337
:10FF60000FF08BFA0028F8D0E31683EAA4635A1E38
:10FF70001A42F2D0E3B25A1E13405A1E1342ECD07A
:10FF8000A0B212F000F80B28E7D8204611F0F7FFD6
:10FF90001828E2D8A3B2B3EB144F04D184EA142397
:10FFA00013F0FF1FD9D0044B6340581E184000388F
:10FFB00018BF0120D2E700BFD6BE898EF0B5070C6E
:10FFC000164BA7F5AA4203EA9023543A012A20D9F6
:10FFD00027F4004042F6AA22801A18BF012000220E
:10FFE00016211F24164687EA060562EA0505013533
:10FFF00011D0DD0301394FEA5303ADB245EA56068D
:020000040101F8
:100000004FEAC4354FEA5404ADB245EA5202EAD190
:10001000F0BD0020E3E70020FAE700BFE0FF3F006B
:10002000F8B50D46074640F67A4CBDF81860A81F93
:10003000BDF81C1080B2604515D8941FA4B2644569
:100040008CBF0020012087B9194C247984B188B96C
:100050006FF45067EC19062C04D86FF4506414192F
:10006000062C07D9F8BD0020EDE797F87D40EDE7B5
:100070000028F7D0954218D803FB0111B1F5FA7F9B
:1000800013DCA6F10A0340F676409BB283420CD8FB
:1000900010460FF0DDFA42F2107341435E43B6EBB7
:1000A000410F8CBF01200020DCE70020DAE700BF11
:1000B0009C050021F7B5002506462C463278ABB2E8
:1000C0009A4207D8104B0020B3F854201444A3F8E8
:1000D00054400FE006EB85076946B7F8010011F0C0
:1000E00012F970B90199B7F80330B1F8A62093421C
:1000F00002D9122003B0F0BDD21A23449CB2A1F859
:10010000A6200135DAE700BF9C050021304BF0B591
:10011000B0F868700C4611461A88B0F8666085B071
:1001200097425D8828BF1746964228BF16461B2E69
:100130002ED0B5F5A47F2DD040F6480301AA9D42EC
:1001400028BF1D460FF09EFABDF80A30BB4228BFFB
:100150003B46E380BDF80C30AB4228BF2B462381E1
:10016000BDF80630B34228BF33466380BDF808307F
:10017000AB4228BF2B46A380FF232370E3881B3BA1
:100180009BB2E02B08D940F2E7613920F8F714FE62
:100190001B2FCED105B0F0BD63881B3B9BB2E02B7B
:1001A00002D940F2E961F0E7238940F64812A3F54D
:1001B000A4739BB2934202D940F2EB61E5E7A388B6
:1001C000A3F5A4739BB29342E4D940F2ED61DCE75E
:1001D0009C050021F0B502780346DFF894C001F1D8
:1001E00008060A700025427840F2712E4A70827823
:1001F0008A70D0F80320C1F80320B0F80720A1F8D6
:100200000720427A4A7294079CF8200001F12204E8
:1002100081F8490002F0010048BF0130520744BF95
:100220000130C0B2EAB2904207D89CF8393081F868
:100230004830002381F84A30F0BD03EB0512013548
:1002400057890EFB07F746F8047F97890EFB07F7DF
:10025000F760D78924F8027F178AE780578AA78139
:10026000978A6782D78A2783128BE283DAE700BFF7
:100270009C050021F7B5002304460E461746CDE93C
:1002800000336846F9F716FA08B1002016E0009D21
:10029000A542F6D03046EB1C0FF0D4F93946AA78C7
:1002A00010F02AFF0028ECD005F10A036A7A04F165
:1002B0000A01607A10F020FF0028E2D003B0F0BD00
:1002C000054A516A02F11D03127F11F8030BC0F3B6
:1002D000801010F011BF00BFEC0A002101281ED8C9
:1002E000022B0DD1A2F57A700F4B984219D8A1F5C7
:1002F0007A70984215D88A428CBF1220002070472D
:100300000A4882420DD8012B0CBF40F2527340F6CE
:10031000C3139A4205D9A1F6C410054BE9E7122090
:1003200070473020704700BFA7F970028FFD700240
:10033000CBF370020138C0B2032808B504D940F2EB
:1003400011310620F8F738FD014B185C08BD00BFDD
:1003500070F402010138C0B2032808B504D940F294
:1003600011310620F8F728FD014B185C08BD00BFCD
:10037000C8F402010138C0B2032808B504D940F21C
:1003800011310620F8F718FD014B185C08BD00BFBD
:10039000A8F5020107B50E4AB2F85430ABB1013BE3
:1003A0006946A2F8543010F0AEFF20B14FF4E1617D
:1003B0003920F8F701FD019A0120B2F8A630013387
:1003C000A2F8A63003B05DF804FB1846FAE700BFB8
:1003D0009C05002110B504460A48FDF7B7FA0A4902
:1003E0002046FEF743FD2046FDF74AF938B1204686
:1003F000FDF78CF92046FDF79FFA002010BD122072
:10040000FCE700BFB8050021C00500212DE9F04F31
:100410009A4685B0754B04460DF10809744F18686B
:1004200088461B791646029089F8043097F85630B2
:1004300013B1484602F024FB6E4D0021204610F017
:10044000DFFFAB68A4F80080E36396F84A2006EB70
:100450004202B2F82AB058460FF0FAF801466FF49B
:10046000506000238344BBF1060F6BD9908C4FF092
:10047000961284F87E302387626340F2E2420FF0E6
:10048000E7F803F00DFE40F2E2430146A4F8DC3148
:100490002046E161C4F8D81113F0DEF8834601F07C
:1004A00005FD8306297C53BF1B236B88AA881A4647
:1004B000A4F86630504BA4F868201B6884F84410F8
:1004C000A4F846B01BB194F97C10404698473B799C
:1004D000003B18BF012384F87D30484B1B6813B1E3
:1004E00047492088984701236386464B1B6813B110
:1004F000454920889847454B1B6813B144492088DB
:100500009847444B1B680BB120889847424B1B68A7
:100510000BB120889847AB8804F114006A88697889
:100520000333033201919BB2297892B2009104F116
:100530001801F9F7F7F8636973B941F2C41139206A
:10054000F8F73AFC4FF04D1223870123626384F8D9
:100550007E304FF47A7399E7A36913B941F2C5115C
:10056000EDE70FF04FF82062BAF1000F04D002F06F
:10057000C9FD20F07F40A06296F84A302046E96825
:1005800006EB4306338EA384F38EE38413F061F805
:10059000494604F1960010F0A9FF97F8563013B9B8
:1005A000FF2384F82D32BB6D23B1012204F5917134
:1005B000204698471949204610F05FFE02F0A2FD40
:1005C0000C230121B0FBF3F202FB1300C0B2431D68
:1005D000DBB2082B9CBF0D30C3B2204684F8A2309A
:1005E00010F00EFF05B0BDE8F08F00BF341A030114
:1005F0009C0500212C0A00216010002154100021CC
:10060000A405002178100021D605002168100021E2
:10061000E00500216C10002170100021460A002125
:1006200010B503210020F9F70BF8044670B9032137
:10063000F8F7CAFF044620B94FF459713920F8F78A
:10064000BBFB034B93F95C1012F073FC204610BD0A
:100650009C0500212DE9F04F87B0074688460088A9
:1006600004A910F050FE064600287CD1059D95F89F
:100670006F31002B6DD0B8F1020918BF4FF001099E
:1006800095F88E30272B95F8E13043EAD3030CBF61
:1006900089F0010A4FF0000AD90702D4BAF1000F1D
:1006A00063D0B8789DF8104008B901F009FC8DF8C6
:1006B0000B00F87808B901F003FC2E4B8DF80C0004
:1006C000D3F800B0BBF1000F0BD00AF001032046B5
:1006D0000DF10B022946009303ABD84704460028CE
:1006E0003AD19DF80B20B2B39DF80C309BB316465F
:1006F00095F87D2032B1B20703F0020337D5B3B3CA
:1007000002231E46FF2285F82D21B9F1000F28D1C2
:1007100095F82C2102F0FF041ABB85F82C8103A95F
:1007200085F82E61284685F82F31BB88A5F8303131
:10073000BA78ADF80E308DF80C20FA788DF80D20CF
:1007400010F09BFD002385F82D31204607B0BDE851
:10075000F08F814694E70924BAF1000FF5D0002309
:10076000C6E73A24EEE70446EFE71A24EDE709244A
:10077000EBE700BF74100021024B987FC04300F0EC
:10078000010070472C0A0021044B987FC0F3400001
:1007900080F0010000F00100704700BF2C0A00212A
:1007A00010B510F0A8FC214C01F0D2FE01F096FB30
:1007B00011F01CFA03F03EFB02F082F909F0DEF8BA
:1007C000012001F02FFB0021194B1A4A19601A4B26
:1007D000A4F854101A601B2259839A80F922998335
:1007E00099771976154B22835868154A1B89226020
:1007F0001422E06104F12400A176A180A175238474
:100800000DF0BAFE012342F2107204F13A0084F8AE
:10081000243084F83930C4E90A2213F0A2F804F134
:100820004400BDE8104013F0C1B800BF9C05002192
:100830004C10002103021B002C0A002170F402015D
:100840001B004801044B41F64C521B215A6119749C
:10085000C3E90222FFF7A4BF2C0A002173B5344D6F
:100860000446AB68C363334B1B79003B18BF0123BD
:1008700080F87D30304BC36112F041F9064601F03B
:1008800015FB8306297C53BF1B236B88AA881A4655
:10089000A4F86630294BA4F868201B6884F844103B
:1008A000A4F846601BB194F97C1020889847244B2B
:1008B0001B6813B12349208898472349204610F02C
:1008C000DCFC01236386214B1B6813B100212088C7
:1008D00098471F4B1B6813B10021208898471D4B78
:1008E0001B680BB1208898471B4B1B680BB12088F5
:1008F0009847AB8804F114006A886978033303329F
:1009000001919BB2297892B2009104F11801F8F795
:1009100009FF636923B940F2BE613920F8F74CFA48
:10092000A36913B940F2BF61F7E7002002B070BDC0
:100930002C0A00219C05002100093D0060100021C7
:1009400054100021A4050021460A0021781000213E
:10095000681000216C100021701000212DE9F34176
:1009600004460E4612F026FB002800F0B080204618
:1009700012F0B4FB30B1B6F80130013B7F2B01D946
:10098000122004E0204612F0ADFB18B90C2002B092
:10099000BDE8F081204612F069F90028F6D1204622
:1009A00012F0B1FA07460028F0D1204605F004FF06
:1009B0000028E5D042F21073B6F80180F1782046A5
:1009C00003FB08F812F073FB04213078F8F738FEC7
:1009D000054606213078F8F733FE2DB140B141F6D7
:1009E0004B413920F8F7E8F908B3054690F8E5706F
:1009F000384E3368DBB14035284611F0A1FFB0B165
:100A0000284611F08EFF90B93FB1334B28461B6842
:100A1000984760B141F65F41E3E730493A463368B1
:100A200028464969984710B141F66441D9E7204604
:100A300012F04CFB014640B94246204604F03AF819
:100A4000002842D041F66D41CBE7204612F046FB2C
:100A500040B902210DF10600F8F77EFD054658B9B0
:100A60000D2094E7204612F04CFB0028F1D11C4BDE
:100A70001B79002BEDD183E7002110F078FCBDF845
:100A80000630204629462B8012F059FB204612F0F2
:100A900038FB88B9216A204612F03DFB0146284602
:100AA000FFF7DCFE42462946204604F003F80246E2
:100AB00020B141F6904194E70121F0E7084B9B6D8E
:100AC0001BB105F591712846984700205FE7422049
:100AD0005DE700BF50100021581000212C0A0021B2
:100AE0009C05002108B50378032B0ED803F0FD0305
:100AF000012B074B06D1074A07481A6002F00EFA8D
:100B0000002008BD00201860F8E71120F9E700BFB9
:100B10004C100021B500010195030101074B02882B
:100B20009B889A4208D3B0F803309AB222B1044AA3
:100B30000020A2F854307047112070472C0A002181
:100B40009C050021024B1B6803B118470C2070471D
:100B50004C10002108B508F0D5FE0EF065FE024BE2
:100B600083F85C0008BD00BF9C050021014B93F990
:100B70005C0070479C050021F7B5074610460D46FE
:100B80001E4608F0BFFE0EF04FFE0446042F04D8A8
:100B9000DFE807F0062649293300122003B0F0BD34
:100BA00001F046F9A0B19DB9FFF73AFD214612F0D8
:100BB00088FA0021E8B212F092FE10B1214612F03C
:100BC000A2FE1EB1204608F08BFE30700020E5E743
:100BD00003212846F8F734FD0028E7D14220DDE75D
:100BE000FCF700FCEDE707212846F8F729FD00286F
:100BF000E7D0214612F090FEE3E70A212846F8F7F5
:100C00001FFD0028DDD090F83830032BC5D1D0F877
:100C10009850002DD5D0F83D2146284612F082FE8E
:100C2000D5F8F850F5E76946284610F06CFB002827
:100C3000B4D1074B1B681BB9019B83F87C40C0E70C
:100C400001222146684698473A28F5D1A6E700BF19
:100C500064100021B0F9002011B292B2F8B502F58B
:100C6000A0639BB2B3F5206F37D8B0F902301DB244
:100C70009BB203F5A06080B2B0F5206F2DD802F2D0
:100C8000F64040F2BE5480B2A04228D803F2F640AB
:100C900080B2A04223D800294FF00A04C4BF093211
:100CA00011B2002DC8BF093391FBF4F4C8BF1DB2C7
:100CB00008F06CFE0A2367B2064695FBF3F138464E
:100CC00049B208F055FE074B1B6813B1A01B40B298
:100CD00008B90020F8BD9847FBE73020FAE711205B
:100CE000F8E700BF5C100021034B5A8802801B7894
:100CF00083700020704700BF2C0A00217FB58378E5
:100D000006461A2B08D8042B04D9334A22FA03F3D7
:100D1000DB0705D412251AE0292B01D03B2BF9D192
:100D20003088B0F5706FF5D2694610F0ECFA88B9EA
:100D3000019B93F8202102F0FF05C2B9B27883F835
:100D40002121FF2283F8202168460EF0C7FE2846A5
:100D500004B070BD09213088F8F772FC0446002801
:100D600037D002A9B0F8AC0110F0CDFA08B10C25CB
:100D7000EDE70821B4F8AE01F8F762FC20B940F6BF
:100D80001E213920F8F718F803781BB994F8C831F8
:100D9000032BECD1039B93F83621002AE7D194F87A
:100DA000F02102F0FF05002AE1D1B4F8B021A3F848
:100DB000382194F8B82183F83A21027D83F83B2149
:100DC000B27883F83C2184F8F021FF2283F83621A1
:100DD000BDE70225BBE700BF200038040188A1F170
:100DE0001B039BB2E02B0CD8428844F24810A2F5BA
:100DF000A4739BB2834204D8034B002019805A800D
:100E000070471220704700BF9C050021034B1A88D1
:100E10005B88028043800020704700BF9C05002152
:100E200038B50278447802F0010302F0020254EA75
:100E3000030101D1112038BDBAB98578002DF9D050
:100E4000002B18BF002400E01D4620460EF00DFCCC
:100E50000028EFD028460EF008FC0028EAD0054B09
:100E600000209C76DD769883E5E7002BECD000240B
:100E70002546EAE72C0A002113B50088694610F0E0
:100E800067FA044620B9019890F832311BB13A2430
:100E9000204602B010BD90F8DA3003F0FF04002BBA
:100EA000F5D190F8D1309B0706D1FF2380F832317D
:100EB00068460EF013FEEBE70249D23010F0BEFE9A
:100EC000E6E700BF7F2802012DE9F84F03780446CA
:100ED000032B03D912252846BDE8F88F4378032B4E
:100EE000F8D8437E8578002B50D1012DF2D100F047
:100EF000E7FF854340F09D8094F8029019F00105CA
:100F000006D001232269A168E078FFF7E7F90546DA
:100F100019F0020F07D002232269A168E078FFF7D9
:100F2000DDF92843C5B219F0040F00F0868094F86B
:100F300003B00423D4F808A0226958465146FFF7AD
:100F4000CDF9284310F0FF05C5D1B9F1050F0ED139
:100F500094F804900423E16862694846FFF7BEF9FB
:100F600005460028B7D1CB4563D18A4561D1237EA0
:100F7000013B062BAED801210020F8F761FB0546A6
:100F800090B940F618613920F7F716FF072DA1D860
:100F9000A90706D5022D9DD1294B5B79002BA6D13F
:100FA00098E7002D96D0A2E7A830FDF759FF18B1B9
:100FB00095F854309A073ED1657EE278003DA178DD
:100FC000A06818BF0125012AB4F800E014BFB2FAE6
:100FD00082F2022294F818C018BF5209CB071FD51D
:100FE0004B0726690BD56769F319984207D2430866
:100FF0009E4228BF1E46831B9F4228BF1F46104BA0
:1010000083F82150002519775A77A3F81EE083F85A
:1010100020C083F82410C3E90A06C3E90C875AE705
:10102000022902D1D4F81080E9E74B0748BF2769AD
:10103000E5E711254FE70C254DE7002D97D04AE74E
:101040009C0500212DE9F041054688B0002000F004
:10105000E9FE2B78AC788DF804306B7804F001064B
:101060008DF806408DF80530630748BF013600F063
:1010700027FF844349D10DF1060102AA05F10308B7
:1010800040F2712E10468C46E3B29E4219D8214B95
:1010900093F8200093F839308DF81C00A8788DF86B
:1010A0001D3030F0050332D110F0050F2FD01A4C4F
:1010B000D8B2864217D801A8FFF706FF08B0BDE8EE
:1010C000F08104EB8403013418F803702B440CF80E
:1010D000017F9F88DB880EFB07F70EFB03F340F8C8
:1010E000047F8360D0E711F8010F01280FD8D06882
:1010F000A0F6C410A04206D852F8040F0133A0F69F
:10110000C410A042D4D93020D8E71120D6E712204D
:10111000D4E700BF9C050021CBF3700200B589B075
:10112000437940F271218DF8043083798DF80530D0
:1011300001238DF8063003788DF80730B0F80130C0
:101140004B430393B0F803204A430D4991F8201014
:101150000592A2F6C4128DF81C1000218DF81D1006
:1011600008498A4209D8A3F6C4138B4205D801A8BE
:10117000FFF7AAFE09B05DF804FB3020FAE700BFD4
:101180009C0500213C369C002DE9FF410646007875
:10119000012813D17378012B03D9022B0CD1B3880A
:1011A00053B17288B2B1B388A3B10A214A434FF454
:1011B000A0614B439A420DDB12247AE00028FBD158
:1011C0000121F8F73DFA0546002840F08E8040F6F0
:1011D000727107E001210020F8F732FA054620B9C4
:1011E00040F617713920F7F7E7FDB388002B76D169
:1011F000FCF7D0F8002874D195F81431002B72D187
:101200002846FFF7E7F804460028D5D10121DFF88A
:1012100030810846F8F714FA98F83810074619B1E3
:1012200010B940F63371DDE798F81C200023CDE9B2
:10123000023312F001031CBFD8F82C0002905207B1
:1012400041BF04AA02EB8303D8F8342043F8082CEA
:10125000002941D097F81431002B3DD07388DBBBB7
:1012600098F81C303846009302ABD8F8282098F83C
:101270001E10FCF7C1FA78B33846FDF79DFE07F162
:101280004003064605F14002683753F8041BBB4291
:1012900042F8041BF9D12846FFF79CF8024610B12A
:1012A00040F65A719EE70C2E07D101462846FEF7FC
:1012B0008FFB204604B0BDE8F08116B140F66371A3
:1012C00090E798F81D302846296D43F0040385F80F
:1012D0005430FEF74BFBECE7B2887188E6E7112447
:1012E000E7E73A24E5E70C24E3E7FDF7AFFD044622
:1012F0000028DED195F8543095F8A62022B195F853
:10130000A720134385F8A600053B012BD1D82B6DF0
:1013100013B940F6827165E701210846F8F790F9A4
:101320004FF4C072294606460DF0D2F9002386F824
:1013300094300423316D304686F85430C9E700BF3D
:101340009C0500212DE9F04F457A8BB00446A90792
:1013500006D46A070AD1122420460BB0BDE8F08FEC
:10136000AB4B1B7913B945F001054572072DF2D837
:1013700000F0A6FD35EA000040F08E8094F8483079
:1013800053B9012DE7D1A369A24AA3F25373934243
:1013900000F25381012602E015F00106F3D1AB07FC
:1013A00045BF731CB1464FF0FF09DEB26F070AD587
:1013B000B31D994A54F82330A3F6C413934200F2A4
:1013C0003C810136F6B204F1080704F122054FF022
:1013D00000085FFA88F39E422BD823789A1E022ACF
:1013E0005AD9012BB7D813B9A378012BB3D8637896
:1013F000032BB0D894F84930013B062BABD8844F6F
:1014000001210020F8F71CF997F838300546002B29
:101410005BD101210846F8F713F9002818BF0546EB
:1014200005F1A800FDF71CFD0646002867D00C2436
:1014300092E7994532D0D7F804A03B6953458AD842
:101440006A8B2B8C9A4286D80120B5F814B0698833
:10145000EB892A89CDE900B00020CDE90213FEF71F
:10146000DFFD002800F0E980B8F1000F28D02888BF
:10147000029988427FF46FAFE98891427FF46BAFA5
:10148000AA89039B9A427FF466AF6B8A5B457FF41F
:1014900062AF3B689A4513D011245DE7012E0FD14E
:1014A0003A695E49A2F57A738B4200F2C6807B6886
:1014B000A3F57A70884200F2C0809A423FF64BAFA3
:1014C00008F101080437023583E7A830FDF7C8FCAE
:1014D00000289ED06FF00043D5E92A129A4208BF37
:1014E000B1F1FF3F95D1637A2846009304F11803C8
:1014F000E2686178FCF780F90646002889D0284622
:10150000FBF74EFF08B13A2426E72846FBF742FFD7
:101510000028F8D1BB7E53B905AF05937B60062345
:101520008DF81A303846F8F7C5F8002865D0002144
:101530000DF11200F8F710F8074600287BD00123C0
:101540002246BDF81210FEF761FF384607F042F858
:101550001EB961782846FCF7D5F804F10309A27892
:10156000217828464B46FCF765F8002861D016B96B
:101570002846FCF7CBF84B46A27821782846FCF7A2
:10158000FBF894F80980B8F1020F05D000F098FC40
:1015900008EA000808F0050841462846FCF720F84C
:1015A00016B9042385F854302F654A46A0780EF00A
:1015B00049F801462846FCF7FBF8237883B301215C
:1015C0002846FCF711F901212846FCF711F9002EF5
:1015D00035D004212846FCF75DF8002840F08280D1
:1015E0000C2400213888F8F741F800283FF4B4AE05
:1015F00041F296413920F7F7DFFB059B93F8CD20A8
:10160000802A8FD093F8E530002B8BD00FE700BFF6
:101610009C0500213CF67002CBF37002A7F9700222
:101620004A46A1783846FEF725FE0028C7D00B248D
:10163000D7E71224D5E70D248EE630248CE6637AB2
:10164000E16813F001028DF81460069104D0A069DE
:10165000079001208DF814009E070DD5022B09D1AB
:10166000901D54F8200008909DF8140040F00200EE
:101670008DF814000132D2B258071BD59DF8140022
:10168000063203F0050354F8222040F00400052B35
:1016900009928DF814000DD107981318994209D2B8
:1016A0004B08834228BF03460793CB1A934294BF4B
:1016B0000993099205A92846FDF7D8FB94F848102C
:1016C0002846003918BF0121FBF7B0FF94F84910F4
:1016D0002846FBF781FF2846FCF72EF939462846B5
:1016E000FEF744F9002437E610B5437994B0032B94
:1016F00057D823F00203027940F271218DF80630A9
:10170000D0F806308DF80420CDF807304389027BED
:10171000ADF80B3001238DF805208DF80D300388CE
:101720004B43049342884A430792A2F6C412847B37
:10173000417B41EA0421ADF82810047CC17B41EAD9
:101740000421ADF82E10847C417C41EA0421ADF8DF
:101750003410047DC17C41EA0421ADF83A10417D8A
:10176000847D41EA0421ADF84010C17D007E41EA4C
:1017700000210E48ADF8461000218DF84C108DF870
:101780004E100B4990F820008A428DF84D000AD87F
:10179000A3F6C4138B4206D801A8FFF7D3FD14B0FB
:1017A00010BD1220FBE73020F9E700BF9C050021A7
:1017B0003C369C0030B5044695B0002000F032FB6A
:1017C00001A92046FEF706FD054600F079FB9DF8CD
:1017D0000D4034EA000002D0112015B030BD14F0E5
:1017E000050F1CD0072C1AD800F06AFB8443F3D1F4
:1017F00003AB0C49E2B2954203D801A8FFF7A2FD62
:10180000EBE71A69A2F6C4128A4206D853F8042FED
:101810000134A2F6C4128A42ECD93020DDE712204E
:10182000DBE700BFCBF3700273B506230025CDE9DB
:1018300000558DF806306846F7F73CFF08B10026E2
:1018400010E0009D95F8CD30802BF4D095F8E56040
:10185000002EF0D095F83131002BECD195F8CC303A
:10186000002BE8D101210020F7F7EAFE044620B959
:1018700041F2C9413920F7F79FFAA830FDF7F0FA95
:10188000224B93F8383073B3E0B194F85430053BF1
:10189000012B17D82046FDF78FFB054610B141F20A
:1018A000D441E7E72046FBF781FD94F854302A46FF
:1018B000294623F00403204684F85430FEF788F8C4
:1018C00000250DE001210846F7F7BAFE044610B9DD
:1018D0004FF4A751CEE7A830FDF7C2FA60B90C2546
:1018E000284602B070BD28B9002EF8D0FF2385F835
:1018F000CC30E5E7002EF9D12046FDF75DFB05462B
:101900000028EDD12046FBF751FDE9E79C050021B9
:10191000F7B5067804460F46EF2E03D91226304657
:1019200003B0F0BD90F901204378002AF6DB8278FD
:101930009207F3D113F0100048D19D0603F0030283
:1019400041D5002AEAD119074FD503F06702012AD1
:10195000E4D1627A013A062AE0D8A27A032ADDD8D5
:1019600013F0040102D1023A012A03D8E27A012AD3
:10197000D4D811B9A27C032AD0D8227D002847D020
:10198000012ACBD1237E012BC8D8002850D0637800
:10199000D90703D500F0E6F9002850D06378227DFE
:1019A00003F01803082B5AD1022A48D103213046EC
:1019B000F7F746FE0546002857D011F057F90028E2
:1019C0005FD00C26ABE7032ABDD1A7E713F0600F69
:1019D000A4D103F00702052A05D003F00F010D2260
:1019E000CA40D2079AD51D07B3D42179E278E579A8
:1019F00042EA0122617942EA0142A17941EA0521E4
:101A0000257A41EA05418A4288D81F2AA1D885E76C
:101A1000022A04D103F06F03092B7FF47FAFA37D6B
:101A2000013B022B3FF67AAFE37D0F2BAAD975E776
:101A300000F046FA820707D4237D022B01D111263C
:101A40006DE7A37D022BFAD000F03AFA43079ED44B
:101A5000237D032BF3D0A37D032B98D1EFE7022A3C
:101A6000A4D0237F002BA1D0E9E703213046F7F76C
:101A7000ABFD0546002843D0224B93F95C1011F0D2
:101A800058FA0021304611F02AFF28BB284611F0F1
:101A90001AFB21463870E074284604F0EDFEE37E20
:101AA0000646002B3FF43BAF00287FF438AF0246D8
:101AB000E96C6846F7F716FF3246E86C01210DF035
:101AC00002FCE96C68460422F7F70CFF3246314607
:101AD000E86C0DF0F8FB22E7403010F031FF0028F1
:101AE000D4D0637813F0330F7FF418AFA67D284667
:101AF000296A11F010FBFEF71DFC8642C6D060E794
:101B000007260CE79C05002130B502798BB003460F
:101B1000042A4FD84088B0F5804F4BD8264900247E
:101B20001144ADF800408DF808408A7C4D7B42F0AE
:101B300010028DF8244042EA4502CD7D097F42EA39
:101B4000850242EAC102694602F01F028DF80020B8
:101B5000BDF80020ADF809201A888DF80E00000AA3
:101B60008DF80B20120A8DF80D408DF80C208DF8A1
:101B70000F008DF810405A7BD3F807008DF8112024
:101B80005A79059002A88DF812209A798DF81320C1
:101B9000B3F80B209B7BADF818208DF81A307F230B
:101BA0008DF81B304FF00113CDE90734FFF7B0FE7D
:101BB0000BB030BD1220FBE770F40201027803463F
:101BC00072B1427862B142881A2A09D982881A2AE7
:101BD00006D90068034A106000209B8893807047F4
:101BE000122070472C0A002102680020014B9A60E5
:101BF000704700BF2C0A002102680020014BDA6008
:101C0000704700BF2C0A00210378A3F10A02112AB1
:101C10009BBF024A00201220137470472C0A002137
:101C20000378FF2B15D14378FF2B12D18378FF2B3C
:101C30000FD1C378FF2B0CD1037923F0E0021F2AC8
:101C400007D11F2B05D05B09034A002082F8203002
:101C500070471220704700BF9C0500210378012BBC
:101C60009DBF03F00103034A0020122098BF82F8B1
:101C7000393070479C050021014B187600207047D1
:101C80009C050021014B5876002070479C050021DF
:101C9000024B1B6803B11847112070477C100021CC
:101CA00008B5052000F0CAF811F0E0FD014B024A2A
:101CB0009A6508BD9C0500210D01010108B50520AC
:101CC00000F0BCF806F094FA014B024A9A6508BD90
:101CD0009C0500210D01010108B50122054B1A7177
:101CE00004F05CFC05F060FC0EF0F5FEBDE8084079
:101CF00001F03CB8FC05002110B50C20084C00F0A8
:101D00009DF8282000F09AF804F1080005490EF02B
:101D10006DFE04F10C000449BDE810400EF066BEF3
:101D2000FC050021600000216800002110B5094C6D
:101D3000094904F108000EF059FE04F10C000749AE
:101D40000EF054FE04F110000549BDE810400EF0FD
:101D50004DBE00BFFC05002170000021780000216D
:101D600080000021014B1879704700BFFC0500215D
:101D700010B507200B4C00F061F80C2000F05EF865
:101D800004F1080008490EF031FE04F10C00074987
:101D90000EF02CFE04F110000549BDE810400EF0D5
:101DA00025BE00BFFC050021900000219800002105
:101DB0008800002138B5074C0D4600F0ABFFA06845
:101DC00025600EF00BFEFEF73DFD01F0B3F9012397
:101DD000237538BDFC050021014B187D704700BFFD
:101DE000FC05002110B50A4CE0680EF0F7FD2069F3
:101DF0000EF0F4FDFEF7D4FC202000F033F826208E
:101E000000F030F8292000F02DF80023237510BDD4
:101E1000FC0500210048704711060021004870476A
:101E200013070021014B83F819027047FC050021BC
:101E3000014B93F819027047FC050021C2080749BD
:101E400000F0070001238340885C03438B5404495E
:101E50000B78934238BF13460B707047180000216F
:101E6000160800210F4B012110B503EBD002C40866
:101E700000F0070001FA00F0195D21EA0001195590
:101E800009490B78A34205D1002012F8014914B189
:101E900000B10B7010BD002BFAD0013B0120DBB26A
:101EA000F3E700BF1800002116080021014BD3E919
:101EB00000017047180000210048704720000021F1
:101EC000054B1868C0F3C022C0F30020400040EA70
:101ED000820040F0010070471800002108B509F0A9
:101EE000F5FF0023074A32F82310814205D302EBA5
:101EF00083029378044A137008BD01330C2BF2D18E
:101F00000023F7E798F4020117080021024B187824
:101F1000072828BF072070471708002110B544681C
:101F2000238884F87D11A4F87E3194F87400FEF7BC
:101F300011FA84F8800194F87500FEF70BFA054950
:101F400084F8810104F5BA700FF078FE002384F85C
:101F50002C3110BD710B020130B5C1F30723CCB297
:101F60001E4985B0C5B2C0F307220978019049B96E
:101F7000194620460EF007FE20B9114628460EF0FD
:101F800002FE10B32A40224003EA02010B468807F2
:101F900020D411F0010203D1C1F380018900CAB23B
:101FA000990719D413F0010003D1C3F380039B00F8
:101FB000D8B2042A04D1BDF80630012B08BF032291
:101FC000D2B242EA002005B030BD05EA030102EAC0
:101FD0000403DCE70222E3E70220EAE71808002115
:101FE00040680749038800F26710A0F8093010F82C
:101FF000FB3CC37210F8FA3C03730FF019BE00BF2C
:10200000AB0B02012DE9FF4744688946054694F869
:102010008DA0AAF1260359425941052A36D194F8D8
:102020008E30282B37D104F18E0799F8018099F86A
:10203000026008F0070806F0070608F1FF33721E79
:1020400003EA0803324013431FD130460EF023FE4B
:1020500060B394F87430984228D094F82E21164238
:1020600013D0BAF1260F21D094F86D2016421DD15D
:102070000138013B474AC0B2DBB21044032B007960
:102080000FD81A441379834210D9284604B0BDE80A
:10209000F0470EF0BEBDBAF1260F79D104F18D07DD
:1020A000C3E74FF4E4710620F6F786FE40460EF0D3
:1020B000F2FD40B194F87530834204D094F82F318A
:1020C00018EA030FE1D0B9F8039003AB204632467B
:1020D000009341464B460EF0EBFD6C6878BB94F8DC
:1020E0002C31012B28D1B4F8863004F5307294F8E5
:1020F0007410B4F830010EF03DFE0646C0B901463A
:102100002846FFF70BFF3E706B6803F18E02974283
:1021100002D1002283F88E206B6803F18E02974271
:1021200032D128460FF094FF002004B0BDE8F087BC
:102130002C2384F88D30E7E784F82C01E4E7B4F829
:102140008630A4F8C09209F1FF39A9EB030947F6DC
:10215000FD731FFA89F9994506D92823284684F882
:10216000B13001F07FFBD7E794F88E300E2B02D010
:102170000B3B012B01D82A23F0E7BDF80C30A4F863
:10218000C2322A233B70C7E7002283F8CA20CBE77C
:102190000220CAE7C8F40201024B002283F8322071
:1021A0009A8670471A080021044B93F83220012ABE
:1021B0001ABF036001200020704700BF1A080021E9
:1021C000054B024693F8321001291BBF01209A8665
:1021D000002083F8320070471A080021054B0246A0
:1021E00093F8320020B1136009B19B8E0B8001205F
:1021F000704700BF1A080021044B002293F83200F8
:102200009A8610B1012083F8322070471A08002105
:10221000034B93F83200B0FA80F04009704700BFDA
:102220001A08002150B90A4A0120134603F8010B8D
:102230000868C2F801008A889A807047012805D191
:10224000034B0A68D8719A608A889A81704700BFE8
:102250005008002150B90B4B187888B1D3F80120F1
:10226000B3F805300A6001208B807047012806D141
:10227000044BD87920B19A689B890A60F3E7002063
:10228000704700BF5008002110B9044B1878704700
:10229000012806BF014BD879002070475008002163
:1022A000F7B58A8800238DF80600ADF80420086889
:1022B0000B4A8DF807300146147802F5A872019D8B
:1022C000D8B2844201D8082007E052F8087F0133D1
:1022D0005668AE4208BF8F42F2D103B0F0BD00BFD6
:1022E00060080021084B0146002230B55C7803F2FB
:1022F0000113D0B2844201D8082004E013F8015F32
:1023000001328D42F5D130BD60080021F8B52D4C69
:1023100063782218013B92F80251DBB2834263706A
:1023200030D01A010101961C8F1C2644274406F167
:10233000100C56F804EB664547F804EBF9D18232ED
:1023400082312244214402F1100652F8047BB24249
:1023500041F8047BF9D1E118221891F8026182F862
:10236000026106267343704303F5857300F585709B
:10237000E618E35827182350B388BB8091F83A3108
:1023800082F83A312846FFF7ADFF082818D12378A4
:10239000013BDBB29D42237012D02B3305F12B029F
:1023A00004EBC30304EBC20293E8030082E80300DA
:1023B0002078FFF797FF08281CBF241884F80251E3
:1023C000F8BD00BF60080021F0B5254D89B095F833
:1023D000984105F29911684622460CF079F9214698
:1023E00068460EF0A7FE0446B8B300EB400102A811
:1023F000C9B2F6F7FBFE631E95F8A1610124DBB2BA
:1024000095F8981105E0721CB2FBF1F001FB102267
:10241000D6B206F120020DEB020010F8202C002AA3
:10242000F1D103EB430100F8204C06EB46022031CA
:102430002A44694411F8187C82F8A27111F8177CBB
:1024400011F8161C82F8A37182F8A411013BAA1995
:10245000DBB282F89941FF2BD2D109B0F0BD00BFA9
:102460006008002170B5064688B00C46002A4ED0A0
:10247000294A92F8A131D01890F8991119B9FF2181
:102480002820F6F799FC03EB43010133114491F83E
:10249000A251E57091F8A35191F8A41125716171D1
:1024A000002180F8991192F89811B3FBF1F001FB2B
:1024B000103382F8A13192F8C23123B9174902F5DD
:1024C000DD700FF0B8FB65790D220021684605F03C
:1024D0003F0545F0400565710CF04EF8E37804AA1D
:1024E00069468DF80F30304623798DF80D508DF800
:1024F0000E3004230BF08EFE9DF81F3023709DF8E4
:102500001E3063709DF81D30A37008B070BD0321AC
:102510006018F6F76BFED6E760080021C9230101B9
:10252000044B5A78824286BF1B1893F84A01002058
:10253000704700BF60080021044B5A78824286BF72
:102540001B1893F842010020704700BF600800216B
:10255000064B00224FF461711A8083F8C32183F87F
:10256000C421A3F8C61183F8C22170476008002176
:10257000014B83F8C401704760080021014B93F8B8
:10258000C40170476008002110B51446FFF788FEAB
:10259000082813D0FFF7A6FE094B5A7882420DD9BE
:1025A00004B12070184490F83A3190F84A01012B98
:1025B00008BF40F0010000F0010010BD0120FAE763
:1025C000600800212DE9F047824689461746984663
:1025D000FFF766FE08280546064603D0FFF782FE91
:1025E000082860D1324C6378072B5ED8082D15D1AE
:1025F0002678731C072E237003D96C212820F6F748
:10260000DBFB06F12B02D9F8000004EBC20344F80F
:102610003200B9F8042083F806A09A80657807F1A3
:1026200010026B1C290163704B1C234412F8010D2E
:10263000BA4203F8010FF9D1813108F110032144A6
:1026400013F8012D984501F8012FF9D125441021E7
:1026500040460EF0B7FD102185F8420138460EF0D5
:10266000B1FD85F802616678002385F84A0131469C
:10267000104885F83A310EF05DFD0128054607D86F
:1026800031460D480EF056FD002818BF0135EDB259
:1026900084F898510025284684F8A151FFF794FE4C
:1026A0002846BDE8F0871220FBE70720F9E700BFC6
:1026B00060080021A2090021AA090021064B10B5DB
:1026C0005878013840B2002800DA10BDC4B2204664
:1026D000FFF71CFE601EF5E760080021014B83F840
:1026E000C301704760080021014B93F8C301704794
:1026F00060080021431E4AF2B7129BB293429DBF6D
:10270000024BA3F8C6010120002070476008002199
:10271000014BB3F8C6017047600800210A4B30B581
:102720005C7884420ED9184490F802012B3003EBF8
:10273000C004A5790D7053F8300010600120A38803
:10274000938030BD0020FCE76008002170B506468C
:102750000D4608F025FA07F075F90A4890F8C341CC
:1027600064B1417861B100F1820302303246002D3C
:1027700008BF184607F032F907F08AF9204670BD05
:102780000C46FBE76008002108B5064B024603EB48
:102790000113012103F1820007F020F9BDE8084090
:1027A00007F076B9600800210246074810B590F896
:1027B000C34124B1417821B1023007F00FF920461E
:1027C00010BD0C46FBE700BF600800212DE9F74F64
:1027D0002F4C9A46804689466378834256D92318FF
:1027E00093F8425185F00105F9B193F84A31E3B904
:1027F00045F002070135BAF1000F18D1FA070AD5E2
:10280000062104EB0810524601FB0841823001F515
:102810008571FFF727FEBB0734D504EB081052463D
:1028200049460230FFF71EFE2CE02F46E3E794F8FE
:10283000A1614FF0010B002DE0D0A31993F899117D
:10284000019399B90092DAB100F044FC019B06EBC8
:102850004601009A4FEA102C83F899B1214481F87F
:10286000A201000C81F8A3C181F8A401013694F8FB
:102870009831013DB6FBF3F103FB1166F6B2DAE7DE
:1028800047F00407384603B0BDE8F08F0027F9E7AA
:1028900060080021F8B50646174C48B3617804F586
:1028A000A1700EF047FC94F89851074604F2991075
:1028B00029460EF03FFC2D1AEDB2AF421AD8002582
:1028C0006278EBB29A4201D80120F8BDE21892F882
:1028D00042215AB90621324601FB034104EB03139E
:1028E00001F5857103F18200FFF7BCFD0135E7E7D3
:1028F0000546E5E70020E8E760080021F0B51B4E3B
:1029000089B007460D46737883422CD9331893F863
:10291000424144BB0D22214668460BF02DFEEB7868
:1029200006EB071004AA8DF80F3069462B79823028
:102930008DF80E306B798DF80D3004230BF06AFCA6
:102940002A789DF81F309A420AD16A789DF81E3085
:102950009A4205D1AC789DF81D30E31A5C425C4187
:10296000204609B0F0BD0020FBE700BF6008002151
:10297000074B5A78824209D91A1892F842212AB98B
:10298000062202FB003000F585707047002070477A
:1029900060080021064B5A78824281BF1B1893F8C9
:1029A0003A01B0FA80F0400998BF0020704700BF9C
:1029B00060080021F8B50E46074606211546304648
:1029C0000EF000FC044670B10C4B0022587803F264
:1029D0003913D1B2884202D801242046F8BD013211
:1029E00003F8015FF5E7314638460EF0BFFB0828D3
:1029F000F3D0024B034483F83A51EDE7600800211D
:102A0000034B80F87C101B680BB100881847704797
:102A1000801000210B2808B504D940F20D1129209F
:102A2000F6F7CAF9014B33F8100008BDD0F40201E3
:102A300030B5002442F21075A0F84040B0F8444090
:102A40004C43B4FBF2F4A0F84440541E05FB03438E
:102A5000B3FBF2F3A0F84230084BB3FBF2F30133BF
:102A6000A0F84830838F05FB0344436B5943B4FB04
:102A7000F2F4B1FBF2F18463416330BD005A6202AB
:102A8000054B1B7833B9054B1A681B79026003713B
:102A90000120704700207047280A002128000021EB
:102AA000054BFF221A70054A016811600179117106
:102AB00000221A70704700BF280A00212800002158
:102AC00007B5064A10681279009068468DF8042010
:102AD000FFF7E6FF03B05DF804FB00BF341A030103
:102AE0000346084671B13F2B0BD8074AD35C03F06D
:102AF0007F02914205D08CBF0120002000EAD31054
:102B000070470120704700BFE8F402012DE9F04F43
:102B100085B08B461546984602A99DF838400EF0C0
:102B2000F2FB824620B9039E35B9012386F8943022
:102B3000012005B0BDE8F08F7769294638460CF0D2
:102B400061F901460028F4D0224B5B88AB423FD3A9
:102B5000019038460CF092FA96F89430019981462B
:102B6000002BA0F801A018BF4FF0020B80F800B0B6
:102B700008460CF08BFA8246E4B1748FD4B109F0A8
:102B800025FA40F271235C43241841F10001CAF890
:102B900004102A46414609F10300CAF800400BF030
:102BA00097FD294638460CF068F928B98B212B206F
:102BB000F6F702F92146EAE79DF8083033B102A89A
:102BC0000CF08CFF039B0022A3F8CA210023ADE781
:102BD0005046AEE72C0A0021FF230B7002234B70F6
:102BE00083238B70014B1B78CB7070474C0A0021FC
:102BF0002DE9F84FD0F804800C46D8F8186030461C
:102C00000CF02EFA054620B940F253111020F6F7C9
:102C1000D3F8014630460CF031FAB5F800B08246E0
:102C20001FFA8BF717B940F25711EFE7224B00F16B
:102C300003091B68D3B998F8003098F80120237075
:102C4000637802F00F02A4F802B023F00F031343DD
:102C500023F0C00363709AF8003003F00303012BE4
:102C60000FD0022B0DD040F27511CFE73A464946FE
:102C7000B8F80000984705460028DCD12846BDE892
:102C8000F88F6278304663F3051262700CF000FA38
:102C9000054610B940F27F11B8E7FB2F02D94FF477
:102CA000C771B3E73A464946201D0BF011FD304687
:102CB0000CF045F9E2E700BF8410002138B5134C51
:102CC00010220021201D0BF057FC0125257404F172
:102CD00008031022002104F11400C4E901330BF0B1
:102CE0004BFC84F8205004F11803094AC4E9053369
:102CF00000236362A36284F82C30C4F82D30C4F83A
:102D0000313084F835301360A36338BD4C0A00219C
:102D10008410002110B5084C2378FF2B04D04FF409
:102D2000CC711020F6F748F80BF0BAFA2070BDE825
:102D30001040FFF7C3BF00BF2D00002110B5034CAA
:102D400020780BF0C7FAFF23237010BD2D0000215F
:102D5000014B18780BF0CEBA2D000021014B024A2E
:102D60001A6070478C100021F12B0101014B024ABF
:102D70001A6070478C100021F12B01012DE9F341FD
:102D8000DFF88881054608F11407D8F80830D8F82C
:102D90001840227A012A22D1D8F8382052B1137A69
:102DA0001BB9BF211020F6F707F8D8F83840C4B98E
:102DB000002093E01A7A012AFAD01C46544AEFF315
:102DC000108172B650680068506001B962B6A342C3
:102DD00008BFC8F83840237A1BB9EE21E2E73A462B
:102DE000EDE7267AF6B205232372731E0B2B7ED8ED
:102DF000DFE803F07A062336773F4E3F3F3F3F6BD5
:102E0000636813B940F20B21CCE720462946984766
:102E10000420EFF3108272B6237A052BD9B24FF05B
:102E2000000369D12372D8F83810A14201D1C8F843
:102E30003830002A45D162B643E0636813B94FF4D5
:102E40000571AFE72946204698470346ADF80400D0
:102E5000C0B2C3F30723012B3ED0022BD9D129E006
:102E6000636813B94FF407719CE720469847002028
:102E7000CFE7284B1B68002BF9D032466068294603
:102E80009847A6F10A020420534253415B00E4E74D
:102E900063680BB9FE2185E70D222A70012219888B
:102EA000AA706A7100225869A5F80310AA710CF083
:102EB00046F80420D8F83830A34202D10023C8F8DD
:102EC000383000283FF461AF08E0134B2946204614
:102ED0001B689847034668B9267298B102B0BDE8EE
:102EE000F08140F253215DE740F256215AE740F26B
:102EF000592157E70220DDE711B940F27A2151E765
:102F0000184696E7002B7FF440AF51E74C0A0021AA
:102F1000500A0021881000218C100021014B1860FC
:102F2000704700BF84100021134610B5027A22B109
:102F300040F201311020F5F73FFF0A4601460248F2
:102F4000BDE810400EF054BE500A0021044890F82D
:102F50002C301BB9034924300EF067BE704700BF08
:102F60004C0A0021E31B02010346064890F83C206E
:102F70003AB190F8352022B9034900F82D3B0EF004
:102F800054BE70474C0A0021D92B01010A4610B5E6
:102F9000037A23B140F209311020F5F70DFF014605
:102FA00007230248BDE810400EF022BE600A00214F
:102FB0001346027A0AB1037270470A460146014875
:102FC0000EF016BE500A002103460846F0B4B3F8CE
:102FD0006020B3F8544093F875509442B3F85810F9
:102FE000A5F10305B3F84A7028BF1446B3F8622070
:102FF000EDB2B3F84E608A42A3F84A4028BF0A46B1
:10300000012DB3F8501087BFB3F852C015464FF4E6
:10301000296C4FF42965A142A3F84E5038BF2146D0
:10302000624538BF6246A742A3F85010A3F8522069
:1030300026D1741B18BF0124B3F85C20B3F85610D6
:10304000B3F848609142B3F84C5028BF114693F84A
:103050007420033A012A15D9B3F85A20B3F85E70E8
:10306000BA4228BF3A468E42A3F84810A3F84C2033
:1030700002D1954200D144B10549F0BC0EF0DEBD4D
:103080000124D9E74FF42962EDE7F0BC704700BF97
:10309000491C02010B8BA2F809001046A2F80B3064
:1030A0004B8BA2F80D308B8BA2F80F30CB8B0249E3
:1030B000A2F811300EF0BCBDAB1C0201014B187818
:1030C000704700BF890A0021014B1878704700BF84
:1030D0002E000021094AD2E90003434083EAB011DF
:1030E00081EA43214FEAF34311605360044B584394
:1030F0004FEAF06000EB8000704700BF8C0A0021AF
:10310000BB79379E094AD2E90003434083EAB011F4
:1031100081EA43214FEAF34311605360044B584363
:103120004FEAF06000EB8000704700BF30000021E4
:10313000BB79379E10B50A4C08210948F6F756F8B6
:10314000D4E900321343F7D0064CFFF7DBFF2060D1
:10315000FFF7D8FF236860601843F6D010BD00BFAA
:10316000300000218C0A002138B5A0F10C03144670
:103170000D46DBB22046432B96BF0A4AFE21D15CA6
:103180000EF018FF68B965B12978272907D03F29C3
:1031900008BF3E212046BDE838400EF00BBF262177
:1031A000F8E738BD28F50201174B184A9A60184A0B
:1031B000DA62184A1A61184A5A61184A9A61184A1A
:1031C0001A63184A5A62184ADA64184A9A64184A02
:1031D0009A63184B184A9A60184A1A62184A5A6039
:1031E000184A1A60184A9A62184ADA62184ADA606B
:1031F000184A9A61184A1A63184A9A64184ADA6493
:10320000184A5A62704700BF901000211121020134
:10321000B7250201852502014925020189390101ED
:10322000A53C01015D3B0101C7270201EF27020117
:10323000F93A0101901100212D2102016D270201AF
:103240008D2102015D23020101270201D325020124
:1032500023270201E32602019D2802013D280201E5
:103260002728020187270201174B184A9A60184A3B
:103270005A60184A1A60184A9A62184ADA62184A5A
:10328000DA60184A9A61184A1A63184A1A62184A88
:10329000DA64184A9A64184A5A62184B184A9A60B3
:1032A000184A5A62184ADA62184A1A61184A5A6168
:1032B000184A9A61184A1A63184A9A64184ADA64D2
:1032C000184A9A63704700BF901200211121020131
:1032D0004121020191220201F72502016926020122
:1032E000ED3901017F260201A53C0101F93A0101F6
:1032F000C7270201EF2702015D3B01019013002166
:103300002D21020187270201A12602014526020183
:10331000C5260201993A01019D2802013D280201BA
:10332000272802016D270201054B064A1A65064A45
:103330005A65064B064A1A65064A5A65704700BF29
:10334000901000210B240201DD23020190110021C5
:10335000C3230201A3240201044B054A5A65054B0D
:10336000054A1A65054A5A65704700BF9012002148
:10337000C324020190130021C3230201F12402019E
:10338000054B064A9A65064ADA65064B064A9A656F
:10339000064A1A66704700BF90100021610E0201B4
:1033A00011100201901100217D0C02016710020131
:1033B000054B064A9A65064A1A66064B064A9A65FE
:1033C000064ADA65704700BF901200215F0F0201C4
:1033D00005200101901300217D0C0201D310020190
:1033E0003F2A70B505460C4643D83F2A44D8DFE84B
:1033F00012F046009600B100BD00D800A401A4015F
:10340000E800EA00F000A401A401F300FF00EA00D4
:10341000430043000301A401A401170117012E0179
:103420002E01350143004300A4013A0146014A013F
:103430004E01570159015B015D0166016F01840175
:1034400086014300430076018E018C014300430056
:103450004300430043004300430043004300430054
:103460004300430043004300900192014300880160
:103470008A01FF2A00F055814FF4A1610DE14568F2
:1034800041F27073D5F83C12B5F83622A1F57A7086
:1034900098420BD84FF47A73B1FBF3F303F5506302
:1034A0009BB264200126B2FBF0F20CE040F2E24055
:1034B0006FF45066B1FBF0F39BB29E19062EF0D963
:1034C0000026B2FBF0F223711B0A62706371B5F83B
:1034D0004032A3711B0AE371B5F8423223721B0A12
:1034E000637295F8173133B905F50D7305F50E7252
:1034F00028460EF058FEB5F83432A3721B0AE37268
:10350000D5F8383246B164220C20B3FBF2F3A37035
:10351000C3F30723E37070BD40F2E242F4E746686C
:10352000D6F82832C1F8013096F82C324B71406839
:1035300090F817313BB90EF0DBFD6B68B3F88630BD
:103540001844A6F82E02B6F82E320820A3711B0AE2
:10355000E371E0E70378012B436802D193F8183157
:1035600001E093F8213102206370D4E7436817200B
:10357000D3F87022C1F80120D3F87422C1F80520D5
:10358000B3F87822A1F80920D3F85022C1F80B2013
:10359000D3F85422C1F80F20D3F80831C1F8133002
:1035A000B9E74268D2F8E631C1F80130D2F8EA3121
:1035B000C1F8053043680D20D3F80C31C1F809304B
:1035C000A9E74368CAE7084600F020FB0028A2D11B
:1035D00061E000F02DFBF9E7102306204B70592322
:1035E0008B700023CB70A3230B7120234B7192E7C8
:1035F000436893F81231B6E70278436852B993F8FA
:1036000018213AB193F815214A7093F81431032028
:10361000A37080E793F81321627093F81231F6E7F4
:1036200043680920B3F860204A70120A8A70B3F820
:103630001A21CA70120A0A71B3F85C204A71120A80
:103640008A71B3F81831CB711B0A0B7263E74368B8
:1036500093F82E214A7093F82F31D8E7014620467F
:103660000DF0C0FBB2E743680F211888F5F7E8FFBB
:1036700000F15B0120460EF068FA23204BE7084674
:1036800010F05DF9A2E7084610F062F99EE72C4BB6
:103690001B68002B41D140F20D515120F5F78CFBF6
:1036A000284BF5E7284BF3E7284BF1E7284B1B683D
:1036B000002BF0D002462320984704202BE7244B10
:1036C0001B68002BE7D0024624209847052022E7FC
:1036D0001F4B1B68002BDED002462520F5E7436810
:1036E0000F211888F5F7ACFF00F17D0200F15B01B6
:1036F00020460EF036FA2B200DE7164BC8E7164B86
:10370000C6E7164BC4E7164BC2E7164BC0E7164B8D
:10371000BEE7164BBCE7164BBAE72946204698474A
:1037200054E74368204693F8B722D3F8B8120EF056
:10373000D8F96B6893F8B70248E70120EBE600BFC1
:103740009014002198140021941400219C1400214D
:10375000A0140021AC140021B0140021B4140021E5
:10376000B8140021A4140021A8140021BC140021C5
:10377000C01400213F289ABF024B53F820000020BC
:10378000704700BF901000213F289ABF024B53F8AA
:1037900020000020704700BF901200213F289ABFF0
:1037A000024B53F820000020704700BF9011002109
:1037B0003F289ABF024B53F820000020704700BFFB
:1037C0009013002130F8023CF7B504460D4630F85E
:1037D000A86C73B101226846ADF801608DF8002035
:1037E000ADF80330FDF7AEF918B195216320F5F778
:1037F000E3FA194B1B6813B1A4F128009847174B43
:103800001B680BB1304698470A230027A5F80360D0
:103810002B70AF70637A54F8900C6B710BF099FBBE
:1038200008B9BA21E2E739463046F5F71FFF022111
:103830003046F5F71BFF18B9094B1B6803B19847D1
:103840004FF40173002003F004021B0A62F3070027
:1038500063F30F2003B0F0BDC4140021C81400218D
:10386000CC140021F7B5456804464FF6FF776E6922
:103870000DF102010DF101023046ADF802700BF0BE
:1038800017FB01A930460BF035FB40B101980BF056
:10389000FDFB616800220272FFF778FBE8E704494C
:1038A00005F1A80003B0BDE8F0400EF0C1B900BFBB
:1038B000C5370101F0B5044685B00D46FF2600F876
:1038C000E96C10F8EA3CF3B1174F3B781BB15F216C
:1038D0001F20F5F771FA0C21381DF5F787FC3E70B3
:1038E000002304F8E93C09232A4602F8033BD4F8F4
:1038F0000930C5F80330D4F80D305360D4F81130D6
:10390000936005B0F0BD01A80C21F5F76FFCA4F59C
:10391000E673039A1A6001AB03CB44F8F20C44F847
:10392000EE1C04F8EA6CDBE7940A002110B5054CA4
:1039300023782BB90C21201DF5F758FCFF232370A9
:1039400010BD00BF940A0021024690F8EE31BBB9C9
:1039500090F8EF3103F0FF010BB100207047094BE5
:1039600018780028F9D01970D9680433C2F80C11FE
:1039700003CBC2F8E601C2F8EA11FF2382F8EE3168
:1039800001207047940A002138B54368044693F833
:103990008D20202A24D1002283F8CF2083F8CA204A
:1039A00083F87A22436893F8D01003F5D4701D8809
:1039B00069B10C4983F8D020A3F8B25183F8B12142
:1039C0000EF033F96368002083F88D0038BD0122C2
:1039D00083F8B111A3F8B251034983F8B421EFE79A
:1039E0000220F3E73525020127250201426838B598
:1039F00092F88E3004460D463BB1142B05D0123B95
:103A00000F2B8CBF0120082038BDD2F81C3193BB8E
:103A100092F8D03013B920460EF009FB6268D5F851
:103A20000B30C2F8DE31D5F80F30C2F8E2316368EE
:103A3000D5F81320C3F808211A88A3F8E122D5F895
:103A40000120C3F8E322D5F80520C3F8E722636814
:103A5000B5F80920A3F8EB226368002283F8EE2171
:103A600060680C4900F536700EF0DFF863681722C5
:103A700083F88E200BE00C22204603210EF0FBFA87
:103A800063683622204683F88E200EF0D0FA00209C
:103A9000BAE700BFB538010138B54368044693F86A
:103AA0008E20212A04D04FF410711F20F5F784F9DD
:103AB000002293F8D0101D8803F5D47083F8CF202E
:103AC00069B10B4983F8D020A3F8B25183F8B12132
:103AD0000EF0ABF86368002283F88E2038BD012217
:103AE00083F8B111A3F8B251024983F8B421EFE78A
:103AF000352502012725020138B50578446825B926
:103B000094F88E302BB101201CE0D4F88030DB0714
:103B1000F9D4D1F801200F4BD1F8051013400E4A0B
:103B2000C4F8E030C3F307630A4043F00803C4F865
:103B3000E42084F8E3300EF07AFA25B9042384F8FF
:103B40008E30002038BDD4F8803043F00103C4F833
:103B50008030F6E72FC904F76FDB008038B5436883
:103B600093F88D20042A32D1D1F801204C1CD1F8D1
:103B70000550C3F8E020C2F30762C3F8E45042F0F6
:103B8000080283F8E320002283F8CA2083F88D20FE
:103B900002780AB983F8332193F83421AAB993F84B
:103BA0008A2102F0FF0082B91A8883F88B0103F59D
:103BB000C170A3F88C21D1F801200649C3F88E21E9
:103BC0006268C3F892210EF030F8002038BD012061
:103BD000FCE700BF4B270201436893F8342112B180
:103BE000084B1B68184793F88A2152B91A8803F5C5
:103BF000C1700549A3F88C211A2283F88B210EF09D
:103C000014B87047D01400214B27020110B50446A8
:103C1000FEF74CF9044A054B024009200B40C4F85A
:103C20000120C4F8053010BD2FC904F76FDB0080F8
:103C300037B50C464568FEF739F90A4B0A4A034086
:103C40000A4095F8E01000930B4001928DF8003087
:103C50006B4603CBC4F801000920C4F8051003B07B
:103C600030BD00BF2FC904F76FDB008038B5DB041F
:103C7000154604D5C37C13B10023436338BD446BA0
:103C8000013444630EF0EBFD836B9C42F6D30023BA
:103C9000034943632846BDE838400DF0CFBF00BF5D
:103CA000B927020170B544680546067894F88D304E
:103CB000012B09D026B994F88E302BB101203DE0BC
:103CC000D4F880309807F9D494F8D1309A0713D4F7
:103CD0004A78D80784F8DB204A88A4F8DC208A8850
:103CE000A4F8DE2043F0020284F8D12010D519494F
:103CF00004F1D2000DF0A2FF94F8D130D90712D40C
:103D0000EEB994F88E3043B153214020F5F754F8C2
:103D100094F83231002BEAD1EEE7012384F88E309B
:103D200028460EF084F994F88D300020012B4FF0D6
:103D3000000304BF84F88D3084F8CA3070BDD4F815
:103D400080309A0701D55821DFE743F00203C4F819
:103D50008030E5E77F28020170B54568044605F02C
:103D6000E5FD054B014685F88B001B681BB120461D
:103D7000BDE87040184770BDD8140021024B1B6885
:103D800003B11847704700BFD4140021F0B51F4D90
:103D900000242B7814709BB1013B6D68DBB21E1BB5
:103DA000012E0FDC05EBC40655F8347076688E42A0
:103DB00008BF874227D0B84271EB060612D21470B2
:103DC0000020F0BD1E197710C6F3470655F837C01E
:103DD00005EBC70E8445DEF804708F412CBF3346D7
:103DE0003446DCE705EBC30455F8335064688C4275
:103DF00008BF854206D0A84271EB040428BF0133F6
:103E00001370DDE71C4601201470DAE7B40A0021C4
:103E100010F0070208B503D063214820F4F7CCFF67
:103E200018B1034B197258601A70C80008BD00BF62
:103E3000B40A0021014B00221A707047B40A002115
:103E4000014B187A704700BFB40A00212DE9D34313
:103E50000EF051FD0DF1070207460E46FFF796FFE3
:103E600090B90F4C2378227A9A420ED06268194694
:103E70009DF807E002EBC3008E4509D302EBCE02AA
:103E80000133C2E900762370012002B0BDE8D0837F
:103E900050E90289013960E80289C9B2ECE700BF44
:103EA000B40A002137B50EF026FD0DF10702FFF729
:103EB0006DFF58B10A499DF807300A78013AD2B22D
:103EC0000A70496801EBC3019A4201D803B030BDC2
:103ED000D1E902450133E1E80245DBB2F4E700BF76
:103EE000B40A0021024B0022C3E90022704700BF40
:103EF000C40A002108B5044B186810B9FFF7F2FF97
:103F000008BD0C20FCE700BFC40A0021024B187A50
:103F1000003818BF01207047C40A002113B5CDE94D
:103F20000012054BFF225A7200F11003DDE9000177
:103F300083E8030002B010BDC40A0021C3693BB985
:103F400083692BB9034B1B681B1A584258417047B1
:103F500001207047C40A002130B50D4AFF231372B7
:103F6000D0E9065373B1D0E902149D610C44D968BD
:103F70002144D960816939B1CB610023C0E906339E
:103F8000137230BD1560F5E7002BF6D0D960F4E769
:103F9000C40A002110B5124AFF231372C16189B906
:103FA0001368836103B1D86110600023C169C360E5
:103FB00099B1CB687BB18468A3420AD23021372003
:103FC000F4F7FAFE8B6988618361002BEDD0D8612C
:103FD000EBE71B1BC3600023CB600023137210BDF3
:103FE000C40A0021014B1868704700BFC40A0021B1
:103FF000034B00201B6803B9704718469B69FAE71A
:10400000C40A00210B4B002230B51B6804464FF058
:10401000FF35104623B911B9002808BF104630BD3E
:10402000DA68A24203D3AA423CBF154618461A4694
:104030009B69EFE7C40A002170B50F4CFF23237280
:10404000036A1BB181689D68A94203D2E52137202C
:10405000F4F7B2FEC2698669DA619E6152B193617A
:104060009A691AB1D361C26811444A1BDA6000230D
:10407000237270BD2360F3E7C40A0021014B0122C3
:104080001A717047C40A0021014B00221A7170474F
:10409000C40A0021014B1879704700BFC40A0021EF
:1040A000F8B54FF0000C0446284E084686F809C0C3
:1040B000002135680B4685B9757A002DF6D15BB1C4
:1040C000984225D3013CB0FBF3F11C4403FB01F5FE
:1040D000B4FBF3F48C420ED9F8BD2F690BB19F42AB
:1040E00007D23B4627B94FF4A3713720F4F764FE9B
:1040F000A98AAD69DFE7B5FBF3F603FB165626B9CF
:10410000B5FBF2F602FB1656DEB10139ED1AE1E716
:10411000451E1D44B3FBF4F4B5FBF0F5AC42DBD314
:10412000B3FBF5F605FB16374FB9B6FBF2F702FB0A
:10413000176727B9B6FBF1F701FB17671FB1013508
:10414000ECE72846C8E73046C6E700BFC40A0021AE
:10415000FF23084A0B700D234B7082238B7013686A
:10416000C1F803305368C1F807309368C1F80B30C9
:10417000704700BFCE0A00211622002101480AF034
:10418000FBB900BFCE0A0021F7B51E4C02AB03E914
:104190000300637DA3B39DF800300D462BBBD1E92E
:1041A00072760EF0E4FB95F87420174B8A3033F8E2
:1041B00012304FF47A7203F23F63B3FBF2F3DB1970
:1041C0002A8846F100061B18228046F1000663602B
:1041D000A660B5F8863002220C4904F10C00638019
:1041E00003B0BDE8F040FEF7E3BE530608D50B88E8
:1041F0002380D1F868326360D1F86C32A360E8E7BD
:1042000003B0F0BDCE0A0021B4F602015141010114
:10421000094B53F8203003F5234370B5A1331646FC
:104220004FF47A720C46B3FBF2F5344406F0CEFF3D
:104230002C44204470BD00BFA0F602012DE9F04FD0
:1042400099468BB00023044688461746069390F89B
:1042500075B00CF08BFC054694F87F00FEF7DAFB96
:1042600005440EF084FB94F88E3000F17B06ADB26D
:10427000482B3BD00E2B39D094F88DA0AAF14802E0
:10428000D2F1000A4AEB020A002F5FD194F88C3079
:10429000032B5BD1BAF1000F58D0B4F8C0324345BC
:1042A00054D1D4F808322046B4F8DC21C4F8F831EF
:1042B000E369C4F8FC31B4F87A321344C4F800322C
:1042C00003F014FF41F64B53D4F8C82294F8D412EB
:1042D0009A428CBF0023012359B9E1698A421ED05A
:1042E000208804930FF04AFB049B18E04FF0010A6A
:1042F000CAE720880FF03FFB20B940F24A71302016
:10430000F4F75AFDB4F8D0326386B4F8D232838120
:10431000B4F8C032C7814381013B03823B4694F825
:104320007E20002A36D1002B35D1D4F8C42284F85F
:104330007E300223E262B4F8C22284F88C302286F6
:10434000D4F8C822E261D4F8CC22626204F5127378
:10435000B4F886C00493A8EB0C0CB4F878320FFACA
:104360008CFCA8EB03031BB2002B1FDAD4E99823C3
:10437000C4E99C230023012284F81B32634694F88D
:104380008C10032900F2C181DFE811F0120028012E
:104390006D0049012BB14FF04D126263002222875C
:1043A000C3E74FF0961223876263BEE74A46E6E70B
:1043B00094F8751094F8D6010CF074FF8346E06A07
:1043C0002946584407F046FD2946C4F80402E0692E
:1043D00007F040FD94F87E3007A95B00DBB2034490
:1043E00008A8C4F8083206F061FC079B0093DDE9D9
:1043F0000823D4E99C0107F0F3FD054620460EF0A2
:10440000F6FAD4F87C32E26A94F8750006930492C6
:1044100006F0E4FE069B00F52340049A203BD4F806
:104420000412A13013444FF47A725B1A30319B1B93
:10443000B0FBF2F05B4432465B1B1B1A94F875002C
:104440000693238E03EB4101FFF7E2FED4F87C22B2
:10445000069B22309B1AC4F80C02B3F5A07F5DD2F4
:1044600040F2C7414BE7E36A2946D4F8FC011844FF
:1044700007F0F0FC2946C4F80402E06907F0EAFC02
:1044800094F87E305B00DBB203442046C4F8083267
:104490000EF0ADFAE36AD4F8FC511D44B4F8DC31F7
:1044A000002B40F09780B9F1000F00F0938094F852
:1044B000750006F093FED4F80412D4F8683200F5C3
:1044C00023406D1A94F87520A130203D1D44A94B5E
:1044D00053F822204FF47A7302F2E732D4E998BC01
:1044E000B2FBF3F2A5EB0B05B0FBF3F01544AD1BEB
:1044F0002D1AD4F8F831D4F8002294F8750002FB94
:104500000311238E32460695303103EB4101FFF74C
:104510007FFE0123C4F80C0284F88C30E56904F1B5
:104520003C00D4F80832F43D0699ED1AD4F80C3268
:10453000AD1B9D4228BF1D46002384F84832C4F8B5
:10454000D851D4E99C325B1842F10002C4E996329A
:104550000DF0F7FB04232844A4F8788284F8513244
:10456000C4F84C02D4E99623C4E99C2303F02AF84A
:1045700020B1D4F84C321E33C4F84C32B4F8C831F0
:10458000A3EB08031BB2002BD4BF00220122520070
:1045900084F85022BAF1000F40F0BA80B9F1000F50
:1045A00040F0B98094F88C30002B00F0D080E169A5
:1045B00004F51270D4F80832C91A0CF00FFE80B25C
:1045C000002800F0C480149B03B1188001200BB0B8
:1045D000BDE8F08FD4F804126D1A8AE7D4F8080207
:1045E000E269D4F80012121AD4F8F8515A43D4F8F8
:1045F000043206923033B4F8DC2105FB0133624407
:10460000521A218E013A00FB0233324694F87500AB
:1046100001EB4301FFF7FCFDC4F80C027EE7E16902
:1046200059430691B9F1000F2DD0B4F8DC0150BB0D
:1046300084F81B02D4F8080200FB131E94F88D3096
:1046400004902A2BCDF818E003D094F88E302A2B52
:104650000AD1B4F8C032A8EB03031B0404D494F8C5
:10466000C332002B18BF9B46B4F8DC017AB370BB91
:10467000D4E99A51D4E99823AA4273EB010108D3F3
:1046800040F21B513BE694F81B0200287FF446AF32
:10469000D0E794F87520203D364B53F82230D4E90A
:1046A0009812CDE9021203F2E7324FF47A7103F562
:1046B0002343B2FBF1F2A1330592029AB3FBF1F36B
:1046C000AD1A059A1544ED1AAD1B7544069500EB1D
:1046D0000C05049B324658465D4330356D00294633
:1046E000FFF796FD41F64B53C4F80C02E06998427F
:1046F0003FF614AF06AB32462946009304F5037328
:104700000CF0ECFD84F81B0208E740F23351F6E5AB
:10471000B9F1000F1BD0B4F8F00110B3B4F8F211E6
:1047200094F8F4214D1CA4F8F21101FB02229042EE
:104730000DDD002B0BDD0023A4F8F25184F850327C
:10474000FEF7C8FC00F00700013084F8F40104F51E
:10475000127104F5087008F0CFFD20B940F27D51C8
:10476000CDE50146DCE787F0010784F818720020E8
:104770002DE700BFA0F60201F0B5044685B018B9D8
:10478000A7213020F4F718FB052900F2D680DFE8D6
:1047900001F003CE2C27D4C990F81832B0F8862047
:1047A000ABB1B0F81632934208BFB0F8CC319A1AC8
:1047B000A0F8CE21A4F886302046D4E99623C4E997
:1047C000982303F0BBFB94F8D33105B0F0BDB0F8EB
:1047D00014329B1AA0F8CE31B0F814329BB2E9E73C
:1047E00005B0BDE8F04006F06DBA07F0EFFBD4E984
:1047F0009823801A61EB0301012871F1000302DAAA
:104800004FF4C161BDE76FF0010383424FF0000335
:104810008B4102DA40F20961B3E7E3690BB1B0FB07
:10482000F3F394F88E00B4F81622482810D094F8C8
:104830008D10473901290BD90E2809D0B4F88610FC
:104840000B449BB2D11A0D0444D501339BB243E013
:104850000132A4F81622B4F87A3202AEB4F88650C7
:104860000133374FA4F87A32B4F8C2301D44B4F89B
:10487000C030013DED1AADB23B685BB1B4F8161221
:1048800000222046013989B29847B4F816321844FC
:10489000A4F81602B4F816126B1A18042CD40023CC
:1048A000204600961A46FFF7C9FC01288DD1B4F8BE
:1048B0001622B4F8C811BDF808301344521A120475
:1048C0009BB204D5EA1A12F4004F18BF0B46A4F8A5
:1048D0001632D1E7013293B2A4F8163294F81932A5
:1048E000002BB8D1B4F8CC31B4F81622934204BFEF
:1048F0000133A4F81632AEE794F8913030460394B1
:10490000002B14BF08233E2384F8B13001238DF817
:104910000830FEF7A7FF20460EF033FE002384F890
:104920008C3052E705B0BDE8F040F6F795B890F846
:104930008C30042BF2D0C82123E7CD2121E700BF22
:10494000DC1400212DE9F8430E46044618B9D521A0
:104950003020F4F731FA052900F2A780DFE801F0F2
:104960000376413DA52E07F091FCC4E95A0120468B
:1049700002F012FAD4F85C01DC3807F029FB20467B
:104980000EF0ACFB054600BB014620460EF017FBBF
:1049900000F1F606D4F85C01B04209D2301A0321C6
:1049A000402838BF402007F041FC60B107F014FBFD
:1049B000C4F85C6120460EF0CEFB45B12046BDE850
:1049C000F8430EF0C9BB0125F2E70025F2E7D4E970
:1049D0005A23C4E95423BDE8F883BDE8F84306F040
:1049E00071B90EF03BFB04238146884684F861319F
:1049F00007F0ECFA07220F46A9FB023102FB08116F
:104A0000D4E954525B1941EB0205D4F838213AB18C
:104A100059EA080204D0984277EB050228BF012624
:104A200084F86061D4E95C26121A66EB070694F8F4
:104A3000801139B9012A76F100010BDA204602F023
:104A4000B3F903E0012A76F10006F7DB002384F8CE
:104A50007831C0E7984277EB05010FD259EA080890
:104A60000CD01B1A65EB07019A4276EB010005DBBF
:104A7000012B71F10000A4BF1A460E460C49012318
:104A800004F58870914284F879314FF0000384F87E
:104A90005831B341B8BF0A4604F5AC7108F0DAFCEE
:104AA000002898D140F2BA6152E7F12150E700BFE7
:104AB0000040420F2DE9F84304460E46154690F893
:104AC000783103F0FF07002B40F0A28000F58878D2
:104AD00039467822404609F04FFD22464D4940466E
:104AE00008F000FCC4F83861FF2384F8783166B11F
:104AF000FEF708FB00F0070032464749013086F810
:104B0000F40106F5087008F0EDFB40F202434FF0A7
:104B10000009A4F8603184F8589107F0E1F900F138
:104B2000BC0620460EF0DAFA0146B6B2002845D09F
:104B30000CF01CF800F5CD61284689B207F08AF91F
:104B40002844C4F85C0107F041FA30184FF0010620
:104B5000A4F8269041F1000184F83C61C4E95A01AF
:104B600020460EF0D2FA20B3A5F2F2453146204697
:104B70000EF025FA2D1AC4F840514FF0FF356FF0B2
:104B800000414046D4E95A23C4E95C51002504F5AC
:104B9000AC71C4E95223C4E9542384F8795142F238
:104BA000107208F057FC60BB40F2BB113020F4F7E4
:104BB00003F93046F63D0EF0A2FBDBE72046DFF8B6
:104BC0005C900EF0FCF9F630C4F85C01B9F8000016
:104BD00048B1E08C38B1FEF795FAB9F80030B0FB77
:104BE000F3F202FB1300064407F0F0F9361841F126
:104BF0000001C4E95A61002DBFD0AD1941F1000197
:104C0000BFE7294620460EF0A9FA3846BDE8F883EA
:104C10000C27FAE74549010179470101E40A00211F
:104C2000F0B5002385B0CDE9003303238DF80630BD
:104C30006846F4F73FFD88B10123124EB37000239C
:104C4000CDE9023302238DF80E3002A8F4F732FDCD
:104C5000044638B10023B37005B0F0BD00980DF0E4
:104C600021FFE5E7029D95F88C30002BEDD005F58E
:104C70000877384608F0B2FB384608F0E9FB85F8BB
:104C80008C40E2E7E40A0021044B0022DA709A70BB
:104C900042F210721A80FFF7C3BF00BFE40A00217E
:104CA000014BD870704700BFE40A002108B505F039
:104CB0009DFA044B5A6882422ABF9878002080F0FF
:104CC000010008BDE40A0021F0B5044685B090F863
:104CD000D33103F0FF05002B6AD190F88C30032B01
:104CE00066D107F073F9D4E99823801A61EB0301C8
:104CF000012871F100035BDB6FF00103834275EB68
:104D0000010104DA40F2B1513020F4F755F8E269BC
:104D1000B4F886300AB1B0FBF2F2013313449BB20F
:104D2000A4F81432B4F8CC31B4F814229B1A1BB294
:104D3000002B3DDD04F5087008F050FB002837D04B
:104D4000FF2384F81932B4F8C2300DF10E07B4F81D
:104D50008650184E1D44B4F8C030013DED1AADB276
:104D6000336863B1B4F8141200222046013989B2C5
:104D70009847B4F81432184480B2A4F81402B4F876
:104D80001432EB1A1B0413D4B4F8141200230122BA
:104D9000204689B20097FFF751FA012808D1B4F8EC
:104DA0001432BDF80E2013449BB2A4F81432D7E796
:104DB00005B0F0BDDC1400212DE9F34104460629BD
:104DC00000F29E80DFE801F0042714242B309700C6
:104DD0004D4B9B7803F0FF0253B900920123B0F8CA
:104DE000CC11FFF72BFA30B140F2D66130202AE027
:104DF000042384F88C3005F07BFD08F05FFA002373
:104E0000B4F88620A4F87A32A4F8162284F819326D
:104E100002B0BDE8F081032380F88C30F8E705F09C
:104E20001BFAC4E99A01F3E711210088F4F708FCA2
:104E300000285ED094F87530022B58D005D8012B8D
:104E400008D0DC21B420F3F7B7FF033B012BF8D8DF
:104E50001E3000E00A30858894F87500DFF8A880DD
:104E6000C31E012B8CBF002628260DF0A9FDC230E1
:104E7000D4F8082206F5A976A84234BF2B1A0023DD
:104E8000E56999188D428ABFAD1A0025ED1A98F888
:104E900003301BB9E36B9D4228BF1D46D4F8D8717F
:104EA00004F13C000CF04DFF0744022007F092F99A
:104EB0000221ED1B25EAE575854228BF05462846F7
:104EC00007F0B4F910B12F4407F086F801233246F9
:104ED000394620460CF0E0FFD4F8D831C8F8040079
:104EE000E069184402B0BDE8F04107F071B8143031
:104EF000B1E79625B0E702B0BDE8F0410DF077BD0F
:104F000040F2A47172E700BFE40A0021014B18804F
:104F1000704700BFE40A0021044B1A78012AD0B27E
:104F200003D01878831E584258417047EC0A00217C
:104F30000C4B4FF47A7233F81130023903F2E73335
:104F4000C9B2B3FBF2F3022900F1FF3210B54FEA08
:104F5000C21296BF044CF02134F81110134400FB28
:104F6000013010BDB4F602016CF50201D928F0B58C
:104F7000054628BFD925BDF814600446303501F533
:104F8000A57006F00207ADB2FF2D28BFFF2516F071
:104F9000010621D10FBB002B00F0C580911EC9B2C4
:104FA000022996BF7B4D40F6480135F811100844A0
:104FB000D92C7FD9D93C951EF721A4B2EDB2002B94
:104FC00000F0CF80F634022DB4FBF1F400F2C6807D
:104FD000714B33F815306BE0EFB1911EC9B2022965
:104FE00097BF6E4D4FF4147105EB4101C988014420
:104FF000D01E012837D801F614409830002E3BD03F
:10500000023AD2B2022A97BF644BC02303EB420399
:105010005B8A18444EE053B1911EC9B2022997BF72
:105020005E4D40F6480105EB41018989DFE7042A1E
:1050300005D1691D89B2890101F5C871D7E7032A35
:1050400005D1691D89B2090101F5BF71CFE7022AB7
:105050000BBF05F10B0105F10A0189B289B20CBF42
:105060008900C900C3E7022A01F19C0114BF4FF473
:10507000B070B4200844C0E7EBB1911EC9B2022958
:1050800096BF474D40F6480135F81110D92C084419
:1050900010D9D93C951EF721A4B2EDB24BB3F6342A
:1050A000022DB4FBF1F459D83C4B03EB45031B8BA9
:1050B00003FB0400F0BDF12C214628BFF121042A96
:1050C00005D1133189B2890101F5C871DEE7032AE0
:1050D00005D1133189B2090101F5BF71D6E7022A62
:1050E0000BBF1931183189B289B20CBF8900C900D0
:1050F000CCE7B4FBF1F3022DDBB239D8294931F802
:10510000151001FB0300C3EB4311C3EBC103E41A09
:10511000A3B2002BCED00833042A9BB22BD19B0123
:1051200003F21A4375E7042A06D10535ADB2AD0185
:1051300005F5C87528443BE7032A05D10535ADB20E
:105140002D0105F5BF75F5E7022A0BBF0B350A35B2
:10515000ADB2ADB20CBFAD00ED00EBE740F692137F
:10516000A6E7B4FBF1F3022DDBB201D80E49C6E786
:1051700040F69211C5E7032A03D11B0103F54673DC
:1051800047E7022A0BBF9B00DB0003F5BB7303F567
:10519000CD733EE778F5020184F502016CF502015A
:1051A00078F5020184F5020184F50201264B5A6A62
:1051B00010B5D2F80F300362537D117D1B0443EA12
:1051C0000123D17C0B436FF450618362B2F8193034
:1051D000591806298DBF40F2E241A3F550634FF400
:1051E0007A714B438EBF00214B430121C36180F88C
:1051F0007E10937DD9B103EB830303EB83039B0004
:105200000386B2F81730D9B164214B43C362B2F8B8
:105210001B308384B2F81D30C38492F8243003F02D
:105220001F025B0980F8A22080F87F3010BDC3EB1D
:10523000431403EB840303EB83035B009BB2DFE7C0
:1052400040F2E241E1E700BFEC0A0021042937B552
:10525000144617D19B0103F53473417990F84450FB
:105260000139C9B203291AD8194A0A44907FE201C8
:10527000CA3203FB0422174B9A4215D940F29671A9
:105280002D200FE0032903D11B0103F5E773E4E7A9
:1052900002290BBF0B330A339B00DB00DDE740F232
:1052A00063310620F3F788FD1E23B2FBF3F205F00D
:1052B0003F03110AD2B241EA401143F040030020FB
:1052C00063F3070062F30F2061F3174003B030BDB2
:1052D0006CF50201C3BF03000346074A506AD3F8C6
:1052E0006920C0F80320B3F86D20A0F8072093F8D8
:1052F00068100CF0B0B900BFEC0A0021D0F8803083
:1053000073B50BB101221A604388DB0724D5002353
:10531000124E056ACDE9003302238DF80630FF23D3
:1053200033776846F4F7C6F9B0B9009CA542F8D0C7
:1053300005F10A036A7A04F10A01607A0BF0DCFED7
:105340000028EED0A3783377D4F80330C6F81D30A8
:10535000034BB4F807209A8002B070BDEC0A00211C
:10536000090B002138B5084D044600F169010623F8
:10537000686A00220CF081FA94F86810686ABDE847
:1053800038400CF068B900BFEC0A002107B50EF0F8
:10539000CFFA8DF807000548012306220DF1070119
:1053A000406A0CF06AFA03B05DF804FBEC0A0021D5
:1053B000034B586910B140300DF0B3BA704700BFCD
:1053C000EC0A0021034B986910B140300DF0A9BAE6
:1053D000704700BFEC0A002170B504460E46134624
:1053E000807F6588324615F0040118BF04F177010B
:1053F000FDF7ECF94107054621D4C2070BD501237F
:10540000A07F84F86830FDF7B3FA0368C4F8693008
:105410008388A4F86D30AB0701D4012070BD094B1F
:105420000121586AD4F8773084F87610C0F8093032
:10543000B4F87B30A0F80D300CF01AF9EDE700203D
:10544000ECE700BFEC0A002110B50446084694F8CA
:10545000D8306BBB2378082904F1DB0284F8D930FB
:1054600016D004F1DA01FDF759F920B940F66E7152
:105470002D20F3F7A1FC94F8DA3043F0020384F80E
:10548000DA3004F1D0000B49BDE810400CF0CDBB80
:10549000094B586A034613F8031BC1F3801184F8C3
:1054A000DA10D0F80310C4F8DB109B889380E8E78B
:1054B00010BD00BF8F2C0201EC0A002170B504461C
:1054C0000E461546FCF7B4FC98B92378A4F8C160E1
:1054D00084F8C030637C84F8BF500BB194F8483036
:1054E00004F1B60084F8C3300249BDE870400CF006
:1054F0009CBB70BDB72E020110B504460E498C301E
:105500000CF093FB0D4904F1C4000CF08EFB94F8F1
:105510009520B4F896102046FFF7D0FF084B0022E4
:105520001A70084B1B682BB12146206A0222BDE885
:105530001040184710BD00BF172D0201792C020141
:10554000EC0A0021E414002103292DE9F04305466B
:1055500085B0174607D14388980723D400242046F6
:1055600005B0BDE8F083428890F88830D107DBB2FF
:10557000F4D5002BF2D14FF00108DFF8D49099F860
:105580000C60C6B10BF0FCFD0828387016D002AADA
:105590000DF10701FDF7C2F838B940F6F5612D208D
:1055A000F3F70AFC4FF00208E7E702A99DF80700AD
:1055B0000DF0ADF906463B78082B08D1D9F8241038
:1055C00011F8030BC0F380100DF0A1F90646D9F8CD
:1055D000241005F1700395F86F2011F8030BC0F348
:1055E00080100BF089FDD9F82410044611F8030B44
:1055F000C0F380100BF0BAFD8146FDF7CBF940B146
:10560000B9F1080F1BD04846FCF78AFF80F0010370
:10561000D8B23A78082A14D01CB9AC7FA21A5442E6
:1056200054416A8853079AD4002897D176B92C7DC3
:10563000444518BF002C0CBF012400248FE7002034
:10564000E7E780F001022240D4B2EAE7344686E779
:10565000EC0A00212DE9FF4108230DF10702052185
:1056600004468DF80730FFF76FFF054620B9002587
:10567000284604B0BDE8F081FAF722FE064600286D
:10568000F5D1334F0DF10808216A7A6A91F8963006
:10569000104610F803CB03EA5C1303F0010381F812
:1056A0009630D2F80330C1F803308388A1F8073070
:1056B0001146D4F820C011F81F3BC3F380138CF8B7
:1056C0000230D2F81F000B79029060468DF80C3042
:1056D000FFF76CFD434694F913200121206A0DF079
:1056E0005CFB216A84F8956020460B889DF80720B2
:1056F000A4F89630FF2384F8B3304FF6FF73A4F874
:10570000B4300DF071FB134904F18C000CF08DFAEC
:10571000FCF78EFB60B9236A04F1C4000E491A88B5
:10572000A4F8CD2093F8963084F8CF300CF07DFAB1
:10573000236A002220461988FFF7C0FE074B00228B
:105740001B683A70002B93D02146206A98478FE758
:10575000EC0A0021172D0201792C0201E41400212A
:10576000032973B5044604D0052927D0012002B0CF
:1057700070BD08230DF107028DF80730FFF7E4FE36
:105780000028F3D0237C23B19DF807102046FFF7B3
:105790005BFE0F4D0622042620466B6A5A701E706F
:1057A000FFF79AFD686A94F85C20A16D0BF079FF11
:1057B000686A2E7005F028F90020D8E7054B1B68B1
:1057C000002BF9D0984780F00100C0B2CFE700BFAE
:1057D000EC0A0021E014002138B5B0F84830044646
:1057E000194D0133C3F30E03A0F848302B7B2BB1C6
:1057F00005F0D6F904F026F900232B7300232B7053
:1058000094F889302BB101212046BDE838400DF0D5
:10581000ABB9637CB3B1B4F848209A4212D30121EA
:1058200020460DF0A1F963882046DB0747BF236AB5
:10583000432243224FF6FF7148BF1988BDE8384024
:10584000FFF73CBE0021DFE7EC0A002110B5FFF7AF
:1058500063FB064C28B1237B1BB105F0A1F904F0D2
:10586000F1F8A06ABDE81040FFF7B6BFEC0A0021CE
:105870000346074A906A03B909B9FFF7ADBF137829
:10588000D26A03F180431269033B52F82330184770
:10589000EC0A00212DE9F3410146FFF73DFB0546E7
:1058A00020B94FF448612D20F3F786FA3A4CA26AEA
:1058B000176A0FB197F87D70C9B3616A02F1690385
:1058C00092F8682011F8096BF0090BF015FC70B321
:1058D00006F00F06606A052E3CD190F8243003F0E4
:1058E0001F03102B36D9D4F8288098F812308BB3C8
:1058F00008230DF10702314640468DF80730FFF7C7
:1059000023FEA0B198F8E9308BB9626A08F1EA0188
:10591000D31C233253F8040B934241F8040BF9D102
:105920001B8808F1E1000B801C490CF07EF9237BF9
:105930001BB105F035F904F085F855B3A06A0DF0F8
:10594000CCF800B304F046FFE36A9B6802B0BDE800
:10595000F041184739460BF0B3FE0028E7D0A56A9E
:10596000FFF7DAFA10B940F65A419CE72378284647
:10597000E26A314603F180435269013B52F8233019
:1059800098470546D3E7A06A02B0BDE8F041FFF7AB
:1059900023BF02B0BDE8F081EC0A0021A72C020170
:1059A000F8B504460F4619B300F1300528460DF04E
:1059B00050FCA0B963881A072ED528460DF05EFC6E
:1059C000064628460DF045FC301AC0B20DF097FC93
:1059D000474A53680344284653600DF019FC284693
:1059E0000DF01BFC04F066FD2179252004F058FC25
:1059F0003F4E002394F87620706A037043706388EA
:105A0000103B0D2B64D8DFE803F05F635B0C634051
:105A100063636363636363402046BDE8F840FFF758
:105A2000DBBE06234370202303702046FFF754FC9F
:105A3000638823F008039BB2152B05D094F85420FB
:105A4000216D706A0BF01EFE706A04F0DDFF032307
:105A500021790020337004F043FD054607B9B0609A
:105A600063881B0704D50DF047FC0544C4F8445176
:105A70006388103B0D2B36D8DFE803F038352F2F25
:105A8000352F353535353535352F0C2321214370EC
:105A9000034603F8091B52B1D4F877200121C0F85E
:105AA0000920B4F87B209A800BF0E2FDBDE7226F5D
:105AB000C0F80920B4F874209A8094F86F10F3E7C6
:105AC000062303704370B0E7022303700623F9E74F
:105AD00040F259612D20F3F76FF921790120BDE8DB
:105AE000F84005F087B840F6F341F3E7F8BD00BF92
:105AF000EC0A002138B543880446102B04D101215B
:105B0000BDE83840FFF74CBF0B4D2B7B23B103F0B2
:105B10007DFF402005F038F8686A04F075FF608862
:105B200010F0040002D1217905F064F8002005F09E
:105B300007F801232B7038BDEC0A002103292DE959
:105B4000F743044605D0052900F08480FFF744FEA2
:105B50007CE008230DF103028DF80330FFF7F4FC1D
:105B6000002875D0237C23B19DF803102046FFF751
:105B70006BFC0123B4F802803C4E00251F464FEA1F
:105B80009812706A294662F3861707224370C8F399
:105B900080180270C5700BF09AFE2A463946706A6A
:105BA0000BF09CFE2046FFF7DDFB706A0BF001FF57
:105BB000B4F85C30C0F1FE05AB42B4BFDDB2EDB26B
:105BC000AB422AD947F010070022A5F10309706AF9
:105BD0003946023D0BF082FE706A0BF074FE4119EB
:105BE00020465FFA89F9C9B20DF0C9F80422C0F362
:105BF00007238DF80400C0F307400DEB02018DF878
:105C000005304D4603238DF80600706A0BF035FE13
:105C100000223946706A0BF061FEB8F1000F06D021
:105C200094F9132094F844106079FFF7AFFB2A46EB
:105C3000A16D706A0BF086FEFF20F581617904F09A
:105C40002FFB0723706A337004F0DEFE002009E0AA
:105C500020467BE7064B1B68002BF7D0984780F067
:105C60000100C0B203B0BDE8F08300BFEC0A002120
:105C7000E814002110B5144C237B1BB104F090FFF5
:105C800003F0E0FEA06A0CF028FFA16A18B14B886F
:105C900003F0180323B90846BDE81040FFF79CBD88
:105CA000FFF73AF920B940F684312D20F3F784F854
:105CB00023780846E26A03F18043D268013BBDE8DD
:105CC000104052F823301847EC0A00212DE9F04F1C
:105CD00044888BB01646054614F0030204F0020314
:105CE0000291019204F004021DD0E10705D54BB1E9
:105CF00040F286612D20F3F75FF8002BF8D04FF0CB
:105D0000020A12E01FFA82F8002A00F0A5804FF084
:105D1000010A002E00F0F6804FF000084FF0010954
:105D2000C34601210EE0DDF804A092B2002B55D04D
:105D3000002AEED1002E00F0E580904693464FF009
:105D400001091146012714F0400003D0002E00F095
:105D5000E780012047EA41048C4F0022012144EAF8
:105D6000C9047B6A44EA0B145A70597044EA481417
:105D700044EA8014072004F07B041870A046002E2B
:105D800040F0EC80DE7000235146786A01930BF0FE
:105D90009EFD786A2146019A5FFA84FA0BF09EFD17
:105DA000E00702D52846FFF7DDFA1AF0020F0ED001
:105DB000029B786A002B00F0DF8005F17701062353
:105DC00001220BF05AFD0121786A0BF051FC0023EF
:105DD000002B00F0DD8040F669018BE704F0200B1A
:105DE000002A4ED126BBB5F854208AB1BBF1000F72
:105DF00040F088802F794FF000084FF0010B033FEF
:105E0000012F94BF002701274FF0010941469AE76F
:105E1000BBF1000F76D1FFF7CBFA0028EAD1FFF7EC
:105E2000D1FA01460028E5D1B046B346B14689E72C
:105E3000FFF7BEFA804610B9FFF7C4FA8046BBF1FF
:105E4000000F66D12F794FF001095946033F012F0A
:105E50008CBF0027012776E7077966B9A7F1020C06
:105E60004FF0010AB0463146DCF10007D346D14677
:105E700047EB0C0767E7023FB246C34618BF01274E
:105E8000C2E74EBBB5F85420AAB1BBF1000F21D137
:105E90002F79033F012F94BF0027012729794FF065
:105EA00000084FF0010B0339012994BF00210121A3
:105EB0004FF0010947E7BBF1000F0BD1FFF778FA6C
:105EC0000028E5D1FFF77EFA81460028E0D1B046F0
:105ED000B34626E73746E1E7FFF76AFA804610B98E
:105EE000FFF770FA80462979033901298CBF002118
:105EF0000121BBF1000F14BF002701F001074FF093
:105F0000000BD5E74FF0010BB04631463746D94676
:105F100019E74FF0000B4FF0010959465F4612E7B1
:105F2000B5F8540030B128790338012894BF002017
:105F300001200FE7688800F023000028F3D10391C7
:105F4000FFF736FA03990028EDD1FFF73BFA0399E2
:105F50000028E8D1019B002BE5D1FAE6DA70FFF7C3
:105F600031FA00283FF40FAFBB6993F8E530002BFE
:105F70003FF409AF0A2307E705F170010623012268
:105F80000BF07BFC95F86F101EE700BFEC0A0021B8
:105F90001AF0080F19D06A6C05A98DF81530C2F3F4
:105FA0000B22BDF81430786A62F30B0395F8462093
:105FB000ADF814301209C3F3072362F30713032269
:105FC0008DF8153002230BF058FC1AF0200F00F06A
:105FD000AF80D5F868310293D5F86C310393BB6973
:105FE000002B52D09B46DBE9229AFFF7EBF978B100
:105FF000B86990F8E50058B10BF140000DF085FC50
:1060000030B9DBF8980010EB090081464AF1000A2C
:106010009BF810C0A2483B6930F81C004FF47A7C12
:10602000029900F2E730B0FBFCF2D3F1900C60EB88
:106030000000BCEB010C039960EB010012EB0C0CAF
:106040009DF8151040F100001CEB090201F0BF01A2
:10605000D5F85CC14AEB0000B2F5161F70F1000ADA
:106060000DDAB2F5703FACEB030C70F1000A4FEAA9
:10607000EC7E0DDB94457EEB000EC0F2088121F032
:1060800020018DF81510002216E0D7F814B0AAE709
:10609000944521F020017EEB000E8DF81510F2DA08
:1060A0009DF8151011F0200F0CBF1E214FF49671B2
:1060B000B2FBF1F2C2F30C02BDF8141062F30C0152
:1060C000DBF89820ADF8141040F2E241B2FBF1F297
:1060D000ADF81620DBF817209BF81B1006929DF8F0
:1060E0001C2061F304028DF81C20FBF70FFF9DF8C4
:1060F0001C2060F347128DF81C209DF8152022F01B
:1061000080028DF81520DBF80020BBF87A30CDF83E
:106110001D209BF8042001338DF821209BF80520D9
:106120008DF822209BF80620ADF824308DF823202E
:10613000012E53D1B5F85430002B4FD06B889907FE
:106140004CD4DFF860B1DBF824000BF0BCFB00F1AD
:10615000010AB5F8541003465FFA8AFABBF80E201C
:10616000CAF1FF008A1A8242AABF6FEA0A0A5FFADE
:1061700082FA5FFA8AFA514525D96A88D20722D471
:1061800044F01001019A786AAAF1030A8846029342
:106190000BF0A4FB029B5FFA8AFA2846191D5144B2
:1061A000C9B20CF0ECFDC0F307238DF81000C0F36A
:1061B00007408DF8113004228DF81200032304A942
:1061C000786A0BF05AFB5246296DDBF824000BF07D
:1061D000B9FBBBF80E309A44ABF80EA018F0200FB4
:1061E0005FFA88F406D02F481223052205A9406AD9
:1061F0000BF043FB63060CD5002E4DD105F13000AA
:106200002C790DF046F8014695F913202046FFF74A
:10621000BDF8FFF7D7F8002836D0224CA36993F8D1
:10622000E5308BB30721606A0BF046FB092340F28F
:10623000E242037032234370A369D3F8B83083700D
:10624000A369D3F8B8301B0AC370A369B3F8BA3096
:106250000371A36993F8BB304371A36993F8C93004
:106260008371A369D3F8BC30B3FBF2F3C371A369A4
:10627000D3F8C030B3FBF2F303727D22A369D3F8E5
:10628000C430B3FBF2F343720BB0BDE8F08F41F0C2
:1062900020018DF8151003E76C7995F84410B3E7E9
:1062A000B4F60201EC0A00212DE9F74304460F463B
:1062B00090F8440004F0FEF86179FF20734D03F07C
:1062C000EFFF002F47D1686A0BF0BCF994F8048007
:1062D000064604F130000CF0D1FFB8F1040F2BD1C9
:1062E000B60106F53476A968638801EBC011CA319E
:1062F00006FB00111E074FF0000048BF6B682961C4
:1063000044BFC9182961627904F008FA63889807C4
:1063100028D04FBB6179012004F06CFC94F8761012
:1063200001222046FFF7D2FC686A04F06DFB0623C9
:106330002B7003B0BDE8F083B8F1030F03D1360131
:1063400006F5E776CFE7B8F1020F0BBF0B360A363A
:10635000B600F600C7E762794FF4A571002004F09B
:10636000F3F9D3E7002FD9D0C3F34007C3F380126A
:106370009907686A87F001074FF0070348BFD4F810
:1063800058804FF000064FEAC7074CBFB4F85C9046
:10639000D4F85080314647EA821758BFB4F8549079
:1063A0000370012307F04807C67043700BF08FFAA3
:1063B00032463946686A0BF091FA3A0717D5626C93
:1063C00001A9BDF80430C2F30B22686A62F30B0323
:1063D00094F84620ADF804301209C3F3072362F3A2
:1063E000071303228DF8053002230BF046FA686A82
:1063F0000BF0DFFAEB89C0F1FE06A9EB0302B24213
:10640000B4BFD6B2F6B2334499452BDD002247F033
:106410001001686A0BF062FA686A0BF0CAFAEB893D
:10642000C0F1FE06686AA9EB0303B342B4BFDEB253
:10643000F6B20BF048FA811920460131C9B20CF0CE
:106440009EFC0422C0F307238DF80400C0F307402C
:106450000DEB02018DF8053003238DF80600686A04
:106460000BF00BFA63885B0606D594F9132094F8B9
:1064700044106079FEF78AFFE9893246686A414430
:106480000BF060FAEB891E44EE814DE7EC0A002127
:1064900010B5084CB0F85C30E2899A4205D0012171
:1064A000FFF702FF0723237010BDBDE81040FFF780
:1064B00093B900BFEC0A002138B5438804461E4D4D
:1064C00013F0020F0FD1DB070DD4EA89B0F8543076
:1064D0009A4203D1BDE83840FFF77EB90121BDE8FB
:1064E0003840FFF7E1BE0020617904F083FB638848
:1064F000617913F0020F0CBF22200C2003F0D0FEB4
:1065000002232B702B7B4BB103F080FA6379033BA2
:10651000012B94BF4520402004F036FB6379033BF8
:10652000012B94BF2820002004F00AFB686ABDE814
:10653000384004F069BA00BFEC0A0021064810B5E3
:10654000037803F0FF042BB92422214608F014F845
:10655000204610BD0C24FBE7EC0A002110B50023F7
:10656000094C2370FBF756FC6062FFF7E7FF20B190
:106570004FF442712D20F2F71FFCE36A13B940F289
:106580000B31F7E710BD00BFEC0A0021014B024AB6
:10659000DA627047EC0A0021206E0101044B054AC3
:1065A0001A60054B054A1A60054B064A1A60704787
:1065B000E014002155560101E4140021292B0201A9
:1065C000E8140021856A01012DE9F34704460E46CF
:1065D000002964D10A4690F87610FFF777FB3E4D0C
:1065E000686A0379D90623D5C3789A0620D00BF0C0
:1065F00029F8074604F1300094F804800CF029FED5
:10660000421C3B464146D2B22046FEF71FFE042202
:10661000C0F307238DF80400C0F307400DEB02011F
:106620008DF8053003238DF80600686A0BF025F914
:106630003EB304F1300A686AD5F808800BF002F81E
:10664000814650460CF01AFE07465046013F0CF0BA
:1066500000FE4A46391A2079C9B20CF037FE638829
:1066600080441B0708D56B680121204698440CF034
:10667000A6FC4044C4F8440122794146002004F0BD
:106680004DF8686A04F0C0F926B92179304603F064
:1066900027FFA86005232B7002B0BDE8F08700F14A
:1066A000300528460CF0D5FD28B9638818070CD5AD
:1066B00028460CF0ADFD28460CF0AFFD03F0FAFEC5
:1066C0002179252003F0ECFD89E7204602B0BDE8E2
:1066D000F047FFF781B800BFEC0A002170B5164EF5
:1066E00001250446303075730CF0B3FDE8B96388BA
:1066F000DA0615D4727B9AB103F02303B4F8542060
:10670000134305D020460021BDE87040FFF7CCBD03
:10671000FEF74EFE0028F5D1FEF754FE0028F1D119
:106720002046BDE87040FFF757B829462046BDE82F
:106730007040FFF749BF00BFEC0A002170B5124D51
:10674000002601210446EE810CF039FC6B680344FD
:106750006B60B4F848300133C3F30E03A4F848303B
:10676000FCF7B8FC4FF47F7394F87610B0FBF3F2AB
:1067700002FB13006B683246184468602046BDE88F
:106780007040FFF7A3BA00BFEC0A002110B5094C16
:10679000A06A4388092B07D1FFF7D0FFA06A012127
:1067A000BDE81040FFF710BF0121BDE81040FFF722
:1067B000F7B800BFEC0A00212DE9F041467D044600
:1067C000B31E06F0FD06DBB2012B8CBF4FF00008B4
:1067D0004FF00108371E18BF0127012B19D800F10F
:1067E000700190F86F000AF0C1FC054663889B06B3
:1067F00016D4082D0FD17EB3FBF71AFBB0BB237F55
:106800008BB3D4F81630C4F86930638BA4F86D30BC
:1068100006E00825EAE72846FBF78EFE0028EAD1C5
:10682000A57784F81D8084F86870FBF771FF054632
:1068300005F0CCFB00220F4B84F87620E5FB03012A
:10684000C4E9180111462046FEF7C6FD60B940F2C2
:10685000A3412D20F2F7B0FA04F169013046FBF7AD
:10686000F9FC0028DCD10020BDE8F08104F16901C9
:106870000120F4E740420F002DE9F04F07469DB09C
:106880000C46054610AE0FCF0FC60FCF0FC697E8C8
:106890000F0008AF86E80F0038466E790CF09EFCBA
:1068A000A37A61780393237801F07F0A0493D14699
:1068B000237D013BDBB2022B00F28E80704AC906B9
:1068C000134493F8228008D4A37D013BDBB2022B52
:1068D00000F282801A4492F82260637E03F0FD0386
:1068E000012B04D1B8F1030F28BF4FF00308A37E9A
:1068F00003F0FD03012B02D1042E08BF0326617AA9
:1069000038460CF072FC237D227F3846022B02F1C0
:1069100001020CBF617D0121D2B204BF0131C9B2B5
:106920000CF065FC1AF0080F6CD138460CF0A6FC90
:1069300063788346DA0654D4F2F7BCFF82464146B8
:106940005846FEF7F5FA0123014632465046CDF887
:106950000090FEF70BFB40F27122217900F53970AF
:10696000E378B0FBF2F043EA01236179504343EA54
:1069700001435343984239D84FF0000B94F818A0C4
:106980000793A37CE86C05930AF1FF33D3F1000A67
:106990004AEB030A08F029FD0690E86C08F035FD83
:1069A0000699079B814238BF014688B268B308A99F
:1069B0000C9306930A910AA9ADF82C90CDF834B047
:1069C0008DF838808DF839600CF07CF9069BE0B9C1
:1069D00045201DB0BDE8F08F40F227310620F2F7C8
:1069E000EBF92822494600F027FAB4E7E179A379C8
:1069F00043EA0123217A43EA01435343834228BFF8
:106A00000346B9E700239B46B8E7CDE9123B059B57
:106A10000DF1400C049A8DF85430039B8DF84560BD
:106A20002E468DF850A08DF855308DF84020ADF8E9
:106A300042908DF84480BCE80F000FC6BCE80F0000
:106A40000FC69CE80F0086E80F0097E80300286354
:106A50000020A986E37A03F0FD03003B18BF012361
:106A600085F86F30E3682B67238AA5F8743095F8B2
:106A70004630E27D62F3071385F84630A9E700BF90
:106A80006CF502012DE9F04385B008230521044689
:106A90000DF107028DF80730FEF756FD002877D07C
:106AA000F9F70EFC002873D13B4D02AF206AFEF7C8
:106AB0007DFB6B6AD3F81F0093F8232002903A7194
:106AC000226AD3F80310C2F80310B3F80710A2F833
:106AD00007101B78206AC3F3801383702F4B1B6849
:106AE00013B1012221469847D4F820800E23686A0A
:106AF000082698F802900021437006700AF0E7FE1D
:106B000000224FF00301686A0AF0E8FE2046FEF713
:106B100029FC4946686A0AF0ABFD0623012208F108
:106B20000301686A0AF0A9FE6179FF2003F0B8FB4F
:106B3000686A03F069FFD4F82080204641460CF0D3
:106B4000EAFA3B46014694F9132040460CF025F939
:106B5000216A00239DF80720204684F895300B8891
:106B6000A4F89630FF2384F8B3304FF6FF73A4F8EF
:106B7000B4300CF039F9236A1A882E70A4F8CD20AD
:106B800093F8963084F8CF30012005B0BDE8F0834B
:106B90002046FEF721FEF7E7EC0A0021E41400216D
:106BA0002DE9FF41564F04463A7802F0FF0312B92F
:106BB0000278FF2A04D140F6DC112D20F2F7FCF810
:106BC0007B60FB817B7380F889304E4B684604F113
:106BD000300500934C4B01934C4B0293FB6A5B686E
:106BE000039303F0FBFE03F0CFFB03F0D9FF02F0A9
:106BF00029FF474803F054FC464803F0E9FE2846C5
:106C00000CF006FB28460CF008FB03F053FC21793E
:106C1000252003F045FB94F9130003F03BFC04F13D
:106C20005001E06C08F06DFB064604F15801E06C81
:106C300008F08EFB8046002E3AD094F82430BBB387
:106C4000B4F94850ED43ED0F637F13B963885B07D8
:106C500009D56FF00043D4E918129A4208BFB1F188
:106C6000FF3F2FD1ADBB94F88B301BB946EA080625
:106C7000F6B2AEB1638813F0100511D1606CC0F3A9
:106C80000B200CF053FA94F8463084F84500C0F31A
:106C9000032023F00F03034384F8463084F88B501D
:106CA000786A0330FBF780FD387304B0BDE8F081EB
:106CB000B8F1000F04D094F82550002DC0D1C3E7DF
:106CC0004546C1E705F082F9D4E91823904299417D
:106CD000C8D3012229462046FEF77EFB50B1FBF7C0
:106CE00017FD054605F072F90B4BE5FB0301C4E9FE
:106CF0001801B8E7002DB6D040F61A215DE700BFB5
:106D0000EC0A0021755C01019558010171580101DF
:106D1000D6BE898E5555550040420F0037B5044602
:106D20001C4DFFF73DFF04212078F2F789FC062176
:106D300068612078F2F784FC6B69A8612BB120B1FF
:106D400040F653212D20F2F737F820460CF009F8D1
:106D5000618811F0100118D000212046FEF720FEB6
:106D600094F88A305BB16846FBF78AFE38B1694611
:106D700004F136000AF0BAFB002384F88A3020467A
:106D800003B0BDE83040FEF7B9BA2046FFF71CFC5F
:106D9000E6E700BFEC0A0021024B9862DB6A1B6841
:106DA000184700BFEC0A002143881A0710B50446B3
:106DB0000ED5036A3C220F498C3042721B884381F6
:106DC000FF2380F827304FF6FF7303850AF02DFF6D
:106DD00063882046DB0747BF236A3C223C224FF6EC
:106DE000FF7148BF1988FEF769FBFF2384F88930DB
:106DF00010BD00BF172D0201FD2E02010B30020154
:106E0000F55A0101032F0201DD660101B964010198
:106E100091640101F9540101615701013D5B0101D8
:106E20001D6D01014D5801018D670101F86D0101D2
:106E3000006E0101186E01010138022808B503D95E
:106E4000C4212F20F1F7B8FF13290A4B05D81129C7
:106E50000CD8102907D0D221F3E71529FBD103EB79
:106E60004003D88801E033F8100008BD03EB40036D
:106E70009889FAE792F502010D4A0346117891B913
:106E800090683BB9B0F86410B0F8482091420AD835
:106E9000FDF70CBF93891B0707D590F88F000838C2
:106EA00018BF01207047002070470120704700BFC5
:106EB0001C0B00212F4A38B50346948990681C4367
:106EC000402B948104D10421BDE83840FDF774BF04
:106ED000802B01D10521F7E703F00304032C04D133
:106EE00040F62E313120F1F767FFDD0706D50C683B
:106EF00011612478062C1CD00B2C26D09C0713D5AE
:106F00000C6821780729117530D00B2928D0052964
:106F10000AD190F88E10192906D1002400250121EC
:106F2000C0E93C4580F893109B0644BF08231370CA
:106F300038BD90F88E401D2CE0D100240025C0E91A
:106F40003A45012480F89240D8E790F88E40132CFF
:106F500001BF002480F89240012480F8D040CDE7A2
:106F600090F88E101229DFD10021DBE7617880F8DC
:106F70001811D9E71C0B002173B5044640680D4673
:106F8000D0F8803013F0300F4DD1B1F805101A2928
:106F900004D9B5F80730B3F5A47F06D22978204686
:106FA00002B0BDE870400BF07FB8B5F801201A2A96
:106FB000F4D9B5F80360B6F5A47FEFD33C30009662
:106FC0000AF0F4FE194B9A8992070FD51B7D142BFA
:106FD0000CD16268D2F8803043F01003C2F88030E0
:106FE00020460BF024F8002002B070BD636893F8CF
:106FF0008D20222AEDD093F82331002BE9D163684C
:1070000093F82231002BE4D16268D2F88030114627
:1070100002F5AA7243F0200331F83C0B42F8D43C4D
:10702000FCF738F8DCE70120DEE700BF1C0B00218D
:1070300013B5044601A8FBF7B7F820B940F61711BD
:107040003120F1F7B9FE32220021019807F094FABD
:1070500001992246064801F8034FFCF7C1F9FBF7F6
:10706000AFF810B940F61E11EAE702B010BD00BF3C
:10707000200B00212A4B2DE9F0419C6894F8C27244
:1070800094F8C352002F47D194F87460002D45D175
:1070900094F8758084F8746084F87580FF2384F810
:1070A0007630204B1B6813B13146204698471E4B63
:1070B0001B681BB1324641461C48984794F82C3156
:1070C000012B01D03D4303D000211848FAF726FFD9
:1070D00004F13C0630460AF034FE04F24B1105463A
:1070E0002046FBF771FF20460621FDF765FE30467E
:1070F0000AF027FE854204460BD205F0C9F8014686
:10710000601B402838BF402005F090F810B104F013
:1071100063FF0120BDE8F0813E46B7E7A846B9E726
:107120001C0B0021FC14002134150021200B002130
:1071300070B54B7804464268262B5AD01ED81D2BBA
:1071400092F88D5051D00FD8A3F10E02D2B2092A75
:1071500008D8012140F2512001FA02F6064220D15E
:10716000082A24D0002070BD232BFBD12D2DF9D16E
:10717000234B1B68002BF5D09847F3E73E2B3AD002
:1071800005D82B2B39D03B2BECD11E4BF1E7FF2B35
:10719000E8D11D4B9B69002BE4D0012382F8B63265
:1071A000E0E722461846BDE870400CF03AB9262DBB
:1071B00001D0332DD6D120460AF030FF636893F812
:1071C0008E20272ACED093F8E1201A21204622F0E3
:1071D000010283F8E120626892F8E13023F00803AD
:1071E00082F8E130FAF79AFEBCE7372DBAD1074BA7
:1071F000BFE7074BBDE7074BBBE7074BB9E700BF4E
:10720000F8140021441500211C0B00210815002151
:107210001C150021281500213015002100290346E6
:1072200008BF1F21262870B5144639D81C2806D857
:10723000A0F10E03DBB2092B1CD9002070BDA0F118
:107240001D02092AF9D801A050F822F0E5720101C7
:107250003B7201013B720101F57201013B720101B8
:107260003B720101CF720101CF720101CF720101A6
:1072700003730101012540F251269D40354215D18D
:10728000082BDAD1556895F88D30262B13D120467E
:10729000FAF744FE002385F88D3085F8CA30CCE734
:1072A0003B2836D03E28C8D11B4B2BE00021BDE83F
:1072B00070400CF0B6B8332BBFD195F88E30A3F1E7
:1072C0002502062AE6D9332BE4D02A21DFE7134A28
:1072D0001568002DB1D00A46204619462B46BDE858
:1072E000704018470E4B1B68002BA6D00A461D2184
:1072F0002046F4E70B4B1B68002B9ED00A4620214A
:10730000F6E7094B1B68002B97D02046BDE870407C
:107310001847064BF6E700BF24150021F41400219E
:10732000041500210C15002118150021401500211D
:107330002DE9F8438D4D0646AC68002840F0D18019
:10734000AB8919074AD594F816312A2B16D00CD8D8
:107350001C2B13D0222B18D094F81631FE2B20D1E1
:1073600040F2F7513120F1F727FD3C2BF4D1804B4F
:107370001B68002BF0D0281D9847EDE7002384F808
:1073800035317C480AF04AFEE6E784F836017A4B4C
:107390001B68002BF5D004F59B7104F58E7098479F
:1073A000EFE7FE2384F8163194F88E301F2B07D1B7
:1073B0000027704884F8CF700AF04AFE84F88E7077
:1073C00094F88D30252B2BD0382B37D094F88F3074
:1073D000082B02BF02232B7784F81631AB89DA071A
:1073E00056D5D5F80880296998F88E30D1F80090E4
:1073F000123B99F800700F2B0BD8BB1EDBB2092B88
:1074000000F2B28040F2333222FA03F3DB0740F19C
:10741000AB8009793846FBF763FBC0B939468AE08F
:1074200094F88E30A3F12502062A05D9332B03D018
:10743000262384F88D30C9E73323FAE7012384F843
:10744000B532002384F88D3084F8CA30BEE7012FAE
:1074500001D9162F51D198F88D000AF012FE40B1D3
:1074600098F88D30252B04D0262B36D1332388F87D
:107470008D303846FCF788F9034600284CD1FF2FA1
:10748000CCD1AB69002B54D0AB68012283F8B62273
:10749000AB89580705D594F88F20072A04BF01222D
:1074A0002A7799074ED5287D0122AB680D2883F8ED
:1074B000172144D0112850D0072850D0FCF778F974
:1074C000034600283CD12A7DFF2A4AD1AA683821E8
:1074D00082F8B40282F88D1034E0162F14BF022611
:1074E00020262B781B0705D594F88E30123B0F2BE6
:1074F00098BF08263046BDE8F883112F15D005D86F
:10750000072F14D00D2FB4D11C4B05E0142FB0D190
:107510001B4B1B68002B81D02A69494615481279FC
:1075200098470028B4D00646DBE7164BF4E7164B25
:10753000F2E799F800100F480AF0B6FDF1E7134B97
:107540000C489847AB89DA06CBD594F88E300B2BD4
:10755000C7D10C2384F88E30C3E70D4BF0E70D4BF9
:10756000EEE740F2EA51FDE60826BAE71C0B0021DF
:1075700038150021200B002114150021C13402010F
:10758000F01400211135020131710101393302017A
:1075900057330201CB330201024B0020986118627D
:1075A000704700BF1C0B002108B50022044B9A61F4
:1075B0001A62FBF759FEBDE80840FCF7B7B900BFF7
:1075C0001C0B0021024B9869003818BF012070473E
:1075D0001C0B00212DE9F04FDFF80C820F4681468D
:1075E00089B0B8F80C10D8F80840880504F1800A72
:1075F00054BFB4F8C0200023504653BF0132A4F852
:10760000C03084F8D731A4F8C0200BF0BCFE30B1F4
:107610000B4604F5A17221465046FCF727FBB8F84B
:107620000C3003F4C0633BB194F89130002B00F0B0
:10763000AE80032B00F0B28094F89120B8F80C30A3
:10764000012A04D11A0544BF022284F89120B9F11D
:10765000000F40F062815E0657BFB4F8F0214A4641
:10766000013292B2A4F8F02103F00A020A2A0FD1E3
:1076700098F81420022A0BD123F008033846A8F802
:107680000C30FFF755FE38430823C7B2A8F80C307A
:107690003846FFF74DFED8F818303843C7B2002BF4
:1076A0005BD01422002103A806F066FF94F8750051
:1076B00003F094FD054694F8750003F087FD05F589
:1076C000FA754FF47A72238841F27071ADF80C307C
:1076D000B4F88630B5FBF2F5ADF810300544E36937
:1076E000ADF81250A3F57A70884295BFB3FBF2F360
:1076F00040F2E24203F55063B3FBF2F39BB2ADF804
:107700000E3094F8B63233B1D8F810301A689B882E
:1077100006928DF81C309DF8143003A894F8B52219
:1077200062F300038DF81430D8F81830984700231E
:10773000069A84F8B63284F8B53272B194F8B4324D
:107740005BB994F88D30382B07D09DF81C3023B1ED
:107750001178FF2927D11B2B2CD9D8F8086096F86F
:107760001631FE2B50D1002F4ED196F88F30073BAB
:10777000012B49D996F8203123B396F82131012203
:107780000221A6F8C47086F818313046FAE10121CA
:1077900084F891102046FDF70FFB4DE702230121ED
:1077A00084F89130F6E70729D7D1022BD5D151784B
:1077B000FF29D2D10121C4F8B82284F8B73284F865
:1077C000B412CAE796F88EB0ABF1110B5FFA8BFBDF
:1077D000BBF1100F40F25E81D6F88030DD0705D591
:1077E0003A460921D1E700BF1C0B0021980740F160
:1077F000F3803A460C2130460BF085FD96F8D130E7
:1078000043F0010386F8D130B4F8D03194F8D45164
:107810000133A4F8D031002D00F0FC82F3F732F9E7
:1078200010B10023A4F8D03120880CF0A4F894F80B
:1078300091300646B4F832B0012B40F22B8394F815
:107840008F30082B40F0FE82B4F8C030022B40F29B
:107850002183B4F8C2500135ADB2B4F88630DFF8F8
:10786000B4A22B44A4F8C831DAF80030002B00F0A1
:107870001583BBF1010F40F21183F3F7F5F8DAF845
:1078800000300246B4F886102046984700F1010AFD
:107890001FFA8AFA94F8D531002B39D1012D37D946
:1078A00094F88E300BB10C2B32D194F88D307BBB19
:1078B00094F88F3063BB94F89130022B28D194F860
:1078C000D7312BBB606907F044FB08B394F816313D
:1078D000FE2B1DD1B4F8CA31012B19D9B4F8D0212F
:1078E000A38C9A4214D20EB1F18989B9013D9B1A39
:1078F000ADB29BB2B5FBFBF59D4228BF1D4605FB13
:107900000BAB003D1FFA8BFA18BF012584F8D2514A
:10791000B4F886309A44A4F8CCA1B8F80C30D8F862
:1079200008505E0657BFB5F8DC310023B5F8CE210C
:107930009B1858BF9BB2A5F8DC3195F8203123B9CC
:1079400095F88F30073B012B06D8B5F8C430B5F851
:10795000CE211344A5F8C43095F8CA1031B1B5F85A
:10796000C630B5F8CE211344A5F8C63095F9CE201F
:10797000002AC1BFB5F8CC30B5F8CE011B18A5F868
:10798000CC3095F8B1306BB9B9F1000F40F0CF822F
:1079900098F81C30022B40F0848295F81831062BA1
:1079A00018BF162395F8B02022B95B4885F8B1308E
:1079B000FBF758FF28460BF0E4FD584B1B681BB142
:1079C000574A204611689847002384F8D33109B0FC
:1079D000BDE8F04FFAF710BC590702D53A4613211B
:1079E000D3E61A0706D596F810313A4686F81831CC
:1079F0000721CAE61D0602D500221B21C5E613F0A9
:107A0000300238D096F82331002B63D196F822311A
:107A1000DBB196F88E3006F5917106F2C2222A2B60
:107A200027D096F88D30A3F12A00434243413046D7
:107A30000AF090F9D6F8803023F0200343F01003C9
:107A4000C6F88030002386F82231D6F88030DB0675
:107A500040D506F24B113046FBF7B6FAB6F85E3069
:107A600000221521A6F81831B6F86230A6F81A31AE
:107A70008BE60123DBE713F0400101D0242184E6EB
:107A800013F4807202D00A461E217EE6DD0421D561
:107A90002C217AE6D8F8085095F88E30192B41D071
:107AA00013D8122B29D0172B2BD096F88D30002B02
:107AB0007BD196F88E30113B102B7ED996F8BE30D4
:107AC000002B7AD0012212215FE6212BEDD13A461C
:107AD000062114E0D8F8080090F88E30362B4FD0ED
:107AE00006D8272B51D02F2BDFD10022202149E0AF
:107AF0004F2BDAD100223C2144E03A460B212846A4
:107B000040E02846FBF720FF00283FF47DAE00222E
:107B10000421F4E720150021200B0021101500217D
:107B20003800002195F8B032012B07D13A460521E3
:107B300028460BF0E8FB85F8B07265E695F8B032A0
:107B4000022BD9B27FF460AE95F8D03053B1062342
:107B50003A4685F8183128460BF0D5FB002385F806
:107B6000B032EAE703210622A3480AF084FA95F826
:107B7000E0303A4613F0040F0CBF0D211121EAE763
:107B8000002211210BF0BFFB3EE690F82C31022BB6
:107B900002D100221721F5E790F82C31012B84D176
:107BA00090F82D31002BF4D07FE70A2B05D196F801
:107BB0001131012286F818311AE7BBF1100F7FF658
:107BC00023AED8F8085095F88DB0BBF1000F40F007
:107BD000BD8095F833313BB101220E2128460BF0D0
:107BE00092FB85F833B1A8E795F8323193B195F857
:107BF000D1B01BF003030DD14BF0010B01220C217E
:107C0000284601930BF07FFB85F8D1B0019B85F8E6
:107C1000323192E795F8343173B195F8E730DB09EA
:107C200002D001222B216AE7744B1B68002B00F065
:107C30008D807148984789E095F8223133B395F8E3
:107C400023311BBB95F88E3005F5917105F2C222E8
:107C50002A2B19D095F88D30A3F12A0043424341D5
:107C600028460AF077F8002385F8223101221421F2
:107C700028460BF048FBB5F85E30A5F81831B5F88A
:107C80006230A5F81A31BFE50123E9E795F82C31F8
:107C9000012B71D195F82D31002B6DD195F88E30D7
:107CA000A3F12502062A67D9332B65D095F8741005
:107CB0004A1ED2B2032A09D895F87500DFF840C1F0
:107CC00001381CF802E0C0B2032804D940F2113197
:107CD0000620F1F771F8BEF1020F95F82E2114D0AD
:107CE000BEF1030F13D0BEF1010F04D1012A14BF5E
:107CF000002201226AB9A3F14802012A26D90B3BCE
:107D0000042B23D901221621F9E6022AEFE7042ADF
:107D1000F1D11CF8000095F82F21022823D0032868
:107D200023D00128E7D1012A14BF00220122002A12
:107D3000E1D0B5F8863005F53072B5F8300109F0BC
:107D400019F80146A0B92C48FAF7E8F896F88D30F2
:107D5000002B7FF459AD96F8B432002B3FF454ADAC
:107D60000122FF2111E5022ADEE7042AE1D0C2E761
:107D70002C2385F88D3047E595F8363113B1012273
:107D80002221BCE695F8353143B11E4B1B681A48D9
:107D90009847FE280146D9D00122B0E695F83E3139
:107DA00013B101221D21AAE695F83F3113B101223A
:107DB0002621A4E695F8BC3213B101223E219EE6AD
:107DC00095F8403193B1D8F8083010211888F1F7B0
:107DD00037FC03699B0706D50B4B07481B68984780
:107DE00001223B218BE6094B1B6822E7084B1B68ED
:107DF000002BCCD1AAE700BF200B002130150021B9
:107E0000A4F50201EC1400213C15002144150021C9
:107E100000150021F2F722FE08B1A4F8D051F2F7C4
:107E200039FE00283FF400AD94F8D7310133DBB2BE
:107E3000022B84F8D73182BF0023A4F8D03184F814
:107E4000D731F1E494F8BE301BB194F88D30102B8B
:107E500020D1B4F8C2505046B4F8C0304FEA8B017C
:107E60000135ED1AA5EB8B050BF08DFAA0B1D4F816
:107E7000B830D4F8B42001339B1A5B1A9D42A8BFD6
:107E80001D4626B1F389043B9D42B8BF1D46012D16
:107E90003FF7E2AC0125E0E42B46EFE74FF0010AA3
:107EA000F8E4012B09D195F89030002B7FF47AADDE
:107EB00000212846FCF780FF7FE55FB1F80634D447
:107EC000390734D4BA0634D4BB0734D140F6AF21D5
:107ED0003120FEE639B1B5F8C610B5F8C830994280
:107EE00001D322235EE5002A05DDB5F8CC20B5F8E4
:107EF000C8309A42F5D2B5F8C420B5F8C2309A42DB
:107F00000AD295F89120B5F8C03052B1B5F8C22028
:107F10009A42CDD8082345E595F82031002BE0D1D1
:107F2000EFE7052BC4D93E233CE51E233AE53D236C
:107F300038E5232336E52A2334E500BFF7B5654D40
:107F4000002601220446A8602A71AE812E702E7789
:107F5000FF2380F8D331B0F8CA31002B7AD090F8E3
:107F60001631FE2B76D190F82031002B72D090F88C
:107F70008F30073B93426DD990F821310221A0F850
:107F8000C46080F818310BF0BEF9022084F8D26189
:107F9000FFF74EF8B4F8CE1104F18007638E013973
:107FA000B4F8D021384689B2B1FBF3F31344A4F8F6
:107FB000D031B4F8C0300B44A4F8C0300BF0E3F972
:107FC00020B1D4F8B4300B44C4F8B430B4F8CA319A
:107FD0000026012B9CBF0133A4F8CA3109B184F8F3
:107FE000D76194F88E3084F8D261A3F10B02012A94
:107FF0003FD8B4F88630B4F8C0229B1A190451D483
:1080000004F2C22104F1960009F070FA84F88E603F
:10801000FF2384F8CB30B4F8CE212146384609F04E
:10802000ACFA94F88E302C49123B2C4A0F2B8CBFA3
:108030000023012301932A4B00932A4B03C9F2F733
:108040006DFB296A002943D0002003B0BDE8F04051
:1080500002F098BD94F81601FE2899D1224B1E68B3
:10806000002E97D004F012F902460B461A48B0478A
:1080700090E72A2B16D1B4F8C022B4F886309B1AA8
:108080001A040FD484F88E60FEF7F4FF014630B96D
:1080900084F82C0103B0BDE8F040FFF79BBA84F8E8
:1080A0002C61B8E794F88D302A2B01D02C2BB2D15B
:1080B000B4F88630B4F8C0229B1A1B04ABD400235A
:1080C00084F88D30FEF7D6FF01460028A3D1E1E702
:1080D00003B0F0BD1C0B0021200B0021B56E010187
:1080E000D5750101796E010148150021D0F8C8321B
:1080F000C269934273B5044612D1D0F8CC62426A89
:10810000B61A18BF012694F8D422002A42D020883B
:108110000BF031FC30B940F6E9413120F0F74CFE6C
:108120000126F0E7B4F8D022638E9A421CD1B4F84D
:10813000D23282899B1A18BF012394F88D50482DA2
:1081400016D094F88E20482A10D00025022120460F
:1081500009F00DF9002D44D0002384F88D3003235D
:1081600084F8913002B070BD0123E6E73343ECD0D0
:108170001D4B1B6813B940F6F441CEE7A5F1480248
:108180000021684601945542554101228DF8002096
:108190009847DBE7002ED8D02288A3F57A7104F542
:1081A000CB70A4F8A02141F2707291420F4995BFA3
:1081B0004FF47A7240F2E242B3FBF2F3B3FBF2F314
:1081C00098BF03F550639BB2A4F8A231B4F8CC3247
:1081D000A4F8A431B4F8CE32A4F8A63109F02EFDEB
:1081E000B3E784F88E50BAE72C1500217122020102
:1081F00008B5FBF7B1F8024B024A1A6008BD00BF90
:10820000F0140021796F0101F7B50123104E33708E
:108210000023CDE900336846F1F74CFA044618B163
:108220000023337003B0F0BD009D95F88C30002B17
:10823000F1D005F5F877384605F0D0F8384605F066
:1082400007F905F5E47085F88C40FBF785FEE2E759
:10825000400B002138B50D4B0D4633F81040084651
:1082600002F0BCFF4FF47A7304F29D74033D0444A2
:10827000012DB4FBF3F404F586748CBF002528258A
:108280000AF075FB2044284438BD00BFB4F6020153
:108290002DE9F84F91F88DB09A4605460C46ABF1A2
:1082A00048031646012B1BD991F88E90A9F1480975
:1082B000B9F1010F8CBF4FF000094FF00109BAF17D
:1082C000000F04D000220121204601F0B1FA94F8F9
:1082D0008C30032B00F29280DFE803F0058D848D53
:1082E0004FF00109EBE726B940F219213520F0F7EC
:1082F00063FD4FF0000801232046474684F88C3088
:108300000BF07BF9634B1B6823B15146204698471D
:1083100008FB0077FBF7BEFE002872D10221B4F9FA
:10832000EC0109F0DCFDB4F8EC311B1AA4F8EC31D7
:108330000026D4E97232FB1842F100021B1842EB0E
:10834000E072C4E97232C5E904322E7094F88D20CF
:10835000A2F10C03DBB21E2B55D84F4EDE4006F0C7
:10836000010694F88E30482B08BF46F001062046DF
:108370000BF080FA30B1002E49D194F88C0001281E
:1083800018BF02200423287204F13C006B7209F02C
:10839000D8FC6860BAF1000F79D0ABF10E0BBBF1DD
:1083A000010F8CBF4B4649F00103002B6FD14146B2
:1083B000284608F013FF1FFA80F920460BF05AFAFE
:1083C00082466EBB81452BD307FB00F12E72D4E9A8
:1083D00072325B1842F10002C5E90432CFB940F2B3
:1083E000A12183E7D4F820820323D4F8387284F8DB
:1083F0008C30474486E7E769B84683E740F252216C
:1084000074E7002094E7482AABD10126AFE70020AB
:10841000B8E74146284608F0E1FE82441FFA8AF98F
:1084200001224946204601F003FA1A4B1B687BB132
:1084300001212046984708FB00F84844D5E904325A
:108440001FFA80F913EB080342F10002C5E9043278
:10845000FBF720FEB8B94FEA4901B4F9EC01B1F5D8
:10846000803FB4BF89B24FF6FF7109F038FDB4F810
:10847000EC311B1AA4F8EC31D5E904321B1842EB9D
:10848000E072C5E90432D5E90423C4E97223BDE8EA
:10849000F88F00BF4C150021050000402DE9F04188
:1084A0000E46044618B9EA213520F0F785FC052967
:1084B0007AD8DFE801F003726864796E90F88C3046
:1084C0000BB9F221F0E701F0F1F800286FD011218B
:1084D0002088F1F7B5F8034694F87400002B4CD0CF
:1084E000022848D004D8012807D0DC21B420DCE7DA
:1084F000C21E012AF9D81E3300E00A339F8894F87F
:108500007510CB1E012B98BF2826FFF7A3FE7630EF
:10851000E569F936874288BF3B1A264F98BF00238A
:108520007A78ED1A1AB9E36B9D4228BF1D4604F113
:108530003C0009F006FC00F176080220A5EB0805D6
:1085400003F048FE022125EAE575854228BF05466D
:10855000284603F06BFE10B1A84403F03DFD3246FF
:1085600041462046002309F097FC7860E069BDE8A9
:10857000F04103F02DBD1433C0E79627BFE7BDE8F7
:10858000F04102F09FBB01220021BDE8F0410BF059
:1085900043B8BDE8F041F2F75FBA90F88C30042B95
:1085A00005D04FF488717FE74FF48A717CE7BDE80E
:1085B000F08100BF400B0021024B0022C3E90022E2
:1085C000FFF722BE400B0021014B5870704700BFDF
:1085D000400B0021024608B520B940F27D1135203C
:1085E000F0F7EAFB90F88C3013B14FF4BF71F6E767
:1085F000034900F5F870BDE8084004F073BE00BF01
:108600009D84010108B501F0F1FD044B5A688242D6
:108610002ABF1878002080F0010008BD400B00211F
:1086200037B50446042900F28480DFE801F0031620
:10863000121B7D00404B1B7803F0FF024BB9012158
:108640000AF0EAFF02F054F903B0BDE8304004F04C
:1086500035BE042384F88C30F4E7032384F88C308F
:1086600003B030BD41F64B5540F2E241D0F83C3208
:10867000C269AB42ADF8041090F848128CBF0025D7
:108680000125C0F8202229B99A421CD000880BF09D
:1086900075F918E000880BF06EF920B94FF44171BC
:1086A0003520F0F789FBB4F8443200256386B4F82E
:1086B00046328381B4F83432C5814381013B038261
:1086C0007D23ADF8043094F87E30EBB9EDB9D4F8E1
:1086D000383204F5E470D4F83C22E362B4F8363260
:1086E000E2612386D4F8403284F87E506362638E60
:1086F0005343009302AB13E90600FBF70FFC20463F
:108700000AF07BFF0223A9E74DB14FF04D136363DD
:10871000002323874FF47A73ADF80430D7E74FF086
:10872000961325876363D2E703B0BDE830400AF0B3
:1087300064BF40F25931B3E7400B00210D4A0146B6
:10874000107898B90129936807D1B3F86420B3F879
:1087500048309A420DD8FFF755BF9289520707D586
:1087600093F88F00073818BF01207047002070472A
:1087700001207047480B002138B5184B9C899A6836
:1087800004439C8100F00304032C04D14FF42761BF
:108790003620F0F711FBC50748BF1961840706D5DD
:1087A000096809780629197506D00B2910D08206A8
:1087B00044BF08221A7038BD92F88D101E29F6D1D8
:1087C000002400250121C2E93C4582F89310EEE720
:1087D00092F88D101429EAD10021F6E7480B002108
:1087E00037B590F88D200446A2F14803012B1DD91E
:1087F00090F88E300E3A483B012ADBB214D8012B98
:108800008CBF00230123B4F88620B4F8341201325F
:1088100092B291422FD194F8482272B343B94FF4E7
:108820000E713620F0F7C8FA012B24D80123EAE7AD
:10883000294B1B6813B940F23921F2E70021684641
:1088400001948DF800109847002584F84A520221BF
:10885000204608F0D5FD03212046FFF7E1FE94F8FD
:108860008D30A3F14802012A02D90E3B012B2AD8F0
:10887000002384F88D3003B030BD238841F270723C
:1088800004F5CB70A4F8A031D4F83C32A3F57A718A
:108890009142124995BF4FF47A7240F2E242B3FB23
:1088A000F2F3B3FBF2F398BF03F550639BB2A4F865
:1088B000A231D4F84032C4F8A431002384F89F31A7
:1088C00009F0BCF9C0E794F88E30483B012B98BF03
:1088D00084F88E50CFE700BF881500217122020175
:1088E000234B70B59C6894F832520DB994F87450CB
:1088F00094F833620EB994F8756084F8745084F873
:108900007560FF2384F876301A4B1B6813B1294633
:1089100020469847184B1B681BB12A46314617481A
:10892000984704F13C0600211448F9F7F7FA30465D
:1089300009F007FA04F24B1105462046FAF744FB0A
:1089400020460421FFF76CFE304609F0FAF9854213
:1089500004460BD203F09CFC0146601B402838BF44
:10896000402003F063FC10B103F036FB012070BD22
:10897000480B00215C150021941500214C0B0021AF
:1089800000231E2980F8161180F817310ED92439DA
:10899000C9B21B2903D8104BCB40DB0705D40023F9
:1089A000A0F8C630012380F8CA30704701220B4B73
:1089B0008A401340002BF8D115290AD01129EED195
:1089C00090F8182112B1A0F8C6307047A0F8CC205A
:1089D0007047A0F8CC307047090100098712084998
:1089E00010B54B7802464468232B94F88D1027D09D
:1089F00018D81D2B2BD00AD8A3F11201042904D8B2
:108A00004FF4A801D940C90714D4002010BD1F2B72
:108A1000FBD13129F9D1124B1B68002BF5D0204630
:108A20009847F2E73B2B18D03F2B14D02B2BECD1DF
:108A30000C4B08E001211846BDE810400AF070BE5A
:108A40002D29E2D1084B1B68002BE9D1DDE737293E
:108A5000DBD1064BF7E7064BF5E7064BF3E700BF24
:108A6000701500219015002158150021681500216E
:108A70008C150021A4150021034610460A1E08BFCC
:108A80001F22252B70B535D8112B03D8032B3FD0CF
:108A9000002035E0A3F112011329F9D801A454F8FC
:108AA00021F000BF038B0101918A0101038B0101B9
:108AB000918A0101038B0101918A0101918A0101CF
:108AC000918A0101918A0101918A0101918A010132
:108AD000778B0101918A0101838B0101918A010148
:108AE000918A0101918A0101658B0101658B010168
:108AF000658B01013B2B4BD0FE3B58425841400057
:108B000070BD024600211846BDE870400AF008BE5C
:108B1000446894F88D301B2B01D0152B41D194F86B
:108B2000D030002B3DD184F8CF3084F8CA3094F88F
:108B3000B03103F0FF0523B140F2D5313620F0F714
:108B40003BF9238884F8B121A4F8B23184F8B451F8
:108B500084F87A52144904F5D47009F066F884F860
:108B60008D5095E711490C68002C91D01946234689
:108B7000BDE8704018470E4B1B68002B88D01D21A4
:108B8000F6E70C4B1B68002B82D01F214068EFE7F3
:108B9000094B1B68002B3FF47BAF1146BDE87040CA
:108BA00018470220ACE700BF272502015415002119
:108BB000641500216C150021A01500212DE9F34753
:108BC0009F4F0E468046B989BC688D0504F180052B
:108BD00054BFB4F8C020002228465CBF013292B2D4
:108BE000A4F8C0200AF0E0FB30B10B4604F5A172F6
:108BF00021462846FBF73AF8BB8903F4C06343B12A
:108C000094F891302BB90121204684F89110FFF798
:108C100007FDB8F1000F40F0D981002E40F0D68159
:108C2000BB89BD685C0707D595F88F20072A02BF6E
:108C3000012285F88F607A75980713D5387D012356
:108C4000072885F817310AD0112824D0FAF7A6FD95
:108C5000034628B940F2CF513620F0F7ADF8794BF2
:108C600079489847BB89190740F1BE80BC6894F8E1
:108C700016312A2B36D81B2B0FD8012B5AD0032B99
:108C800063D0002B44D094F81631FE2B40F0908036
:108C900040F2DC51E0E76D4BE2E71C3B0E2BF2D8D3
:108CA00001A252F823F000BF6B8D0101878C0101F6
:108CB000878C0101878C0101878C0101738D010173
:108CC000818D0101878C0101878C0101878C010155
:108CD000878C01019F8D0101878C0101878C010127
:108CE0006B8D01013C2B61D03F2BCCD1B4F8863089
:108CF000B4F834229B1A1B0402D4002384F84A32AD
:108D000094F88D30482B0DD1002384F8CA30BAE78F
:108D1000B4F88620B4F83412521A1204B3D484F88A
:108D20004A32B0E794F88E30482BACD1464809F06F
:108D30008FF9A8E7B4F88630B4F82E229B1A1804ED
:108D4000A1D4002384F88D309DE794F88D30153B35
:108D5000DBB2092B05D840F2412222FA03F3D907EE
:108D600091D4002384F87A32DBE7002384F835318C
:108D7000CBE7374B1B68002B85D02046984782E70E
:108D8000002384F83631334B1B6823B104F59B7103
:108D900004F58E7098472C4809F040F973E72E4B84
:108DA0001B68002B3FF46FAF2748E7E72B4BF7E733
:108DB000FE2384F8163194F88D302A2B3ED033D818
:108DC0000C2B35D00E2B37D094F88E30482B04BFA7
:108DD000492384F88E3094F88F30082B01BF02238A
:108DE0007B75002384F88F30BB89DA074CD53A694C
:108DF000BB68166893F88D1093F8D00034780AF0A9
:108E00007CFC28B1112C6CD8154BE340DB0768D5EE
:108E100011792046F9F764FE20BB3B6931460A48C8
:108E20001A7909F054F92EE0482BCDD1492300E0FE
:108E30000D2384F88D30C7E70F23FAE72B23F8E7DB
:108E4000480B0021E13602014C0B0021C53602011E
:108E500074150021781500217C150021981500213A
:108E6000742802000D2C36D0112C36D0072C36D0A9
:108E70002046FAF77FFC03460028CED03A693146F7
:108E8000B3481279984706463B781C0708D595F8F1
:108E90008D1095F8D0000AF030FC002818BF082685
:108EA0002846FFF79DFCBD6895F81631FE2B40F073
:108EB0008D8095F88F30073B012B40F2878095F825
:108EC000203103F0FF0473B10023A5F8C43002235E
:108ED000A5F816317AE09F4BD0E79F4BCEE79F4B2A
:108EE000CCE70826D0E795F88D3043B995F8BE2039
:108EF0001AB31222A5F81621A5F8C63063E0292B73
:108F000000F0A38010D8142B58D009D8032B00F000
:108F10009680132B00F08A80113B102B56D90CE061
:108F20001E2BF9D106234AE0352B00F0A080362B0A
:108F300000F09380322B00F08E8095F88E30372B26
:108F400000F2DA80222B00F29480013BDAB2052A8B
:108F500040F2C08095F81631FE2B37D1BC6894F8EA
:108F60001631FE2B00F0678195F88D3073BB95F8B4
:108F70002D325BB395F88E0009F083F8044628BBC8
:108F8000B5F886300A2B21D96846F9F779FDE8B1A2
:108F9000052205F19701684605F090FA002800F0D7
:108FA00016839DF80430009885F82C320123C5F80B
:108FB0002802A5F8163185F82D4207E00B23A5F805
:108FC0001631A5F8C640012385F8CA30BC6894F86C
:108FD000203123B994F88F30073B012B04D8B4F823
:108FE000C4300133A4F8C43094F8CA1021B1B4F8E5
:108FF000C6300133A4F8C63094F9CE2022B1B4F8BB
:10900000CC300133A4F8CC30B8F1000F40F03983F4
:109010007B7D022B00F03183012B40F0DB8294F842
:109020009030002B40F0EB820021F5E2D5F84C3275
:10903000C5F808310323A5F8163100235CE795F83D
:10904000113185F81831072342E71823A5F8C640E7
:10905000A5F81631BAE72123B1E7012311212846EB
:1090600085F81831FFF78CFC85F88D40AEE7272393
:109070002EE7233B142B3FF66DAF01A252F823F0ED
:109080006191010161910101558F0101558F01012C
:10909000D7910101558F0101558F0101558F0101B4
:1090A000558F0101558F010123920101558F010157
:1090B000558F0101558F0101558F0101558F010118
:1090C000558F0101558F01012B920101079201017A
:1090D00027920101052B3FF63DAF01A252F823F084
:1090E000219101013F9101010F9101011B920101A9
:1090F000558F01011F9201014C2B00F098804F2BDE
:1091000000F09780482B7FF425AF3F2373E095F85C
:10911000103185F818310723A5F81631002314E023
:109120000C230022A5F8163195F8D130A5F8CC20F3
:1091300043F0010385F88E2085F8D1300AE7132328
:10914000A5F816310023A5F8CC3085F88E3001E75C
:109150004C0B0021A7370201E1370201E18901012F
:1091600095F82331002B7FF4F5AE95F82231BBB191
:1091700095F88E3005F5917105F232222A2B28D010
:1091800095F88D302A3B012B8CBF00230123284604
:1091900008F0E0FD242385F88E30002385F8223185
:1091A00095F88E30242B7FF4D5AE05F24B1128466E
:1091B000F9F70AFFB5F85E30A5F81831B5F8623056
:1091C000A5F81A311523A5F816310023A5F8CC30DF
:1091D000C0E60123DBE795F82C31012B0ED095F882
:1091E0002C31022B7FF4B6AEEA6ED5F82E11A048D2
:1091F00007F0DCFD1823A5F81631ABE695F82D3104
:10920000002BECD1F0E700241121284685F8184105
:10921000FFF7B6FB85F88E409CE60923EBE71B239E
:109220007AE72423E7E71E2376E72723E3E72C23C7
:10923000E1E73C23DFE794F88D30002B7FF494AE18
:1092400094F84A323BB394F8483203BB94F88E004A
:1092500008F017FF8246F0B994F88E30352B1AD0FB
:1092600094F8483283B110212088F0F7E9F90369B6
:1092700013F400791DD04823A4F8C6A084F88D30DB
:10928000012384F8CA303F23A4F8163177E094F81C
:109290003431002BDAD094F87A3203F0FF0133B383
:1092A00094F89230B3B194F8933073B940F2CE6130
:1092B000D2E4704B1B6813B940F2BF61CCE41A21B1
:1092C0006B48984784F84A9259E00A23A4F816316B
:1092D000002306E0D4F84C22C4F808210322A4F8A5
:1092E0001621A4F8C630012384F8CA3047E094F868
:1092F000333103F0FF022BB10823A4F8C610A4F801
:109300001631F0E794F8343103F0FF0173B194F8AB
:10931000E730DB0905D02B23A4F81631A4F8C620CA
:10932000E1E7554B1B6853B3514831E0D4F87C3228
:1093300083B31F2294F88E00F9F716FF50BBD4F8C0
:109340007C3233B113F8512C012A05D040F2FE6172
:1093500082E440F2FA617FE413F8283C03F0FF0155
:1093600013B140F2FF6177E494F8E33098060CD52E
:109370001F23A4F8C61084F8CA20A4F8163195F863
:109380001631FE2B7FF422AEEEE53C4B20461B68E7
:109390009847F4E794F8323173B194F8D13013F070
:1093A0000302ECD10C2143F00103A4F8161184F858
:1093B000D13084F8322187E794F822311BB394F836
:1093C000233103BB94F88E3004F5917104F23222FC
:1093D0002A2B16D094F88D302A3B012B8CBF00230A
:1093E0000123204608F0B6FC002384F82231B4F8AB
:1093F0005E20A4F81821B4F86220A4F81A211422DF
:109400006DE70123EDE794F82C31012B61D194F83D
:109410002D31002B5DD194F88E0008F032FE00282B
:1094200057D194F874104B1EDBB2032B09D894F873
:109430007520DFF84CC0013A1CF80300D2B2032AB1
:1094400003D940F21131062007E4022894F82E31A6
:109450000AD003280AD0012804D1012B14BF00230D
:1094600001237BB9162331E7022BF7E7042BF5E73D
:109470004C0B00218815002190150021701500214A
:10948000AFF502011CF8022094F82F31022A17D000
:10949000032A17D0012AE5D1012B14BF0023012391
:1094A000002BDFD0B4F8863004F50C72B4F830012C
:1094B00007F060FC014640B97548F8F72FFD5EE7FC
:1094C000022BEAE7042BEDD0CCE72C2384F88D3077
:1094D00055E794F8353103F0FF025BB16D4B1B6823
:1094E0006B489847FE2801463FF449AF2046FFF7F6
:1094F00047FA44E794F83E3103F0FF090BB11D230E
:109500000AE794F836316BB30921B4F83801F0F763
:1095100097F810B984F83601D6E690F8F03103F0E8
:10952000FF0213B984F83621CEE690F8C831032B38
:1095300014D8DFE803F00202050D84F83691C3E683
:1095400094F83C3180F8F131002384F83631BBE6E1
:109550002223A4F81631A4F8C690C4E640F2926122
:10956000FFF77ABB94F83F318BB194F84A3273B964
:1095700094F8E4305A0608D5474B1B68002B3FF49B
:10958000FEAE4348984727237EE6444BCAE694F84C
:109590004031BBB13B22002194F88E00F9F7E4FD85
:1095A000814678B910212088F0F74AF803699B07B3
:1095B00005D53B4B36481B6898473B23C9E7394BD9
:1095C0001B68B1E6384B1B68002B89D1D7E685F8BC
:1095D0002D02F2E45EB1F00651D4310751D4B20746
:1095E00051D1B30651D440F6F421FFF735BBD9B1C0
:1095F000B4F8C610B4F8C830994215D9222384F8BB
:10960000B1302348FAF72EF90023022184F88D3077
:1096100084F88E3084F891302046FFF701F802B0CC
:10962000BDE8F047F8F7E8BD2AB1B4F8CC20B4F8AB
:10963000C8309A42E2D8B4F8C420B4F8C2309A4292
:109640000FD2B4F8C420B4F8C8309A42D6D294F8F5
:109650009120B4F8C0304AB9052B7FF6E5AC3E2323
:10966000CDE794F82031002BC8D1EAE7B4F8C22046
:109670009A423FF6D9AC0823C1E71623BFE71E2361
:10968000BDE73D23BBE72A23B9E72323B7E700BFA4
:109690004C0B00215015002180150021841500215C
:1096A0009C150021A41500216015002130B590F80B
:1096B0008E200023584D85B02A2A04462B71A860BD
:1096C000AB812B706B7512D1B0F83012B0F88620D8
:1096D000521A11040BD480F88E30FFF701F9B0B99B
:1096E00000210846FFF76AFA002005B030BD94F863
:1096F0008D302A3B022B0AD8B4F83022B4F88630D9
:109700009B1A1A0403D4002384F88D30E5E794F8FB
:109710008D300C3B012B16D8B4F88630B4F82E22CD
:109720009B1A1B040FD404F50A7104F1960007F08C
:10973000DDFE94F88D300D2B04BF002384F88D30AE
:10974000FF2384F8CB30B4F81822214604F18000BE
:10975000013292B207F011FF0023A4F8183294F8F6
:10976000CA302BB1B4F8C620B4F8C8309A42B7D288
:1097700094F9CE302BB1B4F8CC20B4F8C8309A426A
:10978000AED2B4F8C220B4F8C4309342A8D294F850
:109790009110B4F8C03071B9052BA1D894F81641D6
:1097A000FE2C1DD003A8F8F7FFFC38B940F62611AF
:1097B0003620EFF701FB9A42F0D891E732220021E0
:1097C000039804F0D9FE03992246144801F8034F88
:1097D000F9F706FEF8F7F4FC58B940F62F11E7E761
:1097E0000F4B1C682CB102F051FD02460B460B4892
:1097F000A047AB680B4A93F88D1093F8D00009F09E
:109800007CFF094B054900930190084B03C9F0F711
:1098100085FF012069E700BF480B00214C0B0021A8
:10982000A815002179870101BD8B01013D87010148
:10983000F8B5B0F8183200F1800704460D460B4425
:109840001646A0F81832B0F8C0300B44A0F8C0306B
:10985000384609F0A9FDA0B1D4F8B43038460B441D
:109860002146C4F8B43008F0FAFFD4E92D239A4217
:1098700007D30023164904F5A170C4F8B43008F0EA
:10988000DDF994F8CA3023B1B4F8C6302B44A4F8FB
:10989000C63094F9CE3023B1B4F8CC302B44A4F8C0
:1098A000CC3094F8203123B994F88F30073B012B4A
:1098B00004D8B4F8C4302B44A4F8C4302046FEF7D2
:1098C0008FFF26B1B4F886301D44A4F88650F8BD49
:1098D000B9270201014B1873704700BFD00B00215C
:1098E000074B93F900301844142804DC10F17F0F63
:1098F00003DB40B27047142070476FF07E00704762
:10990000420C0021084B1B785B425BB218441428C0
:1099100004DC10F17F0F03DB40B270471420704766
:109920006FF07E00704700BF420C00217F2307B517
:109930000DF107008DF8073001F040F903469DF95D
:10994000070053B1094B5B785B425BB218441428A3
:1099500006DC10F17F0F05DB40B203B05DF804FBBD
:109960001420FAE76FF07E00F7E700BF420C0021F9
:10997000014B187059707047420C0021024B0022B5
:109980001A705A70704700BF420C0021014B93F9C6
:1099900000007047420C0021014B93F90100704711
:1099A000420C0021014B1870704700BF440C00218D
:1099B00008B500F0C3FB00F0CDF800F005F8BDE8F5
:1099C000084001F0B1BC00BF034B00214FF48052AE
:1099D0001970A3F801207047480C002170B50646A5
:1099E000022014460D4600F0D5F8064B0122033C38
:1099F0001A70054BC3F81045C3F80865C3F8045541
:109A000070BD00BF480C002100E00041022008B5F5
:109A100000F0C0F8084B002208484FF0010C08493C
:109A200080F800C0C3F80021C3F80421C3F808215E
:109A3000C3F8801008BD00BF00E00041480C0021C1
:109A400003000080104B1A785AB110490020C1F869
:109A50008000D1F800213AB91021002099705A7085
:109A60001870002000F096B8D1F80421002AF3D035
:109A7000D1F8082122B9D1F800140122C9B2ECE7CB
:109A800010210246E9E700BF480C002100E0004138
:109A9000022008B500F07EF8064B0022012106489E
:109AA0000170C3F80021C3F80421C3F8082119602C
:109AB00008BD00BF00E00041480C002108B5164B6E
:109AC0001A78B2B1C823154AD2F8001141B1D2F8C0
:109AD000040120B1D2F80801B0FA80F0400908BDB5
:109AE000013B13F0FF03EFD10620F9F73DFA002008
:109AF00008BD5878C823A0F10202B2FA82F25209D6
:109B000000E01AB1013B13F0FF03FAD10228EBD0B9
:109B1000431E5842584108BD480C002100E0004156
:109B20000A4B1A787AB10A4BD3F800214AB1D3F81C
:109B3000042132B1D3F808211AB9D3F80004C0B215
:109B40007047102070479878704700BF480C00217C
:109B500000E0004138B54FF480420C4BC3F8802040
:109B6000BFF34F8FBFF36F8F094BD3F80025032A44
:109B700001D101229A60064C0025C4F80055C4F8B2
:109B8000005501F0DFFCC4F8805038BD00E100E072
:109B900000E00041164BD3F80025032A70B50546B6
:109BA00001D101229A60124C0026C4F80065C4F865
:109BB000006501F0C7FC012DC4F880600DD0022DB6
:109BC00001D08DB970BD03210A4A0B4BC4F80015B2
:109BD000C4F81425C4F8803070BD0222054BC4F8C7
:109BE0000025C4F8143570BD8C213D20EFF7E4F852
:109BF00000E000414C0C002103000080024BD3F830
:109C0000A00200F0010070470000FF010A4B4FF670
:109C1000FF72014610B4D3F8A442D3F8A8329BB225
:109C2000934208BFB4F1FF3F14BF0120002001D0D0
:109C30000C608B8010BC70470000FF010D4B70B4AE
:109C4000D3F89062D3F89452D3F8984206EA05020A
:109C5000D3F89C1222400A40013202D1002070BC8D
:109C600070470346066001205D609C60D96070BC4F
:109C7000704700BF0000FF010D4B70B4D3F8806245
:109C8000D3F88452D3F8884206EA0502D3F88C123E
:109C900022400A40013202D1002070BC70470346C6
:109CA000066001205D609C60D96070BC704700BF99
:109CB0000000FF01EFF3108272B60F4B93F84510CE
:109CC00011B9BAB962B670475B78012B0FD0022B7D
:109CD000F7D18307F5D409480121094B10B40024BA
:109CE000C0F84045196102B962B610BC704741071F
:109CF000E7D4F0E7704700BF580D002100C00041D5
:109D00000080004108B51F4A431E1074072B34D849
:109D1000DFE803F00F1A1F2433292E041A4B0F22F9
:109D2000C3F81025194A184BD2F88420C3F88825A7
:109D300008BD154B0322C3F81025144A124BD2F864
:109D40008020C3F8882508BD0F4B0422C3F81025D6
:109D5000E8E70D4B0622C3F81025EEE70A4B052273
:109D6000C3F81025E9E7084B0022C3F81025E4E703
:109D7000054B0122C3F81025D4E74FF474613E204F
:109D8000EFF71AF8580D0021008000410000FF0194
:109D900030B5431E3E4C83B02074072B6DD8DFE8EE
:109DA00003F0394A4F546C595E043A4B0F22C3F802
:109DB0001025394A374BD2F88420C3F88825A38A66
:109DC000B3F5166F34D2A3F6381343F48073314DD4
:109DD000C5F8083501F07F03C5F8543501AB94F997
:109DE000112001F01DFC9DF8050001F0E1FC0028A8
:109DF00048D19DF9040001F0F9F9237C082B33D0F8
:109E000040F2031240F25B63C5F83425C5F83835DB
:109E100003B030BD1F4B0322C3F810251E4A1D4B53
:109E2000D2F88020C3F88825A38AB3F5166FCAD369
:109E3000A3F51663CBE7174B0422C3F81025B8E748
:109E4000144B0622C3F81025E8E7124B0522C3F88D
:109E50001025E3E70F4B0022C3F81025DEE70D4B7A
:109E60000122C3F81025A4E74FF481720B4BC5F80B
:109E70003425C5F8383503B030BD4FF474613E2049
:109E8000EEF79AFF40F2B1713E20EEF795FF00BF6A
:109E9000580D0021008000410000FF012110010049
:109EA0002DE9F043002383B0071E0E468DF80630DF
:109EB000904614BF022304238DF8043002F0E8F921
:109EC00001284FF0FF3088BF00208DF8050001A861
:109ED00004F084FC002840F007818D4D012385F8B3
:109EE000453002F081F804460028FAD0002F38D11E
:109EF0004FF0010995F8303085F80190002B47D0DC
:109F000095F83230002B4ED1824B834A33F818300B
:109F100003F5FA73A2FB0323804AA6EB9316804B4A
:109F2000C3F88020AB69012295F831001E447D4BB7
:109F3000C3F8406585F83020784AC3F8C02100286E
:109F40004FD095F8320000283ED07548C0F88820E0
:109F5000D3F84031002B44D00024204603B0BDE8A4
:109F6000F083012F40F0CA8002236B7095F83030E7
:109F7000002B66D095F8323003B3694B0022C3F84A
:109F80001C21D3F8002242F48872C3F80022C9E7EA
:109F9000A97C4046FFF7FCFE95F83230002BB3D089
:109FA0005F4BC3F80090604B5B4A33F8183003F501
:109FB000FA73A2FB0323A6EB9316B3E7584B293E93
:109FC000564AC3F88420ADE7554BD3F8002242F03F
:109FD0000102C3F80022D3F8503503F0F603022B38
:109FE000BAD0504B0122DA64D3F84C35B342B3DA1D
:109FF000EB8A952B0CD9002F5FD04C4B06F1290131
:10A000001846D9604A4901F0C1FB431C012B70D8A6
:10A0100001A804F0EFFB002875D16B789DF80420AF
:10A02000012B0BD0022B98D1930796D43D490020E9
:10A030003B4B0122C1F840051A618EE752078CD4D0
:10A04000F4E7404695F81280FFF75CFEAB8AB3F563
:10A05000166F2FD2A3F6381343F48072304B08F0FA
:10A060007F01C3F808250022C3F854153149C1F80F
:10A070000025C3F81C21D3F8002242F48872C3F8EB
:10A0800000222A7C082A27D040F20312C3F8342584
:10A0900040F25B62C3F83825214A95F83210D2F8B5
:10A0A000683543F4C023C2F86835002986D00123FF
:10A0B000536062E7A3F51662D0E71C4B28361C49B3
:10A0C0001846DE6001F05CFB431C012BA0D940F672
:10A0D000BE013E20EEF770FE4FF48172C3F83425C6
:10A0E000154AC3F83825D7E740F6DC413E20EEF7A5
:10A0F00063FE40F6C8013E20EEF75EFE4FF41B61A2
:10A100003E20EEF759FE40F61F513E20EEF754FE7A
:10A11000580D0021B4F60201D34D62100B000080EF
:10A120000080004100C00041C8F602014400002147
:10A130000CF60201004000412110010048220021DC
:10A14000094810B504F018FA41F21114074B002227
:10A150004FF08240AA21C0F8004EC3F8402EC3F849
:10A16000442EC3F8001E10BD580D002100700041A0
:10A17000014BD882704700BF580D0021024B0122CD
:10A1800083F83220704700BF580D0021024B034472
:10A19000187D00F5166070470CF60201014B93F82C
:10A1A00024007047580D00210C490D4A0D4810B489
:10A1B0000D4C91F8243002EB830254F82330146DD7
:10A1C00003F2E733D26B1B1B10BCA0FB0303D1E9E6
:10A1D0000710401A104400EB93107047580D0021EF
:10A1E0000CF60201D34D6210A0F60201024B186A70
:10A1F0009B69C01A704700BF580D002110B5124C62
:10A2000082B002F043F8A369226CC01A009261EB9D
:10A21000E371D4E90E2301F0E3FE94F82420D4E99D
:10A2200006130A4C5B1A0A4901EB820154F82220FA
:10A23000084CC96B02F2F3125B1AA4FB0242A3EBB7
:10A240009213181A02B010BD580D0021A0F6020199
:10A250000CF60201D34D62100D4A0E490E4810B59E
:10A260000E4C92F8243001EB830154F82330D2E9EC
:10A270000624C96B03F2F313A41AA0FB0303641AA8
:10A28000A4EB931402F002F8201841F1000110BD74
:10A29000580D00210CF60201D34D6210A0F6020108
:10A2A000FF2808B52AD80139072922D8DFE801F0AC
:10A2B000041D16162104041A4FF44033144A18439F
:10A2C000144B40F00070C3F81425C3F81805D3F8F8
:10A2D000503503F0F703032B15D008BD4FF440337E
:10A2E0000D4AECE700230D4AE9E74FF440330C4AEE
:10A2F000E5E740F27D313E20EEF75EFD40F20D31A4
:10A300003E20EEF759FD40F297313E20EEF754FD26
:10A310000801100000800041080190630800000659
:10A320000801100138B5144A144BC3F8AC21027867
:10A33000032A1CD140780129114CD3F8141500F0E0
:10A340003F00E26821F470210E4D42F0030245EA1D
:10A35000000508BF41F40021C3F81415C3F8002913
:10A36000C3F810590123E26084F8443038BD4FF43B
:10A370007B713E20EEF720FD06000080008000414A
:10A38000580D002180320200384B4FF4807270B5B6
:10A39000C3F88020BFF34F8FBFF36F8F01F01EFE15
:10A3A0000546334C01F072FF324E401B0023012260
:10A3B000314DC4F8FC3FB0613048C4F8FC2F05EBC8
:10A3C000C3010133D1F800230240A24204D1D1F8E5
:10A3D0000023D1F804131160202BF0D1244C012369
:10A3E0000321254AC4F83035337440F20123C4F800
:10A3F0001015D2F880104FF48012C4F88815C4F8F4
:10A4000050361F4BC4F80022187C01F0E3F904F029
:10A4100035F91C491C4BC4F8A81102311B4AC3F87A
:10A42000C820C3F8C41041F6F871194A0023C2F8D5
:10A4300004159621D4F800090C4AF0601020F1822E
:10A44000B384338686F83230336286F844304FF472
:10A450008073B16CC2F88031C4F80403136001B199
:10A460008847BDE8704001F07FB900BF00E100E01F
:10A4700000800041580D00210000FF0100F0FFFFA7
:10A48000440000210300008000C00041060000805D
:10A4900000F00041014B5874704700BF580D002177
:10A4A000034B020E0002C3F82425C3F81C057047B5
:10A4B00000800041044B054A034490741B7D03F562
:10A4C00016639382704700BF0CF60201580D0021FD
:10A4D00000B583B001AB01F0A3F803B05DF804FB55
:10A4E000F0B5854C83B094F83130002B00F0FE803D
:10A4F00000284FF0000205460F4614BF0223042334
:10A500008DF806208DF8043001F0C2FE01284FF0CE
:10A51000FF3088BF00208DF8050001A804F05EF927
:10A52000002840F0DE800123744A84F8320084F869
:10A53000453084F83030D2F8003243F00103C2F8DD
:10A54000003201F051FD0028FBD0002D00F0888082
:10A55000012D0AD06A4BD3F84C65E38A952B4FD96D
:10A5600040F6CC013E20EEF727FC02233846A67CBD
:10A570006370FFF7C7FBA38AB3F5166F80F0928074
:10A58000A3F6381343F480725C4B06F07F065D49F6
:10A59000C3F808250022C3F85465C1F80025C3F8A4
:10A5A0001C21D3F8002242F48872C3F80022227CD6
:10A5B000082A7AD040F20312C3F8342540F25B62D5
:10A5C000C3F838254D4BD3F8682542F4C022C3F8B0
:10A5D00068256278022A70D1494A0121D164596004
:10A5E000E38AD2F84C65952B0AD9474A06F129032C
:10A5F00046491046D36001F0C9F80130012866D8F9
:10A6000001A804F0F7F800285CD163789DF80420D5
:10A61000012B1ED0022B09D1930707D4384B0022FF
:10A62000C3F84025A3F5804301221A61A369F61AF5
:10A630001DB106F1290003B0F0BD354B354A33F8A2
:10A64000173003F5FA73A2FB032306EB931003B054
:10A65000F0BD5207E2D5A369F61A002DE9D1ECE767
:10A660000123A17C38466370FFF792FB6378012BCE
:10A6700032D1234A2149D3640B60E38AD2F84C6576
:10A68000952BBDD9204A06F1280320491046D360F6
:10A6900001F076F801300128B2D940F6BE013E2023
:10A6A000EEF78AFBA3F516626EE74FF48172C3F8EA
:10A6B0003425194AC3F8382584E740F628113E208E
:10A6C000EEF77AFB40F61F513E20EEF775FB40F6A1
:10A6D000C8013E20EEF770FB40F61F113E20EEF75A
:10A6E0006BFB40F6DC413E20EEF766FB40F60611C0
:10A6F0003E20EEF761FB00BF580D002100800041B5
:10A7000000C0004100400041440000210CF602015D
:10A71000B4F60201D34D62102110010010B5FFF70D
:10A72000BFFB00B110BD0346054C064A0121C4F829
:10A73000403502201161BDE81040F8F715BC00BF9C
:10A7400000C0004100800041F8B51F4D95F825304C
:10A75000A3B30446164608465CB1012C1DD0002761
:10A76000A96932462046791AFFF79AFB034648B199
:10A77000F8BD012B2F6A95F8241017D000F04EFD7C
:10A780000744EDE7114C0121114A0220C4F840357D
:10A790001161BDE8F840F8F7E7BB012B2F6A95F887
:10A7A000241007D000F070FD0744D9E700F058FDF1
:10A7B0000744D5E700F040FD0744D1E740F63421D7
:10A7C0003E20EEF7F9FA00BF580D002100C000410D
:10A7D0000080004130B5414A4FF4807440494FF049
:10A7E000FF30D2F8045383B0C2F808030023C1F845
:10A7F00080414FF480113B4C05F01005C2F8001267
:10A800003949238684F83230C1F84035C2F888309F
:10A81000C2F88030C2F88430D2F85015C9B249BBB2
:10A82000E38A952B04D96378012B4DD0022B41D0BC
:10A8300000222A4B94F84410C3F81021228091B1D1
:10A84000C3F8AC21D3F8141584F8442021F4702106
:10A85000E268C3F8141522F003022449E260C3F849
:10A860000029C3F810191DB11C4B1022C3F8042392
:10A8700003B030BD01218DF80700C2F8103111611D
:10A880009DF807304BB90CE09DF80730013BDBB277
:10A890008DF807309DF807301BB1D2F81031002B2E
:10A8A000F2D09DF80730002BBAD140F672213E203D
:10A8B000EEF782FA00F076FF01300128B8D940F6B1
:10A8C0008A213E20EEF778FA00F066FF0130012879
:10A8D000AED940F684213E20EEF76EFA00800041AA
:10A8E00000E100E0580D002100C00041803202006C
:10A8F000F8B50022314B324FC3F84825C3F8442540
:10A90000C3F84025C3F84C25FFF764FF00F032FF81
:10A9100097F845302BB103F067FF002843D187F843
:10A920004500002003F06CFF0446002840D1234D71
:10A93000244EC5F8C401C6F88800C6F88000C6F8E1
:10A940008400C5F8C800C5F8C400C6F88400C6F87D
:10A95000800003F0ABFE1C491C4B4FF4807241F6A3
:10A96000F870C6F8A8413C71C5F8C041C7E9074472
:10A97000C1F80805C5F84845C5F84445C5F840453F
:10A98000C5F84C45C5F84841C5F84441C5F84041B3
:10A99000C5F84C41C3F88020BFF34F8FBFF36F8FD2
:10A9A000C3F88021F8BD40F241613E20EEF704FA81
:10A9B00040F244613E20EEF7FFF900BF00C00041C5
:10A9C000580D00210080004100F0004100E100E04E
:10A9D000014BC3F83C0570470080004138B5044680
:10A9E000074803F00DFF28B9064D94E80F0085E8ED
:10A9F0000F0038BD40F6DB213E20EEF7DDF900BF49
:10AA0000B59C0101A40D0021164B4FF0010C164A14
:10AA100093F8301083F831C0C2F80405D862F9B158
:10AA200093F8323083B11149114BC2F88810D3F832
:10AA30004031ABB100200E490B4B0122C1F840055B
:10AA400003201A61F8F790BAD2F8003243F00103FC
:10AA5000C2F80032D2F8503503F0F603022BE9D0E9
:10AA6000704700BF580D0021008000410B0000809E
:10AA700000C0004108B5144B4FF0010C134A93F885
:10AA8000301083F831C0C2F80405D862C9B193F818
:10AA9000323053B10E490F4BC2F88810D3F8403111
:10AAA0007BB1FFF797FE002008BDD2F8003243F0DB
:10AAB0000103C2F80032D2F8503503F0F603022B3E
:10AAC000EFD0012008BD00BF580D002100800041DB
:10AAD0000B00008000C00041154B99691A6A0844B8
:10AAE000824210B518D20124124A98605464D2F8F8
:10AAF00044151C714B1D834205D30F4BD3F8042121
:10AB000002B91C6110BD00210C4BC2F84411C2F8FF
:10AB10004405C2F8C43110BD0220F8F725FA0549F2
:10AB20000020054B0122C1F840051A6110BD00BF8D
:10AB3000580D002100C00041008000410900008044
:10AB400010B50E4C0222034694F825C02271BCF1C8
:10AB5000010F94F82410227CE08A0BD000F0C4FB93
:10AB6000236A0021064A0344A060C2F84411C2F8D7
:10AB7000443510BD00F098FBF2E700BF580D0021EE
:10AB800000C00041704700BF044BC3F86005D3F814
:10AB9000002242F04002C3F80022704700800041CA
:10ABA000054B0021D3F8002222F04002C3F8002216
:10ABB000C3F86015704700BF008000410C4AD2F80E
:10ABC0001C319BB1D2F848350146012003F07F03C8
:10ABD00010B45B42002483B00B70C2F81C41D2F861
:10ABE0001C310193019B03B010BC7047184670479D
:10ABF0000080004130B5224C83B094F83230A1700F
:10AC0000D8B901222270B3B1237C99422ED11D4ABA
:10AC100008461D4D01ABC2F8805094F91120A17C6B
:10AC200000F0FEFC9DF8050000F0C2FD18BB9DF988
:10AC3000040000F0DBFA03B030BD02222270002BCA
:10AC4000F9D0237C8B4211D101280E4B0E4A0AD138
:10AC5000C3F884200B4AD2F8683543F4C023C2F805
:10AC6000683503B030BDC3F88020F3E740F65441A7
:10AC70003E20EEF7A1F840F2B1713E20EEF79CF8CD
:10AC8000580D00210080004107000080054B002185
:10AC9000054AC3F84015D2F85035DBB20BB1012399
:10ACA0001361704700C0004100800041044B30B484
:10ACB000D3E90E451B6CC0E9004530BC0B60704702
:10ACC000580D00212DE9F04701F08CF9BD4CBE4B29
:10ACD0000122C4E90E01DA64E28AD3F84C35952AE0
:10ACE000236406D96378012B00F0E281022B00F087
:10ACF0005081B64B00222179B548C3F88820C3F8AB
:10AD00008020C3F88420C3F88420C3F88020D3F8BF
:10AD1000005284F831202840C3F8000231B103F515
:10AD20008043D3F84411891A18BF01216678012E97
:10AD300000F0B380022E3AD010200025A34BD3F8A8
:10AD40001021002A40F0A381A04B0022C3F800216B
:10AD5000022EC3F80C21C3F81021C3F80421C3F854
:10AD60000821C3F86C21984B84F82560D3F84895E6
:10AD7000D3F84435C4E9073941D0217C277884F8D9
:10AD80002410002F00F08681EB0640F1E4804FF0A4
:10AD90000108FFF71FFD94F84430002B40F0758147
:10ADA000A36D98476378022B60D0BDE8F087874B8E
:10ADB000D3F80C21D3F80034002A00F0E280D80741
:10ADC00040F1CA81002940F0D08135467F4B0022F6
:10ADD000C3F80021C3F80C21C3F81021C3F80421E3
:10ADE000C3F80821C3F86C21774BD3F84895D3F802
:10ADF0004435C4F82090E361022384F82530217C97
:10AE0000002900F0BD81CB1E05F00107012B40F2A7
:10AE1000CB804FF00108237884F82410002B00F039
:10AE20006081002F00F0C281FFF7D4FC94F8443019
:10AE3000BBB1664B0022C3F8AC2184F84420D3F8A0
:10AE4000142522F47022C3F81425E26822F00302CC
:10AE5000C3F80029E2605F4AC3F81029002F00F010
:10AE6000D980E36C98476378022B9ED12379002B1D
:10AE70009BD0022B00F04081012B40F09281A3680F
:10AE8000226A934240F288814F4AC2F844354E4BC1
:10AE9000514AC3F8C421BDE8F0874C4BD3F80C21CC
:10AEA0007ABBD3F81051002D3FF44EAF464984F8D9
:10AEB0002560C3F80021C3F80C21C3F81021C3F8A2
:10AEC0000421C3F80821C3F86C21D1F84855207C2F
:10AED000D1F844252378256284F82400E261002B10
:10AEE00000F01181FFF776FC94F84430002B40F01D
:10AEF00014812021B1FA81F1636D0020490998473E
:10AF000050E7002284F825602F48C3F80021C3F8D9
:10AF10000C21C3F81021C3F80421C3F80821C3F899
:10AF20006C21217C277884F82410D0F84895D0F83B
:10AF30004435C4E90739002F00F0F480012FE08A7E
:10AF400000F0FD80A2780825B04600F075F9B24601
:10AF500000EB090149E0B7F1010AE08A18BF4FF0A0
:10AF6000010A002E00F011814FF00108012F35D0A9
:10AF7000012EA27800F00E8100F086F900EB0901A5
:10AF800033E0DD0700F1E380002900F0F0800525C3
:10AF90001CE700F007FC013001287FF6AAAE40F65E
:10AFA0008A213E20EDF708FF084BD3F8143413F044
:10AFB000060300F0E180022B00F0E08004214FF056
:10AFC000000828E7580D002100C000410080004122
:10AFD000E2FEFFFF8032020009000080012E00F037
:10AFE000B18000F01BF900EB0901A3690022C91A26
:10AFF00094F832302280002B65D0724BC3F8402188
:10B000005046A278FEF74CFF00285FD094F84430F9
:10B01000002B3AD1A80732D56B4BD3F85034D90165
:10B0200017D5C3F30312C3F30321002918BF002A65
:10B0300001D01A070DD1644AD2F85414C3F3044264
:10B04000C3F34253022B98BF012A02D101297FF496
:10B0500008AF5D4BD3F81434B8F1000F00F08380D3
:10B0600003F00103002145EA8303C3F3800383F067
:10B0700001035FFA83F8236D4046984792E615F086
:10B08000280F6CD005F0200134E70027D1E600221C
:10B0900005465BE694F8448027802771278684F86C
:10B0A0003270B8F1000F7FF4C4AE4FF00108B1E781
:10B0B00000F072FB013001287FF61BAE40F68421C0
:10B0C0003E20EDF779FE84F8303099E73D4B0122C0
:10B0D000C3F84005A3F5804302201A61F7F744FF47
:10B0E00094E723802371238684F8323094F8443027
:10B0F000002B7FF49EAEB1E6236AA168314A0B446F
:10B10000C2F84435C3E694F8442023802371238693
:10B1100084F83230002A3FF4ECAE002730254FF09F
:10B12000010886E694F84480082527802771278641
:10B1300084F83270B8F1000F7FF47BAEB5E7B84603
:10B140009246082500F08CF800EB09014DE7002934
:10B150003FF4F2AD012539E661B1072536E6EB068D
:10B160003FF51EAE1EE6012185E703252EE61420DD
:10B170000425E3E5062529E604214AE6032148E6FD
:10B1800040F28F213E20EDF717FE40F634213E209D
:10B19000EDF712FE5646D8E640F61A613E20EDF76E
:10B1A0000BFE40F619613E20EDF706FEEA063FF57C
:10B1B000F0ADB3F1010A1F46E08A18BF4FF0010A53
:10B1C000D4E600BF00C0004100800041024B03EB09
:10B1D0008003D86B704700BF0CF60201024B03EBF3
:10B1E0008003186D704700BF0CF602010028C3B23F
:10B1F000084A08DD0121033BC2F80015DBB2064A0C
:10B20000C2F80C3570470021C2F80015024AC2F896
:10B210000C357047004000410080004110B50446E5
:10B220000846FFF7DBFF034AA2FB0020A4EB9010C7
:10B2300010BD00BFD34D62104FF47A73064A03FB72
:10B2400000F032F91120054B00F2E7301044A3FB67
:10B2500000308009023870478CF60201D34D62102D
:10B2600010B44FF47A73064C064A00FB033334F9EA
:10B27000111010BC0B44A2FB03208009704700BFD3
:10B280008CF60201D34D621010B504460846FFF754
:10B29000A5FF044B00F2E730023CA3FB0030A4EB17
:10B2A000901010BDD34D621038B50D4C84461D462C
:10B2B0004FF47A7334F9111004EB8204053510460B
:10B2C00064690C4404F6B73403FB0C44054BA3FB40
:10B2D0000434FFF77BFFA4092544284438BD00BF90
:10B2E0008CF60201D34D621038B505460846144667
:10B2F000FFF774FF0A4B024620464FF47A7103EBC6
:10B3000084035C69074B04F6B73401FB0544A41AB7
:10B31000A3FB0434FFF75AFF0530A409204438BDCD
:10B320008CF60201D34D6210024B00221A705A7043
:10B330009A707047B40D00212DE9F04F064683B096
:10B34000012088469DF83C501F469DF830B0BDF85E
:10B3500038A001929DF84090FEF71CFC06F0030215
:10B36000374C16F0FB0F42EA0542E57004F1040E7B
:10B37000344D42F08072F446C5F80425D8F8082010
:10B38000D8F80C30D8F80000D8F80410ACE80F005A
:10B39000019B84F81CB0C4E905370D9B1A685B68F3
:10B3A000C5F808E5C4F81D204FF48052C4F82130D8
:10B3B000D5F818356AF30703C5F818354FF00003C0
:10B3C000C5F88430204BC3F8082515D11F4BB9F1BF
:10B3D000020FC5F88031C5F884302CD81C4B13F807
:10B3E0000930C5F820350123022E84F825606370EA
:10B3F00015D903B0BDE8F08FB9F1020F1BD8144B7B
:10B40000012E13F80930C5F82035ECD10F4B114A45
:10B4100084F82560C2F8D031C5F88C306670094BCD
:10B42000012200212270C3F80011C3F800121A6033
:10B4300003B0BDE8F08F4FF4BA713C20EDF7BCFCCF
:10B44000B40D002100E0004100F000410C0000803C
:10B45000DCF60201008000411A4A537870B563B3EC
:10B46000194B0124C3F80C15C3F8100592F82550A8
:10B470009470B5B91278E2B1C3F804514FF4805515
:10B48000124AC2F80455D3F8006116B15C60C2F8E4
:10B4900008550B7803704B78043343708B788370B6
:10B4A00070BD00211470C3F80411C3F800421C6081
:10B4B00070BD97213C20EDF77FFC4FF4D5713C2007
:10B4C000EDF77AFCB40D002100E0004100F00041EE
:10B4D00008B5174B5A782AB3164A4FF0010CC2F838
:10B4E0000C151978C2F8100583F802C0B1B100211B
:10B4F000C2F80411DB78023B012B05D80E48032368
:10B50000C0F85011C2F81C350A494FF480520B485C
:10B510000B4BC1F88400C3F8042508BDBA213C20B8
:10B52000EDF74AFC4FF4DF713C20EDF745FC00BF1E
:10B53000B40D002100E000410080004105000080C2
:10B5400000F00041104B1A78CAB100220F49104890
:10B5500010B44FF48054C1F88420C0F80845A0F519
:10B56000E040C1F88021C1F88420C0F8D021C1F8A2
:10B570008C201A70002210BC5A709A7070470022FA
:10B580005A709A70704700BFB40D002100E000416E
:10B5900000F00041F8B51B4B1B786BB31A4CD4F884
:10B5A000043113BB194B0222C4F804231F691A6922
:10B5B00007F0100742F010021A61D4F8043153B9B1
:10B5C000134E4FF48045C6F8805108F094FAD4F831
:10B5D0000431002BF7D027B90C4A136923F010036C
:10B5E0001361094B0222C3F80823074BD3F8000468
:10B5F000003818BF0120F8BD4FF4F2713C20EDF780
:10B60000DBFB00BFB40D002100E0004100ED00E0D5
:10B6100000E100E0014B01229A60704700E0004128
:10B620002DE9F04F454C85B0054698460E46174625
:10B6300000F00EF923788146AB4202D16378B34221
:10B640003CD0082D1BD1BB464FF0040A8DF80F707B
:10B650003046FEF79BFD00210346524600915846B6
:10B66000414600F0ABF8B8F8003025706670A38052
:10B67000A071A77084F8039005B0BDE8F08F05F1C4
:10B68000FF3ABAF1060F50D8DFE80AF00442352835
:10B690004F0404000DF10F033A463146002000F03C
:10B6A000DDF8002846D19DF90FB0BAF1060F3CD85D
:10B6B000DFE80AF011382B1E3B11110094F902301B
:10B6C000BB42BED1E3788342BBD1A38894F9060084
:10B6D000A8F80030D0E74FF0000AB9E70DF10F03EA
:10B6E0003A463146022000F0B9F818BB9DF90FB078
:10B6F0004FF0020AACE70DF10F033A463146032042
:10B7000000F0ACF8B0B99DF90FB04FF0030A9FE715
:10B710000DF10F033A463146012000F09FF848B979
:10B720009DF90FB04FF0010A92E740F28F410620D9
:10B73000EDF742FB4121A920EDF73EFB5800002127
:10B74000014B186099807047DC0D0021024BD860D6
:10B7500019745A82704700BF080E0021014B1B6804
:10B760001B681847A0000021014B1B685B68184745
:10B77000A0000021014B1B689B681847A000002116
:10B78000014B1B681B691847A0000021014B1B6877
:10B790005B691847A0000021014B1B689B69184793
:10B7A000A0000021014B1B68DB691847A0000021A5
:10B7B000014B1B689B6A1847A000002130B4044C61
:10B7C0009DF8085024680295E468A44630BC6047A0
:10B7D000A000002100220D49134610B540FA02F4E2
:10B7E000E40744BFCA545C1C02F1010248BFE3B243
:10B7F000042AF3D1054AFF24D118032B01D9107173
:10B8000010BD013301F8014BDBB2F6E7B81500219A
:10B81000EF390201F5390201F73902011D3A02013F
:10B82000FB390201273A0201013A0201313A0201D1
:10B83000073A02013D3A0201133A0201173A0201A6
:10B84000093A02010F3A02012D3A0201373A020188
:10B85000014B187D704700BF300E0021042810B541
:10B8600011D883B104280CBF10242824A1420AD285
:10B87000064C54F8200018B141568A42A8BF0A4627
:10B8800000201A7010BD6FF01500FBE7300E00218C
:10B890000228034610DC10F1270F0FDB084A1018AE
:10B8A00090F82800024492F92C209A4207D00029EF
:10B8B00018BF0130C0B270470F207047002070479A
:10B8C000F2F60201022808B506DCFFF7E1FF034BA0
:10B8D000034493F92C0008BD0320FCE7F2F60201B3
:10B8E000C0B208B518B9044B01221A6008BD4D2139
:10B8F000B52002F059FB00BF0050004110F0FF00DE
:10B9000008B507D1054B01225A60C3F80001044B6A
:10B91000187008BD7C21B52002F046FB00500041A4
:10B92000450E0021014B01221A707047450E00217F
:10B9300008B540B9064BD3F8003113B9054B187858
:10B9400008BD0120FCE7C221B52002F02DFB00BF9D
:10B9500000500041450E0021024BD3F8080400F0CE
:10B960000100704700500041024BD3F8140400F06E
:10B970000100704700500041024BD3F81C0400F056
:10B98000030070470050004107490246D1F81804EF
:10B99000D1F8181410F4803005D0D0B201F00303B0
:10B9A0001B1A58425841704700500041F8B50F4EDD
:10B9B000012704460D46375408F042F858B92CB90F
:10B9C0000B4BB7707560C3F80473F8BD40F22911D2
:10B9D0006D2002F0E9FA002DF7D01CB92046A847E7
:10B9E0007460F2E74FF4A271F2E700BF480E002145
:10B9F00000500041044B002219181A548A7003EBBE
:10BA000080014A60704700BF480E0021014B9881B9
:10BA1000704700BF480E0021014BD889704700BF16
:10BA2000480E0021014B9889704700BF480E002145
:10BA300010B5EFF3108472B6064B03441A7C013242
:10BA4000D2B21A741B7C012B01D1FFF749FF04B954
:10BA500062B610BD480E002108B507F0F4FF07F0EC
:10BA6000EFFF084A084B30B10121116104229A749A
:10BA70000022DA7408BD032199740121C2F804136D
:10BA8000F6E700BF00500041480E002110B5EFF36B
:10BA9000108472B6094B03441A7C22B940F25B2130
:10BAA0006D2002F081FA1A7C013AD2B21A741B7C22
:10BAB0000BB9FFF723FF04B962B610BD480E002191
:10BAC000024B987C003818BF01207047480E0021B7
:10BAD00037B5184C637D63B9206A00F00300FFF7A7
:10BAE00053FF30B1EFF3108372B6A27C1AB103B9E1
:10BAF00062B603B030BD0122A27403B962B68023DE
:10BB00000D4DC5F808334FF42073ADF80630BDF87D
:10BB100006309BB25A1E92B2ADF80620002BF6D129
:10BB2000C5F81C3184F82430FFF796FF8023C5F850
:10BB30000433DEE7480E0021005000412DE9F347B1
:10BB4000344C237D002B62D00323ADF80430324BFC
:10BB5000D3F800513DBBD3F80481B8F1000F08D0F1
:10BB60002D4B0022C3F804210222C3F80823FFF75B
:10BB7000AFFF94F82460284BF6B2D3F81C2135B1FE
:10BB8000A17C032901BF0421A1740121196182B3A1
:10BB90000022C3F81C21A37C042B26D040F26D3177
:10BBA0006D2002F001FA002501220DF10409271D84
:10BBB000A61C8DF80450D3F80481C3F8082319F8A3
:10BBC000010B03280AD0337843B14FF0000A3B68D9
:10BBD00086F800A013B19847C7F800A06B1C043783
:10BBE00001360125022BEAD1B7E70223A37407F03F
:10BBF0002DFF66B1002384F82430A37C022B01D1F1
:10BC0000FFF72AFF02B0BDE8F04707F01FBF02B000
:10BC1000BDE8F087480E00210050004110B5054CEA
:10BC2000206A00F00300FFF7AFFE0028F8D00020E4
:10BC300010BD00BF480E0021F8B5054650B102788E
:10BC4000022A07D8437842B9013B1F2B02D88378D8
:10BC5000212B07D96FF015006CE0002BFAD1837807
:10BC6000002BF7D15C4B2022C3F88020BFF34F8F0D
:10BC7000BFF36F8F594EC3F880218323584CC6F809
:10BC800008330023C6F80031C6F80431C6F81C3169
:10BC900023746374AB88E381FFF75EFE10B1012368
:10BCA00023702374D6F80C24D6F80C34D70303D5AC
:10BCB000DE0701D5FFF736FE4FF4AF63AA78A38104
:10BCC0000123A275002223622B78E274012B637595
:10BCD00007D0022B2FD033B140F222516D2002F059
:10BCE00063F902232362FFF73FFE002835D0FFF7F8
:10BCF00043FE236A03F0030398422ED1AB793BBB8A
:10BD0000FFF78CFFA37D63B12B7853B907F098FE42
:10BD1000054602F089FA6FF00043002D58D0C4E9BF
:10BD2000060301232022002023752B4BA074C3F8A7
:10BD300080211A60F8BD07F086FE284BD3F80C145A
:10BD4000D3F80C24C803F9D5D107F7D50323C9E7E5
:10BD5000224B0222C3F80423D4E7204B0122002106
:10BD6000DA60C3F8041194F82010C3F818159A602B
:10BD70000222C3F80423AA79002AC3D1D3F80423EA
:10BD8000920702D440F2D541A8E7164A1769116913
:10BD900007F0100741F010011161D3F804310BB91D
:10BDA00007F0AAFE0D4ED6F8043173B1FFF736FF47
:10BDB00027B90C4A136923F0100313610223C6F854
:10BDC00008330023C6F804319CE707F094FEEAE745
:10BDD000C4E90630A5E700BF00E100E000500041E3
:10BDE000480E002100ED00E038B50C4B0C461979E7
:10BDF00019B183216F2002F0D7F860B95D790DB1D8
:10BE0000002038BD01225A71FFF712FE2146284654
:10BE1000FFF7CCFDF4E76FF01500F2E7700E00219C
:10BE200038B50B4D04462B791BB19A216F2002F0D7
:10BE3000BBF850B96B790BB9002038BDFFF7DAFDBC
:10BE400020466C71FFF722FEF6E76FF01500F4E76D
:10BE5000700E002110B501B3F0B14FF0FF33104A5E
:10BE60001C46E0FB0134944203D9DB216F2002F031
:10BE70009BF81A0DC3F30F100A4B42EA04324FF23B
:10BE80002444B2FBF4F100EB024003FB1100B0FBD1
:10BE9000F4F040EA0140013010BD0846FCE700BF65
:10BEA0003F420F00000024F4014B9B68184700BF7D
:10BEB000700E0021014BDB68184700BF700E002197
:10BEC000014B1B69184700BF700E0021034B1A7904
:10BED0000AB9FFF7A1BD988D704700BF700E002111
:10BEE000034B1A790AB9FFF79DBD988A704700BFC6
:10BEF000700E0021024B1B790BB9FFF7E9BD7047AB
:10BF0000700E0021014B9B69184700BF700E002185
:10BF100010B5144C2379A3B1636A9847002806DB57
:10BF200094F82E3023B10123002084F8303010BD66
:10BF3000FFF7E8FF0028F6DA40F28D116F2002F0DB
:10BF400033F8094BA361094BE361094B2362094BA9
:10BF5000A360094BE360094B2361FFF76DFE0028E6
:10BF6000E1D0E4E7700E00211DBC0101593A020145
:10BF7000C1BA0101473A02014D3A0201533A0201A6
:10BF800038B5084B04461D7925B140F2E1116F2008
:10BF900002F00AF801F096F82046FFF737FD284630
:10BFA00038BD00BF700E002108B5074801F078F8D1
:10BFB000054800F021F801F09FFA01F087FA00F03F
:10BFC000C3FB012008BD00BFA40E002101F026BC68
:10BFD000103001F099B800BF01F0AEB801F0F4BC28
:10BFE00001F02CBE01F03EBE01F080BC27210320F1
:10BFF00008B501F0D9FF00BF024B186000221A718A
:10C000009A607047AC0E002170B582B01F4C237946
:10C01000012B11D0DAB2022A0BD10DF10701A06871
:10C0200000F0B8FB0023A36023719DF8070002B065
:10C0300070BD012002B070BD0DF10701A06800F0D5
:10C040009FFBA5686B7DDB07ECD5AB7F042BE9D0AC
:10C0500001F0B6F806460028E4D001F0B7F82A69E6
:10C06000B3682E686D6896194FF0000245F100051F
:10C070000A3342F100021B1842EB0102B342AA410B
:10C08000D0D3A06800F06CFCCCE700BFAC0E002160
:10C09000837F0BB1002070470A684B68D1F808C055
:10C0A00010B5CC680260C46001244360C0F808C0C9
:10C0B0000A694B69026184774361054B1A792AB991
:10C0C00098601C7101F012F8204610BDFFF78EFF3A
:10C0D000AC0E002170B5044682B00D4601F070F838
:10C0E000A37F012B17D02A6806466B68A868E96809
:10C0F000A0602046E1600DF10701226063602A69BB
:10C100006B69226101226361A27700F039FB2EB1D5
:10C11000012002B070BD002002B070BD024B0421AE
:10C12000186807F0ABFCF3E7AC0E0021024B0621C8
:10C13000186807F0A3BC00BFAC0E002110B5084B77
:10C140001A7952B90446986002221A7100F0CEFFA3
:10C15000A07FB0FA80F0400910BDFFF747FF00BF95
:10C16000AC0E002138B5837FC3B1044609E0A37F3C
:10C17000042B09D0A37F012B11D007F0BCFCA37FB7
:10C1800063B1A37F032BF2D1EFF3108572B6204683
:10C1900000F01EFB05B962B6A37F2BB938BD4FF482
:10C1A0008271032001F000FFFF21032001F0FCFE5B
:10C1B00010B582B00DF1070100F0ECFA044600F072
:10C1C000FFFF10B1204602B010BD40F22111032044
:10C1D00001F0EAFE70B5054600F0F2FF00B3044638
:10C1E00000F0F4FF03462846A4680025E41841F156
:10C1F00000062246334600F045FBA04271EB0603E1
:10C200000CD3001B6FF0010361EB0601834275EB59
:10C21000010100D370BD4FF0FF3070BD284670BDE6
:10C2200040F22911032001F0BFFE00BF2DE9F041CB
:10C2300004460F4600F0C4FF10B38568002306468D
:10C2400062195B4113B10020BDE8F08100F0BEFF30
:10C250002A18384641F1000314EB020843F10005A7
:10C2600000F010FB4045A941EDD301F0D7FA00F0F2
:10C27000ADFAB368012037752344B360BDE8F0819F
:10C280004FF4A371032001F08FFE00BF00F09EBFAA
:10C2900008B500F095FF08B1007D08BD4FF4CB71E3
:10C2A000032001F081FE00BFF8B50369002B51D1D6
:10C2B000044601F0B3FA05460E46FFF701FE90B3BF
:10C2C0006435D4E9000346F10006A84273EB060288
:10C2D00021D3C4E90003EFF3108672B600F070FFBB
:10C2E000054688B100F072FFAB6800220B3342F1C3
:10C2F00000021B1842EB0101D4E90002834271EBFA
:10C3000002050BD3C4E9003106B962B62046BDE888
:10C31000F84000F04DBB28463346DAE703461146A5
:10C32000C4E90031F0E7FFF7DBFD074600F05CFFF2
:10C330002168B842626838BF3846963546F1000633
:10C34000401946F10003884273EB0205C1D208464A
:10C350001346BEE740F29D11032001F025FE00BF09
:10C360002DE9F04F374B00248046146018680028F0
:10C3700053D0A0F1180750E90645444575EB010379
:10C3800009D250F8083C1B1945F1000598451C4698
:10C3900071EB050352D350F8103C4FF000093E46B4
:10C3A00013F10A0C49F100031CEB040C45EB030EDE
:10C3B000B36993B1A3F1180053E90645644575EBE1
:10C3C0000E0A0AD297F814B013F804ACD34507D07C
:10C3D0000FD80646B369002BECD13846BDE8F08F84
:10C3E000B3F804A0B7F81CB0AAEB0B0A1AF4004F7C
:10C3F000EFD006F118074445176075EB01070AD224
:10C4000053F8087C3C1945F10005A04571EB050780
:10C4100001D244460D46B6690EB9BDE8F08F53F817
:10C42000103C0746A6F1180013F10A0C064649F124
:10C43000000E1CEB040C45EB0E0ECBE744460D46FC
:10C44000A9E700BFB80E0021F8B50022244C6260B5
:10C45000EFF3108172B6A368E260A260636009B96D
:10C4600062B6636863B300259A79A3F11800032AC2
:10C4700027D01F686FB3BA79A7F118038446002646
:10C48000042A0FD19A8B818B521A120402D50CF117
:10C49000180618469A6942B19C46A2F118039A7F81
:10C4A000042AEFD09B7F032B15D196B133681B680C
:10C4B0003360C3680221857798476368002BD3D126
:10C4C000F8BD1E68012153F80C2C9D7166609047E1
:10C4D000F3E76760EDE763219F2001F065FD00BF92
:10C4E000B80E00212DE9F043224E34686CB30025CC
:10C4F0004FF00409A846AE462346246853F8187C3A
:10C5000053F8082CD21953F8147C47F1000C8242DE
:10C510007CEB010C1BD205B32A6812682A6083F8F1
:10C520000690B26883F800E083F801E083F802E047
:10C5300083F803E07AB1F26813604FF00108F3600A
:10C54000002CD9D1B8F1000F0DD1BDE8F0831D4604
:10C55000002CD1D1F6E7B360EFE73268002ADED0D5
:10C5600012683260DBE7044BBDE8F043187801F055
:10C57000C1BE00BFB80E0021A4000021704B2DE900
:10C58000F04F8846196885B0054604688283406884
:10C59000002900F0CA80A1F1180295F815C08A465A
:10C5A000A9460CF0010C0027D2E900636546B442AD
:10C5B00070EB03012AD3F5B1177D99F814108F425F
:10C5C00019D89168891943F1000311F10A0E43F15A
:10C5D000000C744570EB0C065FD2D9F81060361968
:10C5E00040F10007B6457CEB070B01D27646674663
:10C5F0008E429F4156D3936917468BB1A3F118021F
:10C60000D2E90063B44270EB0301D4D2AC46514688
:10C610004D46BCF1000F00F0918013463A4605E00C
:10C62000AC4651464D46BCF1000F59D0AE683619A4
:10C6300040F10009002B68D0C246CDE9001216F186
:10C640000A0C1F68596849F10002674571EB020244
:10C6500058D21A7D95F814C0944519D39A68D21906
:10C6600041F1000112F10A0841F1000E444570EB5E
:10C670000E0752D22F693F1940F1000CB8457EEBEE
:10C680000C0B01D24746F44697427CEB010C4AD38F
:10C690009B69002B36D0183BD1E7264607468E42D1
:10C6A0009F41A8D24D460023042105F118022B76A4
:10C6B0006B76AB76EB76224BA9779B68002B3AD052
:10C6C0001F4BDB681A601F4B00251D491878CA6094
:10C6D00001F010FE88F8005005B0BDE8F08F9369B6
:10C6E000294641F8183F916103AA00210020FFF775
:10C6F00037FE2D1AB5FA85F56D0988F8005005B09A
:10C70000BDE8F08FDDE90012D046002AE7D12B46C4
:10C710000B4A43F8181F1360E6E727468446974202
:10C720007CEB010CB4D2D046BDE76B7DDB07EED5C8
:10C730000A460B467AE7024B9A60C4E73A46E4E7BA
:10C74000B80E0021A400002110B50A4C2378FF2B5D
:10C750000AD1094801F0A4FD084B002220701A609C
:10C760009A60DA601A8210BD4FF483719F2001F045
:10C770001BFC00BFA400002149C40101B80E002128
:10C78000034B1A8A02F1010CA3F810C0FFF7F6BEA2
:10C79000B80E002130B583B004460D4600200021BC
:10C7A00001AAFFF7DDFD034604F118010648E31A6C
:10C7B000B3FA83F35B092B7007F086F910B10023FD
:10C7C0000120A37703B030BDB80E0021FFF78ABE69
:10C7D00038B5164D044600F11801AB68A3B1AB683B
:10C7E00099421ED083B11A461B686BB19942FAD1A7
:10C7F00053B118681060A86881420BD0EB68994269
:10C800000DD00023A37738BD094807F05DF9002853
:10C81000F7D138BD1B68AB60EB689942F1D1EA6093
:10C82000EFE7002BF0D00022E5E700BFB80E0021B3
:10C83000BC0E002130B5054683B00C46FFF752FE12
:10C8400001AA28462146FFF78BFD28B100F1180206
:10C85000044B5A6103B030BD0246024B5A6103B02B
:10C8600030BD00BFB80E002110B5054C61692046EF
:10C8700007F02AF918B1606900231838636110BD08
:10C88000B80E00211C49096839B3A1F1180C9CF8B5
:10C89000141081421DD870B512F10A05DCE900417F
:10C8A00043F1000EAC4271EB0E0620D2DCF81060B2
:10C8B000341941F10001AC4271EB0E0115D2DCF8E4
:10C8C000181071B1A1F1180C9CF814108142F6D81F
:10C8D000E2E7DCF818100029D7D14FF0FF3001460D
:10C8E00070474FF0FF30014670BD2C467146B4F1E1
:10C8F0000A0041F1FF3170BDB80E002110B5837FF1
:10C90000022B06D0837F012B02D0837F042B1DD105
:10C9100010BD437D13F0020313D103240E4A00F12E
:10C92000180103768477946843768376C3765CB186
:10C93000D3681960094BD1601878BDE8104001F048
:10C94000D9BC0023837710BD9160F3E74FF4FA71EF
:10C950009F2001F029FB00BFB80E0021A400002198
:10C9600070B50446104D04F118062846314607F00C
:10C97000ABF898B1002304222376A2776376A376DE
:10C98000E376AB6843B1EB681E60084BEE60187845
:10C99000BDE8704001F0AEBCAE60F6E74FF4FF7149
:10C9A0009F2001F001FB00BFB80E0021A400002170
:10C9B0002DE9F04F076983B0002F6ED1866890F89B
:10C9C0001480D0E90045EFF3108272B635490B6848
:10C9D000002B5BD00A36B1F81090A3F11803CDF804
:10C9E000049047F10007B14614EB090AD3E9001699
:10C9F00045EB070E8A457EEB060C47D3A14276EB4A
:10CA0000050C27D3D3F810C01CEB010C46F1000B2A
:10CA1000D4457BEB0E0B34BF4FF0010C4FF0000CF4
:10CA2000BCF1000F12D093F814C0C44525D034BF18
:10CA30004FF0010C4FF0000CBCF1000F06D00A3192
:10CA40009C6846F10005641845F100059B69EBB14F
:10CA5000183BC9E711F10A0CD3F808A046F1000E03
:10CA60001AEB0C0C4EF1000E644575EB0E0E34BF44
:10CA70004FF0010C4FF0000CD2E7B3F81CC0DDF80A
:10CA800004E0ACEB0E0CCCF3C03CD5E702B962B6C7
:10CA9000C0E9004503B0BDE8F08F40F21D219F20A2
:10CAA00001F082FAB80E0021024B0521186806F049
:10CAB000E5BF00BFD00E0021054B586810B1C36818
:10CAC000052118474FF42471B02010B501F06CFA1D
:10CAD000D00E00212DE9F0471746002B56D0054611
:10CAE0000E46D3E90089804579EB01034BD3524CC4
:10CAF0000023404649462361C4E9028901F01AF93E
:10CB0000A38AB8EB05054FF0000203F1640369EB5B
:10CB10000606AB42B24116DBA36903F2A3139D42A2
:10CB200076F1000669DA454A40464946C4F828804D
:10CB3000C4F82C9000F08CFD0523414A84F8303075
:10CB40003A60BDE8F087627F237FAABB03F0FD0A4D
:10CB5000A36903F2A3139D4276F1000632DABAF11B
:10CB6000010FE0D1A08A354AB8EB000069F100015D
:10CB7000C4E90A0100F06CFD0623314A84F8303024
:10CB80003A60BDE8F08780468946B0E72A4C637F6B
:10CB90001BB1237F023B012B44D90025657701F0AF
:10CBA000D5F8FFF787F901F0C7F8264A2B463A6017
:10CBB00084F83030BDE8F0879A1E012A36D9002269
:10CBC0006277C3E701F0C2F8FFF774F9A08AA3699E
:10CBD000984217D9BAF1010F14D1B8EB0000174AE7
:10CBE00069F10001C4E90A0100F032FD0123144A91
:10CBF00084F830303A60BDE8F08701F0A7F8FFF71D
:10CC000059F9A369B8EB03000C4A69F10001C4E9C2
:10CC10000A0100F01DFD0223094A84F830303A6011
:10CC2000BDE8F087236A01209847B6E7236A012010
:10CC30009847237FC3E700BFD00E0021A9CA010196
:10CC4000E9CD0101B9CD010102392DE9F0410429F5
:10CC50002DD8DFE801F00309292C0C00164A137FB8
:10CC6000003B18BF012353770020BDE8F081124D2F
:10CC7000044600F0BFFC00F0D1FD0E460746FFF76A
:10CC8000D9FD80466868FFF739FE224638463146AE
:10CC900000240026002743466C60C5E90267FFF7C1
:10CCA00019FF0220BDE8F081FFF7AEF9DCE740F2A2
:10CCB0003B21B02001F078F9D00E00212DE9F04F92
:10CCC000394C83B0814694F81DA0A769BAF1000FD2
:10CCD00039D1237F03F0FD03012B3ED000F09EFDF0
:10CCE00010EB07080E46054641F100014046019150
:10CCF000FFF7A0FD00283FD00199D0E900B3D84547
:10CD000071EB030222D30022284601932261274AB5
:10CD1000A562E662C4E90281314600F099FC019BFC
:10CD20005846194601F006F8BAF1000F02D0A38A5E
:10CD30009F4218D002231E4A84F83030C9F80020E0
:10CD400003B0BDE8F08F4FF0000AC7E7BBEB070563
:10CD5000D846194663F10006D5E7A28A9A4697425B
:10CD600038BF1746BAE70123114A84F83030C9F8B2
:10CD7000002003B0BDE8F08F637F1BB1237F023B2F
:10CD8000012B0CD90025657700F0D6FF094A2B4608
:10CD9000C9F8002084F8303003B0BDE8F08F236A72
:10CDA00001209847EEE700BFD00E0021A9CA01017B
:10CDB000E9CD0101B9CD0101032910B506D801293A
:10CDC0000AD84FF49E71B02001F0EEF80429F8D192
:10CDD0000446FFF719F908B9002010BD2046FFF7F7
:10CDE0006DFF022010BD00BF023970B50546032952
:10CDF00000F24581DFE801F006021708A54B00228A
:10CE000083F83120002070BDA24C94F83030013BF3
:10CE1000052B00F23981DFE813F03A005F0086004D
:10CE2000A900F400CC009B4C94F83030042B0FD8B0
:10CE3000022B24D8013B012B00F20D81FFF7E4F80F
:10CE40000028DFD000F0D8FC2846FFF737FFAEE01F
:10CE5000053B012B00F2FF80FFF7D6F80028D1D068
:10CE600000F0CAFC00F0DAFC06460C46FFF7E2FCD4
:10CE70002A46034621463046FFF72CFE97E0FFF78F
:10CE8000C3F80028BED0012384F83130BAE7257FEB
:10CE900005F0FD05012D40F0E380607F002840F0A3
:10CEA000DF80236A9847657700F0B8FCA26A23699F
:10CEB000821AA1699A42B8BF1A46A368581AE16853
:10CEC000226161F10001744AA062E16200F0C0FBDE
:10CED000022384F8303095E700F030FFFEF7E4FFDE
:10CEE00000F09CFCA26A2369851A227F9D4202F011
:10CEF000FD02B8BF1D46012AD4E90231256103D1E4
:10CF0000627F002A00F08B80323B634A41F1FF319F
:10CF1000581941EBE571C4E90A0100F099FB0423BB
:10CF200084F830306EE7257F05F0FD05012D40F0D7
:10CF30009C80667F002E40F0988000F06FFCA26A13
:10CF4000034630469B1A22699342B8BF13462361B9
:10CF5000236A984722696577D4E90231323B41F16F
:10CF6000FF31981841EBE2714B4AD4E700F0F6FE2E
:10CF7000002861D094F83160002E7FF473AFFFF782
:10CF800073FC00283FF46EAF6060C4E90D6600F0EA
:10CF900029FB0223606883773146C3689847D4E948
:10CFA0000201FFF713FC3D4B84F830602B60022038
:10CFB00070BD257F05F0FD05012D5BD1667F002E3C
:10CFC00058D100F02BFCA26A034630469B1A226916
:10CFD0009342B8BF13462361236A98472269657755
:10CFE000D4E90231323B41F1FF31981841EBE27153
:10CFF000294AC4E90A0100F02BFB052384F83030EC
:10D0000000E7FFF731FC00283FF42CAF00266060FA
:10D01000C4E90D6600F0E6FA60680223BBE7A08A67
:10D020001D4A181A61F10001C4E90A0100F010FB61
:10D03000032384F83030E5E600200021FFF7FAFBF7
:10D0400008B1FFF78DFC00F081FEFEF733FF2846A4
:10D05000FFF734FEABE740F27911B02000F0A4FFF7
:10D0600040F28311B02000F09FFF4FF4DA71B0203E
:10D0700000F09AFF4FF4FD71B02000F095FF40F2F0
:10D080001521B02000F090FF4FF40471B02000F0A3
:10D090008BFF00BFD00E0021A9CA010149CC0101BC
:10D0A000064A002310B5064C026084F8303023771E
:10D0B0002060FEF715FF5130A06110BDB9CD010110
:10D0C000D00E002108B5074B074A1968096891423C
:10D0D00002D15130986108BD40F27521B02000F0B6
:10D0E00063FF00BFD00E0021B9CD010110B5EFF3F1
:10D0F000108472B6034B0421186806F0BFFC04B913
:10D1000062B610BDD00E0021094B5A6810B54AB165
:10D11000084AD3E902410019BDE8104041F100017D
:10D1200000F096BA40F29621B02000F03DFF00BF1B
:10D13000D00E0021B9CA010108B5064B5B681BB1CE
:10D14000BDE8084000F058BB4FF42771B02000F054
:10D150002BFF00BFD00E002108B5054B5A680AB15D
:10D16000586308BD40F2A221B02000F01DFF00BFAF
:10D17000D00E002108B5054B5A680AB1986308BD66
:10D180004FF42A71B02000F00FFF00BFD00E002135
:10D19000044B9B6B03B1184740F2AE21B02010B591
:10D1A00000F002FFD00E0021044B5B6B03B1184767
:10D1B0004FF42D71B02010B500F0F6FED00E002116
:10D1C000014B5868704700BFD00E002108B5054BD1
:10D1D0005A6812B1D3E9020108BD40F2BF21B02064
:10D1E00000F0E2FED00E0021044A137F03F0FD039D
:10D1F000012B0CBF908A0020704700BFD00E002189
:10D20000054B1B681BB11A6A0421586A104772212A
:10D21000452010B500F0C8FE100F0021054B1B681B
:10D220001BB11A6A0321586A10476C21452010B5BA
:10D2300000F0BAFE100F00212DE9F04104460D4622
:10D2400079B9154F3B681BBB14483C60FFF784FF5E
:10D250001348FFF78FFFFFF719F8637D06465B075A
:10D2600005D4236A2946606ABDE8F0411847FEF7F5
:10D27000B5FE2036361A7E6000F038FB0028FBD061
:10D2800000230849084AC1F88031C2F88030E8E735
:10D290008621452000F088FE100F00211DD20101DB
:10D2A00001D201010010014100C00041024B0022E7
:10D2B0001A601A81704700BF100F002108B5074B94
:10D2C0001A683AB106480021D0601960BDE80840EC
:10D2D000FEF72CBFB921452000F066FE100F00219B
:10D2E00039D2010130B40D46144600212022C0E994
:10D2F000085430BC01F040B930B5002287B04B7AF9
:10D300000C4605924FF000010092054601920492EE
:10D31000C3F3800282F0010262F38201227A8DF867
:10D3200014202B4A8DF8151003926168227802911F
:10D33000002A3BD1D4E904209DF815406407CDE9CB
:10D34000002024D4C3F340039DF8152021495B003D
:10D3500022F0030243F0010313438DF815304B68AC
:10D36000C3F308036BB1103B5BB2002B18DB1A4A06
:10D37000D35C5B092BB969462846FEF7ABFE07B0C4
:10D3800030BD69462846FEF783FE07B030BD203A1F
:10D3900001F1200140F1FF30009202910190D1E7AC
:10D3A00003F00F0319440B7D5B09E3E72369049342
:10D3B000FEF70CFE9DF815305B07CDE9000104D5A2
:10D3C000029A637A20320292BCE7637ABAE700BF1E
:10D3D00039D2010100ED00E000E400E00B4A53689F
:10D3E000C3F3080353B1103B5BB2002B08DBA2F57B
:10D3F0001062D35C5B090BB9FEF7DABEFEF79EBE86
:10D4000003F00F031A44137D5B09F4E700ED00E01D
:10D4100010B5037886B0B3B904460393D0E904018C
:10D42000CDE90433CDE9000163686846217A0293AF
:10D430008DF81410FEF738FF0120DDE90023C4E960
:10D44000042306B010BD4FF4AB71452000F0ACFDD5
:10D45000FEF788BE30B50C7887B07CBB4B7A4FF0B6
:10D46000000C0594C3F3800E0C7A4D688EF0010E0B
:10D470008DF81440144C6EF3820C029503941CF04A
:10D48000040F8DF815C0D1E90441CDE9004107D062
:10D49000203C05F1200541F1FF31009402950191F6
:10D4A0009DF81540C3F340036946049263F34104B9
:10D4B0008DF81540FEF7ECFD07B030BD40F21F219E
:10D4C000452000F071FD00BF39D20101074A002359
:10D4D00013721375064A012106485160C2F840359F
:10D4E000C2F84031C0F80815704700BF480F00214E
:10D4F00000C0004100F0004130B4344B0022344CF5
:10D5000001213448826159609960C3F80843C3F827
:10D510004843C469C3F80421C3F84021C3F8442137
:10D52000C3F84821002C4ED02B4A4FF00045C2F8DA
:10D53000C051C4F88050C3F88050284BC3F804157C
:10D540000523C2F840351160D2F84031002BFBD0E2
:10D550000121224D0023C5F808155160D1601B49F7
:10D56000C2F84031C2F84035C2F8C031C4F880304A
:10D57000C1F8803090F8203003B390F821200121C9
:10D58000124B4FF480249140144842F000424FF671
:10D59000FF75C0F80815C3F84443C3F84855C3F8ED
:10D5A0000443C3F848219A60C0F804150C4B4FF4AB
:10D5B000003230BCC3F880211A607047034B02224E
:10D5C000C3F80423F2E71960D4E700BF001001415B
:10D5D00002000700480F002100C0004100F0004198
:10D5E00000E100E0024B0122C3F80027704700BFB2
:10D5F0000000084110B4114A002301244FF0FF300D
:10D600000F49C1F88031C2F8803054604FF4805423
:10D61000C2F808030B480C4AC0F88041106838B1C2
:10D620004FF48030C1F808031372C1F84031136021
:10D63000064B002210BCC3F80027704700C0004111
:10D640000010014100E100E0480F00210000084106
:10D6500070B5604C2368002B40F0B2805E4B2260B6
:10D66000994200F2B280420F5C4DC0F34F3343F653
:10D67000095642EAC10103EB0143A5FB01125849D7
:10D68000920B01FB12335749A5FB035343F6085590
:10D690009B0B43EA024201FB120048F237614FEA5A
:10D6A000122C430B120601FB03F34F491B0C06FB24
:10D6B000130000FB01F1490D01EB432306FB01516F
:10D6C000B0EB512F4FF0000188BF0133D0184CF15F
:10D6D000000CEFF3108572B694F82060434A96BBB5
:10D6E000D2F80435D2F8041109BB05334FF000021B
:10D6F000A16942F1000225B962B694F82050002DCC
:10D7000038D14FF08075E1FB053298427CEB020284
:10D7100042D3010E20F07F4241EA0C21334B4FF4FB
:10D7200080306160C3F84025C3F8040370BDA3696D
:10D730000133A361C2F80461D2F80435D2F80411B0
:10D740000029F4D1D1E7D2F804354FF6FF76D2F8AC
:10D750004821B34228D0161E47F6FE7E18BF012688
:10D76000734588BF0026053341F10002A1693144A9
:10D77000002DC1D04FF48035E1FB053298427CEB9F
:10D78000020209D3010C4FF6FF7382B241EA0C4149
:10D79000002A08BF1A46C1E7FF232372144B4FF437
:10D7A0000032C3F8002170BD22B9A1690523002D04
:10D7B000E0D1A1E70A460F4BA169002DDAD19BE722
:10D7C00040F2F921052000F0EFFB4FF494710520A1
:10D7D00000F0EAFB480F0021FF7F841E83DE1B431D
:10D7E000000024F40080841E6F0C01000010014131
:10D7F00000E100E004000100064B1A684AB1064946
:10D800004FF48032C1F8082300221A72C1F8402177
:10D810001A607047480F00210010014170B4EFF307
:10D82000108572B62C4C2D4A94F82000D2F804359D
:10D8300040B3D2F848014FF6FF72A669934245D033
:10D84000003843F60951C3F3080247F6FE7C18BFBF
:10D85000012001FB02F263454FEA532388BF0020F9
:10D8600002F5807201FB03F30021064403EB522012
:10D870001DB962B694F820301BB3194BE6FB0301C7
:10D8800070BC7047D2F8041151B1A3690133A36190
:10D89000C2F80401D2F80435D2F804110029F4D1F9
:10D8A00043F60951C3F30802580AA66901FB02F3C3
:10D8B00001FB00F0002103F5807300EB5320002DE5
:10D8C000D7D0084BE6FB030170BC704700B1064897
:10D8D0000021002DD1D1CCE7480F002100100141DB
:10D8E00080841E000080841E61841E0030B5EFF32A
:10D8F000108572B62F4A92F8204044B32E4B4FF653
:10D90000FF70D3F80415D3F84831814290694BD0A9
:10D91000003B43F6095CC1F3080447F6FE7E18BFDE
:10D9200001230CFB04F471454FEA512188BF002309
:10D9300004F580740CFB01F1184401EB5423002121
:10D940001DB962B692F820401CB31C4C22E01A4963
:10D95000D1F80435D1F8040150B1936901339361D2
:10D96000C1F80441D1F80435D1F804010028F4D1FC
:10D97000C3F3080143F609545B0A906904FB01F103
:10D9800004FB03F301F5807103EB51230021002D0B
:10D99000D7D00B4CE0FB0431D2E90A02834291411B
:10D9A0002CBF0120002030BD03B1064B0021002D0B
:10D9B000CBD1C6E7480F00210010014180841E0032
:10D9C0000080841E61841E002DE9F84F0020954ED2
:10D9D0000125954C7560C6F84005C6F84001C4F8AD
:10D9E0000855D6F8043523F00303C6F80435D6F8F5
:10D9F000083543F00303C6F80835102393FAA3F360
:10DA0000B3FA83F3092B00F30881C6F810354FF4FD
:10DA10008052864B4FF6FF7CF56047F6FE7EC3F8DA
:10DA200080211A604FF00042814B7560F560C3F8A9
:10DA30008021C6F880207F4A41E06745D3F848112D
:10DA400000F0C6800039D2F8188018BF0121774550
:10DA500088BF002141444FF00008B9F1000F00F0E9
:10DA6000BF804FF48039E1FB0978C4F80455EFF327
:10DA7000108972B692F82010D3F804A5002900F09E
:10DA80008F80E245D3F848113AD00039D2F818B067
:10DA900018BF0121F24588BF002159444FF0000B07
:10DAA000B9F1000F34D04FF48039E1FB09ABC34525
:10DAB00008BFBA453CD0C4F808557560F560EFF36F
:10DAC000108972B692F82010D3F804750029B4D1E9
:10DAD000D3F8041141B991694FF00008B9F1000F72
:10DAE0007ED04FF08079BEE7916901319161C3F832
:10DAF0000401D3F80475D3F804110029F4D1EAE73E
:10DB0000002978D18A469169D346B9F1000FCAD16C
:10DB100062B692F82090B9F1000F0CBF4FF08079F7
:10DB20004FF48039E1FB09ABC34508BFBA45C2D108
:10DB3000013743F60951C7F3080348F100083C0ECA
:10DB4000C7F34E2701FB03F344EA082401FB07F067
:10DB50004FEA186803F58073650100EB53204FEA24
:10DB600048132D1B43EAD46363EB0806AB01B101F4
:10DB70005B1B41EA956161EB0601C90041EA537103
:10DB8000DB001B1948EB0108DC034FEAC831001920
:10DB900041EA5341906241F10001D162BDE8F88F42
:10DBA000D3F8041141B991694FF0000BB9F1000F9E
:10DBB000AED04FF0807978E7916901319161C3F877
:10DBC0000401D3F804A5D3F804110029F4D1EAE73D
:10DBD000D1B90F469169B846B9F1000F7FF441AF52
:10DBE00062B692F82090B9F1000F0CBF4FF0807927
:10DBF0004FF4803937E79169E2464FF0000BB9F1F5
:10DC0000000F7FF450AF83E7916967464FF000083B
:10DC1000B9F1000F7FF425AFE2E740F29F310648EB
:10DC200000F0B8F900C0004100F0004100E100E060
:10DC300000100141480F0021ACF8020110B5029C10
:10DC4000201841F10001801A61EB0301B0F1004F8F
:10DC500071F1000100DA10BD40F2A931052000F099
:10DC6000A3F900BF70B4EFF3108572B62C4C2D4AA7
:10DC700094F82000D2F8043540B3D2F848014FF6AA
:10DC8000FF72A669934245D0003843F60951C3F3A9
:10DC9000080247F6FE7C18BF012001FB02F2634533
:10DCA0004FEA532388BF002002F5807201FB03F383
:10DCB0000021064403EB52201DB962B694F82030CF
:10DCC0001BB3194BE6FB030170BC7047D2F804117B
:10DCD00051B1A3690133A361C2F80401D2F804353C
:10DCE000D2F804110029F4D143F60951C3F3080214
:10DCF000580AA66901FB02F301FB00F0002103F5BD
:10DD0000807300EB5320002DD7D0084BE6FB0301B6
:10DD100070BC704700B106480021002DD1D1CCE77E
:10DD2000480F00210010014180841E000080841EE5
:10DD300061841E00704700BF704700BF024B012284
:10DD4000C3F84423704700BF00100141024B012279
:10DD5000C3F84823704700BF0010014108B5FEF723
:10DD6000AFF830B9074A136B0133312B136304D872
:10DD700008BD044B00221A6308BD4FF480610520E2
:10DD800000F012F9480F002110B53F4C82B094F812
:10DD90002030002B55D03D4BD3F8042352035BD4E5
:10DDA0003A4B6168D3F80423D00334D5D3F840311B
:10DDB000002B30D0A36999425DD800232372334AE7
:10DDC0004FF48031C2F84031C2F808132268002AAB
:10DDD00055D0236090472D4B2169D3F8042392033B
:10DDE00024D5D3F844310BB3A3698B423FD300222F
:10DDF0002275264B4FF40030E168C3F84421C3F884
:10DE0000080300293BD08847204BD3F840310193C9
:10DE1000019B02B010BDA269237A002BCDD19142A3
:10DE2000D9D91A4B0022C3F84021D4E7A269237D37
:10DE3000002BDCD18A42E7D2144B0022C3F84421E4
:10DE4000E2E7124AD2F804110029A9D0C2F804313D
:10DE5000A3690133A361A3E7D3F84821002A9FD027
:10DE60000022C3F84821A3690133A36198E7237D09
:10DE7000002BE1D0BBE7237A002BD2D09DE740F204
:10DE80004241052000F090F8480F002100100141A8
:10DE9000014B1879704700BF800F0021044B1A799D
:10DEA000824283BF1B68602202FB00300020704763
:10DEB000800F0021BFF34F8F0549064BCA6802F45B
:10DEC000E0621343CB60BFF34F8F00BFFDE700BF9D
:10DED00000ED00E00400FA05094B01225A604FF002
:10DEE000FF32C3F808234FF40052064BC3F88020DA
:10DEF000BFF34F8FBFF36F8FC3F88021704700BF10
:10DF000000D0004100E100E0094B01225A604FF0CF
:10DF1000FF32C3F808234FF48032064BC3F8802049
:10DF2000BFF34F8FBFF36F8FC3F88021704700BFDF
:10DF30000000014100E100E010B513490023012277
:10DF4000124CC1F8FC3FC1F8FC2FDA00013302F19A
:10DF5000FF7202F58032D2F800032040884202BFEF
:10DF6000D2F80003D2F804230260202BEDD1084B35
:10DF70004FF48072C3F88020BFF34F8FBFF36F8FD1
:10DF8000C3F8802110BD00BF0080004100F0FFFFFA
:10DF900000E100E008B572B6024B5B6803B1984738
:10DFA000FFF788FF880F00211FB572B6144B5C681D
:10DFB00094B9FFF77FFFB2FBF6F22B465D1C002AF7
:10DFC000F9D1DBB203F110056D4405F80C2C0A22DF
:10DFD00033B901A8A047ECE7024600230A26EDE783
:10DFE000013BDBB203F110050DEB0506B0FBF2F5CA
:10DFF00002FB1500303006F80C0C2846E8E700BF9D
:10E00000880F0021F8B51E4E05460C46174633789A
:10E0100093BB05F014FD77603472FFF78DFFFFF7B7
:10E0200073FFFFF759FF174B002D14BF2846184602
:10E03000FDF76EFF0546E8B9FFF738F9FDF75AFF1F
:10E0400005F00BFDFDF7B0FF18B9B8211120FFF75F
:10E05000ABFF002C0CDB04F01F0264090123A400B9
:10E06000934004F1604404F56144C4F880312360B6
:10E07000012333702846F8BD4FF0FF35FAE700BFA3
:10E08000880F00212EF70201074B93F90830002B6F
:10E0900009DB5A09012103F01F03994002F14003F3
:10E0A000024A42F823107047880F002100E100E087
:10E0B000014B1878704700BF880F0021F0B5284D3C
:10E0C00083B0284C284F2E780136F6B2D5E84F3F62
:10E0D0000133DBB2C5E8423F002AF7D10123636078
:10E0E000C4F80021C4F80421EFF3108272B6C4F81A
:10E0F0000405236052B962B608E0D4F804314BB984
:10E100002B789E4206D13B69DB0613D4D4F800314C
:10E11000002BF2D0D4F80431002BD4D12A78B242AB
:10E12000D1D10322C4F80031C4F80431C4F8082363
:10E1300003B0F0BD0D4B03214FF40052C4F804139B
:10E14000C3F88021D4F80031002BDFD1D4F804319A
:10E15000002BDBD1019005F0CEFC0198D6E700BF83
:10E16000910F002100D0004100ED00E000E100E04F
:10E1700070B51446DA078CB01D4686468C4633D5FA
:10E18000C3686E4642681BBA12BA0093CB6802920B
:10E190001BBA4A68049312BA836806921BBA0193A9
:10E1A00003681BBA03938B681BBA05930B681BBAF1
:10E1B00007933046FFF782FFAB070DD5DDE90A1064
:10E1C000DDE9083200BA09BA12BA1BBA20606160F0
:10E1D000A260E3600CB070BD08AD0FCD206061603F
:10E1E000A260E3600CB070BDDEF804106E46DEF88D
:10E1F0000820DEF80C30EE460068AEE80F00DCF8D0
:10E200000000DCF80410DCF80820DCF80C30AEE884
:10E210000F00CEE710B5002482B0CDE90044FFF72F
:10E22000A7FF02B010BD00BF1A4B4FF4803270B58B
:10E23000C3F88020BFF34F8FBFF36F8F164C0021C0
:10E24000164DC4F80011C3F880212E692B6906F021
:10E25000100643F010032B610123C4F8043323603C
:10E26000D4F800319BB11EB92B6923F010032B6148
:10E270000123D4F808054FF480326360C4F80833F2
:10E280000023C4F80031034BC3F8802170BD05F0B2
:10E2900032FCE5E700E100E00000014100ED00E0B4
:10E2A00038B50B49042301EBC302157905F0FF04CF
:10E2B0002DB1013BF7D240216920FFF775FE41F8EF
:10E2C000330001215471D8B29471117138BD00BF6F
:10E2D000940F0021042808B503D947216920FFF7CE
:10E2E00063FE034B002203EBC0031A7108BD00BF9D
:10E2F000940F0021042808B503D950216920FFF7A5
:10E3000053FE094B03EBC0000379012B01D05121CF
:10E31000F4E7437982790133DBB29A4218BF437143
:10E32000BDE80840FFF7B0BE940F002138B50524C2
:10E330000F4D95F8281005EBC1031A79012A09D170
:10E3400058799A79904205D05A79D2B29A7155F893
:10E350003130984795F82830013C0133DBB2052B6A
:10E3600028BF002314F0FF0485F82830E1D138BD20
:10E37000940F0021914270B53ED2B2FA82F33BB1C4
:10E38000C3F1200499409A4020FA04F498402143B4
:10E39000160C1FFA82FE030C85B2B1FBF6FC06FBDD
:10E3A0001C14240404EB10400CFB0EF4844206D928
:10E3B000241A944294BF01240224ACEB040C03EB16
:10E3C00001430CFB12334FEA0C4CB3FBF6F006FB97
:10E3D000103300FB0EFE05EB0345AE4509D9AEEB4D
:10E3E000050E964594BF4FF0010E4FF0020EA0EBC4
:10E3F0000E0040EA0C0070BD73219620FFF7D4FD9B
:10E4000070B5044616461D46FFF7B4FF049B00FB9B
:10E41000164428601C6070BD2DE9F8431C4652EA82
:10E42000040346D0804615460E4684B9914204D274
:10E43000FFF7A0FF2146BDE8F88321463046FFF7ED
:10E4400099FF04462A46404604FB1561F0E7012780
:10E45000B4FA84F907FA09F2F840A2FB05C340EACE
:10E46000C170F94002FB0432FFF784FFC9F11F03BA
:10E470004FF0000C30FA03F308D138461946A8458E
:10E48000A641D8D218466146BDE8F8835A1E6146B7
:10E4900018466CEB0C0C134605FB0CF702FB0477DB
:10E4A000A5FB022EB8EB02027744904666EB070606
:10E4B000E5E7A6219620FFF777FD00BF8AB1013A74
:10E4C00016D000EB020C10B501E060450BD08E4673
:10E4D000044611F8012B10F8013B9342F5D0981A2D
:10E4E00010BD1046704763789EF80120981A10BD41
:10E4F00003780A78981A7047431A934228D382B354
:10E5000070B5541E052C2DD95C1E84460B46022C7A
:10E5100028D922F0030596084C1953F804EBA342BE
:10E520004CF804EBF9D1AA4200EB050CA2EB050470
:10E530000DD011F82620012C00F8262007D05A789B
:10E54000022C8CF8012002D09B788CF8023070BD30
:10E550008B18024413F801CD994202F801CDF9D18C
:10E560007047704701390244034611F8014F03F820
:10E57000014B9342F9D170BD10F0030FC9B20346AD
:10E5800007D0BAB303F8011B13F0030F02F1FF32F7
:10E59000F7D170B5032A01EB012404EB04441ED922
:10E5A000161FB508032E05F1010521D94FEA550EB6
:10E5B0009C4603EBCE0ECCE900440CF1080CF4456C
:10E5C000F9D115F0010F04D025F0010503EB850505
:10E5D0002C6026F00306043302F00302334432B108
:10E5E000012A197003D0022A597018BF997070BDA2
:10E5F0001D46EDE7704700BF10F0030FC9B2034698
:10E6000007D0CAB303F8011B13F0030F02F1FF3266
:10E61000F7D170B5032A01EB012404EB044420D99F
:10E62000161FB508032E05F1010523D94FEA550E33
:10E630009C4603EBCE0ECCE900440CF1080CE645F9
:10E64000F9D115F0010F06D025F00105C5EB857550
:10E65000A3EB85052C6026F00306043302F00302C9
:10E66000334432B1012A197003D0022A597018BFFD
:10E67000997070BD1D46EDE7704700BF094B0A4A0F
:10E68000C3F880210132C3F884210132C3F88C2100
:10E690000132C3F890210132C3F8EC210132C3F8F2
:10E6A000902070470080004104000080074B00224A
:10E6B000C3F88021C3F88421C3F88C21C3F89021CA
:10E6C000C3F8EC21C3F89020704700BF00800041E0
:10E6D000844641EA000313F0030359D1403A33D38F
:10E6E000F0B4F0C9F0C0F0C9F0C0F0C9F0C0F0C992
:10E6F000F0C0403AF5D2F0BC26E0403A24D300BF47
:10E700000B6803604B6843608B688360CB68C360B1
:10E710000B6903614B6943618B698361CB69C36199
:10E720000B6A03624B6A43628B6A8362CB6AC36281
:10E730000B6B03634B6B43638B6B8363CB6BC36369
:10E7400040304031403ADBD230320BD30B680360AB
:10E750004B6843608B688360CB68C36010301031B6
:10E76000103AF3D20C3205D351F8043B40F8043B85
:10E77000043AF9D2043208D0D2071CBF11F8013B89
:10E7800000F8013B01D30B8803806046704700BF4F
:10E79000082A13D38B07B0D010F00303ADD0C3F118
:10E7A0000403D21ADB071CBF11F8013B00F8013B40
:10E7B000A3D331F8023B20F8023B9EE7043AD9D3B9
:10E7C000013A11F8013B00F8013BF9D20B780370D4
:10E7D0004B7843708B78837060467047014B1B68A1
:10E7E0001B681847A8000021014B1B685B6818478D
:10E7F000A8000021014B1B689B681847A800002156
:10E80000014B1B681B691847A8000021034B1868BF
:10E81000034BC01A18BF0120704700BFA800002199
:10E8200024E80101FD3A0201093B02010D3B02010E
:10E83000153B0201193B020108B5EAF7E5FCF3F7C5
:10E84000D1FAEAF7F5FA002008BDF3F737BAF3F783
:10E8500027BA02F0A7B802F0A8B802F0A9B802F0EF
:10E86000A9B802F09CB803460222002027211A70A2
:10E87000032258709A709A717D22D870DA715322EF
:10E8800018711A72042259715A726FF072029A72D8
:10E890006FF00102DA72704701F0B3BA70B5044646
:10E8A000FBF7ACF9012805461AD1601CFBF7AEF95D
:10E8B000B0B1A3790020E61D63F03F03A371F3F725
:10E8C000E3FC38B1102200213046FFF755FE00204E
:10E8D000257070BD3046FBF7B1F90028F2D0F6E79D
:10E8E0000025F4E710B5044610220021FFF744FE8E
:10E8F00004F11003102200211846FFF73DFEFBF73C
:10E90000BBF90020F3F7C0FC20B12046FBF796F9D5
:10E91000002010BDFBF772F90028F6D0F8E710B51B
:10E920000446FFF781FCB0F5007F09DA10F5007F9F
:10E9300008DD031EB8BF03339B100020237010BDF9
:10E940007F23FAE76FF07E03F7E710B4034690F9F0
:10E95000032000787F2A0870B3F8014008BF002226
:10E96000CB1CA1F80140A1B210BCF2F705B90346D7
:10E970000078CA1C0870B3F80130A1F8013099B2D0
:10E9800001F07EB98178008801F0ADBF00780038D1
:10E9900018BF012001F012BA37B505460C460088B1
:10E9A0000DF1060101F047FB2B882380BDF80630EE
:10E9B000638003B030BD38B505460C46EAF738FC35
:10E9C00030B13E2D04D12046BDE83840EAF774BC92
:10E9D00038BD37B504462046F4F7D0F9022805467D
:10E9E0000FD004280DD12378092B0DD0262B21D050
:10E9F000204600F038F8A1782078FFF7DCFF0028E7
:10EA0000E9D0284603B030BD05213E20FFF7D3FFF3
:10EA10000028EDD1E37801A92279684643EA022370
:10EA2000ADF8003001F0DDFE0028D4D053210820DD
:10EA3000EAF7C2F91A213E20FFF7BDFF0028D7D11F
:10EA400063796946A27901A843EA0223ADF804304C
:10EA500011238DF80630F3F71BF90028BBD066218F
:10EA6000E5E703F08AB810B503780446342B39D8AB
:10EA7000D3B3013B332B37D8DFE813F048004C0009
:10EA80005000B70036007F0085008B009100970092
:10EA90009B009D00AD00B3003900360055003600E4
:10EAA0005900A100A700C100C700BB003600CD007F
:10EAB0003600DB00F500FB00010136000701120102
:10EAC000180136001C012A015201300144014C0199
:10EAD00036013E01700176017C01820158015E0120
:10EAE0006A016401FF2B47D04FF4ED7108E00E235B
:10EAF000B0F80320037042F283039A4203D032211C
:10EB0000C720EAF759F90623637035E00C23037038
:10EB10000823F9E71A2303700123F5E73E23037066
:10EB20000223A37028E03E2303700B23F9E729207A
:10EB3000EAF7C2FB28B13E23237022236370292306
:10EB4000EFE70A20EAF7B8FB3E23237018B11F2332
:10EB500063700A23E5E70123A3701F236370E37941
:10EB600003F00103E371D4F81A30C4F80E30E38BDC
:10EB7000638294F82030237510BD3E230370042374
:10EB800043701423CDE73E2303700C23437004230A
:10EB9000C7E73E2303700A2343700323C1E73E23E4
:10EBA00003700D2343700523BBE705232370042363
:10EBB000AAE70823FAE7302303700323A4E73E23E0
:10EBC00003700B2343700723ABE73E230370062338
:10EBD00043700C23A5E71323037083789B00013354
:10EBE00092E75723037002238EE73E2303700D2321
:10EBF00097E73E23037001234370112391E73E23DF
:10EC000003700623437012238BE73E23037009230E
:10EC10004370132385E73E2303702420EAF74CFB5F
:10EC200018B12423A37014236EE70E23A3701023BE
:10EC30006AE73E2303702520EAF73EFB227B20B1E2
:10EC400025230B32A370627096E70F2304F10B01AA
:10EC500004F10800A37002F1080302326370BDE8FA
:10EC60001040FFF749BC3E23037003234370102379
:10EC700057E73E23037005234370202351E73E23CB
:10EC800003700923437021234BE73E2303702620A2
:10EC9000EAF712FB18230028C4D02622A27033E71B
:10ECA0003E2303700423437027233AE73E23037077
:10ECB000282336E73E2303702A20EAF7FDFA18B12D
:10ECC0002B2363702A232CE71D236370192328E765
:10ECD0003E230370072343701A2322E73E23037069
:10ECE0001423437022231CE73E230370037C5B0044
:10ECF0000F3343701D2314E73E2303700323437037
:10ED00001E230EE73E230370037D5B001333437025
:10ED10001B2306E73E230370032343701C2300E7F5
:10ED20003E230370052343701F23FAE6FF2303707D
:10ED30000B234370A223F4E6FF23037005234370E3
:10ED4000A323EEE6FF2303700D2343708023E8E640
:10ED5000FF230370292343708123E2E63E230370DF
:10ED60000C2343702323DCE63E2303700E23437001
:10ED70003723D6E63E2303700A2343703523D0E6BB
:10ED80003E230370FE2343702B23CAE608B510B957
:10ED90006FF0150008BDFFF764FE0028F8D00020D2
:10EDA000F8E710B50C4648B141B1FFF712FE002854
:10EDB00020700CBF6FF02200002010BD6FF0150016
:10EDC000FBE7F8B5941C0E46054617460C44634312
:10EDD000B3F5004FA8BF4FF0FF3310F003019CB212
:10EDE00003D0B0211420E9F7E7FFB4F5004F01D9B3
:10EDF000B121F7E714220430FFF7BEFBEF746C80FB
:10EE00002E80F8BD38B50388C4888B420589C4F3C9
:10EE10000E0203D2D1211420E9F7CEFF84EA0503C4
:10EE2000C3F30E030BB9AC4206D102F11803012261
:10EE3000C1528274184438BD1846FCE702310144BF
:10EE40004A43B2F5004FA8BF4FF0FF3290B21B30DB
:10EE500020F00300B0F5004F34BF00B24FF0FF3098
:10EE6000704740881B3020F00300B0F5004F34BFDE
:10EE700000B24FF0FF3080B2704738B503888B4244
:10EE800003D2F7211420E9F797FF857C65B1C38889
:10EE9000C3F30E031833C25A8A4207D3C152811DED
:10EEA000EAF71EFA00238374284638BD0025FBE7E5
:10EEB00003461830F0B59E88DD88B4B2C6F30E065E
:10EEC000A54214D05F89DD7C845B3D44E41B0235A0
:10EED000A4B2354428440D88A54284BF0C80254641
:10EEE0005989B1FA81F149091170DD81F0BD002520
:10EEF0002846FAE7F8B582880026C38904460D46FD
:10EF000092B20E60CBB14189C2F30E020B441832AB
:10EF10009BB28718825A4381934204D94FF4A2715D
:10EF20001420E9F749FF04D1011DEAF7D9F9468118
:10EF30002F6000230120E381F8BD1846FCE7838899
:10EF4000014602899BB29A4202D00831EAF7C8B959
:10EF500070478388C0889BB2C31A58425841704793
:10EF6000828873B595B2C488C2F30E02AC4202F136
:10EF7000180212D04189C689835A314499420EDB66
:10EF80000DF10601ADF80650EAF7AAF9BDF8060042
:10EF9000001B18BF012002B070BD0020FBE701205C
:10EFA000F9E770B5C488034606891830C4F30E0526
:10EFB00084EA0602C2F30E020AB9B4420FD19C8958
:10EFC0001A880CB1465B921B914207DCDA7C2C4418
:10EFD0000232224410440A461A8270BD00221046B2
:10EFE000FAE7F8B5038A002B38D08B4236D3C488B1
:10EFF00000F118038589C4F30E041E1995B91D5537
:10F00000757085891E5B0D443144ADB285811953FD
:10F01000D2B1811DEAF764F90023838100230382C2
:10F020000120F8BD1E5BAE4204D04FF4F6711420EF
:10F03000E9F7C2FEC57C2644878A023535445E194D
:10F040005F53857DB570DCE7C27C254402322A44DB
:10F0500099189B5A83828B788375DFE70020E0E75D
:10F060008388C2889BB29A4206D0428922B9C3F3F0
:10F070000E0318331844704700207047C37C0233D6
:10F08000C8187047C37C0233C81A704702307047F3
:10F0900038B58388C2889BB29A4207D045892DB97A
:10F0A000011DEAF71DF9C581012038BD0020FCE7EC
:10F0B00003881380C388C3F30E0318330344808985
:10F0C0000B6070470368002223B9C0E90132031DB9
:10F0D0000360704759681B680A44F5E7072903462F
:10F0E00070B504D84FF4EC711520E9F765FE00689F
:10F0F000C0B1446806461A688C4210D0106860B9E6
:10F1000001F10805AC420DD3546850501868651AD7
:10F11000541800686560505002E01346E9E714682F
:10F1200030461C6070BD0023C1E9003203680B60EB
:10F130000160704730B590B18478B1FBF4F304FB03
:10F14000131300EB430252898A4201D1D8B230BD79
:10F15000C27822B900F10803D0B2844201D8FF205E
:10F16000F5E733F8025F01328D42F5D1EFE782789F
:10F17000038805324B4303EB42031844704737B50D
:10F1800000240546CDE900448DF806006846ADF838
:10F190000440EAF78FFABDF8044008B103B030BD6F
:10F1A00029462046EAF762FA0028EFD040F23521DE
:10F1B0001720E9F701FE70B51E460D460921FFF73D
:10F1C0003DFE0446324609212846FFF737FE40EA55
:10F1D00004031B0454BF00194FF0FF3070BDD31D52
:10F1E00023F0070370B5083390B110F0070403D083
:10F1F00058212220E9F7E0FD04604FF6FF75C28038
:10F2000000F108040A468180013A92B2AA4203D171
:10F2100003FB01F0083070BD0668266004601C44E2
:10F22000F2E718B1C2888188FFF7D9BF704703465B
:10F23000EFF3108272B6006830B1016819600023E4
:10F24000037043708370C37002B962B67047EFF306
:10F25000108372B602680A60016003B962B6704733
:10F26000012303707047F8B50C46054611461E464B
:10F2700084F001046400E4B2FF23837003191B7D52
:10F28000012B05D00134E4B203191B7D012B0AD1F7
:10F2900005EB44073B8B3A8C9819904205DD00231F
:10F2A0002C443B8323750020F8BD05EB84043246D3
:10F2B00060681844FFF70CFA3B8B1E443E83002322
:10F2C000AB700120F0E781F00101490010B5C9B22F
:10F2D000FF23837043181C7D012C07D10C3120F8CB
:10F2E000112002221A750023837010BD0131C9B2AA
:10F2F00043181C7D012CF1D04FF499710920E9F7D6
:10F300005BFD024630B5837803F0FF00F3B9137D4F
:10F31000022B19D0537D022B15D10346012089B150
:10F320000024D5180C332C7522F81340131803242D
:10F330001C7502EB80035B680B6000F10C0332F874
:10F3400013308B80012030BD0123E8E70020FAE76D
:10F35000034630B5827802F0FF00E2B99A7D022AB6
:10F3600017D0DC7D022C13D1032281B11D1900209E
:10F370000C34287523F8140098180324047503EB43
:10F3800082000C32406833F8123008608B80012014
:10F3900030BD0324E9E70020FAE7037D012B01D10A
:10F3A000008B7047437D012B0CBF408B00207047C2
:10F3B000837D012B01D1808B7047C37D012B0CBF56
:10F3C000C08B00207047038B23B9408B003818BFD7
:10F3D0000120704701207047838B23B9C08B003810
:10F3E00018BF0120704701207047027D022A01D119
:10F3F000008B7047437D022B01D1408B7047032A5D
:10F40000F6D0032BF9D000207047827D022A01D16B
:10F41000808B7047C37D022B01D1C08B7047032ABC
:10F42000F6D0032BF9D0002070472DE9F0410646B5
:10F43000069898460D46430711469DF81C7002D069
:10F4400010F0030003D025214C20E9F7B5FC4FF460
:10F450008B72FFF7C4FE002F06AB044600FB08F1D9
:10F4600014BF00201846E9F75DFF17B9069B33600B
:10F470002C60BDE8F081EAF7EDBA00EA400000EA4E
:10F48000400000EA400000EA400000EA400000EAD4
:10F490004000B0FA80F04009704708B503461046B6
:10F4A0008B4209D03AB183EA010002F022FD012823
:10F4B0008CBF0020012008BD0120FCE737B50023E8
:10F4C00004460D46CDE900336846EAF7F3F830B15B
:10F4D0000023CDE9003302238DF8063012E0009BB3
:10F4E0002A462046196AFFF7D8FF0028ECD00120F1
:10F4F00003B030BD009B2A462046196AFFF7CDFFB6
:10F500000028F4D16846EAF7D5F80028F2D00023A5
:10F51000CDE9003304238DF8063007E0009B2A462E
:10F5200020461968FFF7B9FF0028E0D16846EAF7DE
:10F53000C1F80028F2D00023CDE9003305238DF86F
:10F54000063007E0009B2A4620461968FFF7A5FF12
:10F550000028CCD16846EAF7ADF80028F2D00023A5
:10F56000CDE9003309238DF8063008E0009B2A46D8
:10F570002046D3F8BC11FFF790FF0028B7D16846AA
:10F58000EAF798F80028F1D00023CDE900330B23E7
:10F590008DF8063008E0009B2A462046D3F8E41098
:10F5A000FFF77BFF0028A2D16846EAF783F800281E
:10F5B000F1D000224FF44023CDE900236846EAF75A
:10F5C00079F858B10023CDE900330A238DF80630CD
:10F5D0006846EAF76FF858B1002089E7009B2A4691
:10F5E0002046D3F8E410FFF758FF0028E6D07EE766
:10F5F000009B2A462046D3F83C11FFF74EFF002817
:10F60000E6D075E770B523260025F3F77BFD0446A9
:10F61000F0F79EFC20B100212046FFF74FFF50B1CC
:10F620000020013E01D00028EFD04DB940F2152155
:10F630000F20E9F7C1FB20462546F0F7BFFCF0E7B5
:10F64000284670BD00F0FD00003818BF012070474B
:10F650006FF45063C318062B8EBF40F2E243A0F54F
:10F6600050604FF47A735843704710B5044638B170
:10F67000F2F726FC24EA0000B0FA80F0400910BD41
:10F680000120FCE72DE9F0411646B0F86670B0F8AD
:10F69000685071B303F0E0FF0446022101F0CCFD95
:10F6A00080460221204601F0C7FD474528BF474656
:10F6B000BFB21B2F38BF1B27FB2F28BFFB2785425C
:10F6C00028BF05467780ADB21B2D38BF1B25FB2D0B
:10F6D00028BFFB25B4F5A47F38BF4FF4A474F58090
:10F6E000B4F5296F28BF4FF42964B4803481BDE894
:10F6F000F08103F004FACFE713B501210020E9F708
:10F700009FFF044688B901210846E9F799FF04469E
:10F71000C0B90023CDE9003303238DF806306846D5
:10F72000E9F7C8FFC8B100200AE0A830EFF798FB5E
:10F730000028E8D02046EEF7B7F80028E3D00120F3
:10F7400002B010BDA830EFF78BFB0028E1D02046B7
:10F75000EEF7AAF80028DCD0F1E7009C204603F081
:10F7600085FA0028DBD0204603F07BFC0028D6D0A9
:10F77000E5E7002307B5CDE9003303238DF8063014
:10F780006846E9F797FF08B1002004E0009803F00D
:10F790006DFA0028F4D003B05DF804FB13B5012125
:10F7A0000020E9F74DFFC0B901210846E9F748FFFD
:10F7B000F8B9FFF7DEFFA0B906236C460190009070
:10F7C0008DF806302046E9F775FFC0B1002300939D
:10F7D000636007238DF806301FE0A830EFF740FB89
:10F7E00010B1012002B010BDEEF7FCF80028DBD00C
:10F7F000F7E7A830EFF734FB0028DAD0F1E70098FC
:10F80000403003F08EF80028DCD0EAE7009B586F08
:10F81000503003F086F80028E4D12046E9F74AFF8B
:10F820000028F3D00020DDE71FB5002240F6881342
:10F8300003A90092FBF7C2FF05B05DF804FB70B5A9
:10F8400005460C4603F012FAF0B9284603F05BFBBC
:10F85000D0B904212046E9F7F3FE064678B906211F
:10F860002046E9F7EDFE054680B903212046E9F779
:10F87000FDFE88B141F6A4213920E9F79DFA403018
:10F8800003F04FF80028EAD00C2010E0403003F0DD
:10F8900048F80028E9D0F7E73EB104212046E9F70F
:10F8A000E5FE10B141F6AB21E6E70DB9002070BDD1
:10F8B00006212046E9F7DAFE0028F7D041F6B2210A
:10F8C000DAE738B50D460446E9F7F4FFA84212D34B
:10F8D000204603F016FC08B11F2D0ED8204603F079
:10F8E00069FB60B12946204603F09DFB00280CBF50
:10F8F0004520002038BD0720FCE71220FAE742200F
:10F90000F8E738B5044603F055FBD0B1204603F0C4
:10F91000ADF908B9002038BD204603F0C0F805460F
:10F92000204603F0BFF870B9002DF3D002212888DB
:10F93000E9F79CFE0028EDD041F6B2413920E9F705
:10F940003BFA4220E7E70C20E5E7F0B587B0054633
:10F95000008801A901F0D7FC044600287BD1029B56
:10F9600093F85C21D11E4A424A418DF802209DF84D
:10F970000420002A72D193F88E20232A72D19DF898
:10F98000022082F0010293F8E0308DF803209B06FC
:10F9900003D49DF80330002B68D0EB881B3B9BB24F
:10F9A000E02B65D8298944F24810A1F5A4739BB2D5
:10F9B00083425DD86B881B3B9BB2E02B58D8AA884A
:10F9C000A2F5A4739BB2834252D8B1F5296F51D8E6
:10F9D000B2F5296F4ED8029EFF2786F823719DF855
:10F9E0000230002B40D19DF8041003AA3046B1FA32
:10F9F00081F14909FFF746FE6A88BDF8123040F6EA
:10FA00004800BDF814109342B5F806C028BF13464D
:10FA10008142AA88A6F8283128BF0146BDF80E30D9
:10FA2000634528BF6346A6F82431BDF810308342F1
:10FA300028BF03462889834228BF03468A42A6F886
:10FA40002631134628BF0B46A6F82A3186F82271C4
:10FA5000002386F82331204607B0F0BDD3F880207C
:10FA600092068CD422468EE73A24F1E71A24F2E774
:10FA70001224F0E71124EEE710B50446FFF779FEF3
:10FA800058B901210020E9F7DBFDD0B90121084672
:10FA9000E9F7D6FDD8B9012009E0F2F7C9F968B154
:10FAA000F0F7BEFD044603F015FB08B1002010BDC1
:10FAB000204603F00BFB0028E3D0F7E7002CE0D151
:10FAC000F4E7A830EFF7CCF90028DFD0EEE7A83054
:10FAD000EFF7C6F980F00100C0B2E8E7037843B160
:10FAE000406890F8D23123B1002380F8D231F5F785
:10FAF000EBB8704710B50446F4F7A2F92070002067
:10FB000010BD10B5FFF7F8FD044630B9F4F792F9CF
:10FB10002046F2F72DFD204610BD0C20FCE710B565
:10FB200003780446012B01D9122010BDFFF736FEE1
:10FB300060B92078FFF786FD01280DD004F1170386
:10FB4000E21D611CBDE81040F2F73CBDF2F7CCFDB0
:10FB50000028EED00C20E8E7A37903F0C003C02B07
:10FB6000E2D1EBE710B503780446012B0AD8FFF782
:10FB700015FE48B9214611F8010BFFF763FD01F0AE
:10FB8000E6FA38B9122010BDF2F7AEFD0028F1D028
:10FB90000C20F8E70020F6E710B50446FFF7ACFDAF
:10FBA00090B92078012803D9FF2809D0122010BD70
:10FBB000611CFFF747FDF4F749F938B10020F6E77B
:10FBC0000120F2F7D5FCF9E70C20F0E70720EEE77B
:10FBD00010B50446FFF790FD98B92378012B03D99F
:10FBE000FF2B0BD0122008E01846611CFFF72AFDFE
:10FBF000F4F758F90028F5D0002010BDF2F7B8FC52
:10FC0000FAE70C20F9E708B50088F2F773FD002841
:10FC10000CBF3020002008BD38B50546FFF7BEFDFB
:10FC2000044638B92878003818BF0120F2F756FD8D
:10FC3000204638BD0C20FCE708B5FFF7AFFD18B92A
:10FC4000F2F73CFD002008BDF2F74EFD0028F7D08A
:10FC50000C20F8E70823037000207047102242F2BE
:10FC6000A3030270C2705922A0F801308280C380C1
:10FC700000207047082108B5E9F7B8FA002008BD50
:10FC800037B50D461446042804D8DFE800F0061EF8
:10FC90003C212A00122003B030BDF2F7C9F860B150
:10FCA0005DB9F0F7BDFC03F00EFA207094F9000086
:10FCB000F9F716FE20700020EDE703212846E9F74A
:10FCC000BFFC0028EFD14220E5E7EDF79FFBECE712
:10FCD00007212846E9F7B4FC0028E7D003F01FFE0F
:10FCE000E3E70A212846E9F7ABFC0028DED090F8CC
:10FCF0003830032BCED1D0F898000028D6D0F83871
:10FD000003F013FED1E76946284601F0FCFA00280B
:10FD1000C1D1019B93F97C302370C7E773B50646C8
:10FD200000880C460880694680B201F0ECFA05466E
:10FD300040B9B3784BB9019B93F97C00A070F9F7F7
:10FD4000CFFDA070284602B070BD7F20FFF76CFD8C
:10FD5000F4E710B504466FF07F00FFF765FDF9F793
:10FD6000BFFD20707F20FFF75FFDF9F7B9FD6070E0
:10FD7000002010BD10B50446F9F708FE00EB800323
:10FD80005B002380F9F708FE00EB800300205B0096
:10FD9000638010BD10B50446F0F742FC03F093F900
:10FDA000F9F79EFD2070002010BD0A4600F11001F9
:10FDB00008B50723FEF72EFA002008BD012138B54B
:10FDC00005460846E9F73CFC20B940F6CD1139203C
:10FDD000E8F7F2FFA830EFF743F8044620B92846C9
:10FDE000F0F798F8204638BD0C20FCE710B5014626
:10FDF00004460020F2F72EFA08B92060A080002007
:10FE000010BD10B50446F1F7E7FF28B900202146E0
:10FE1000F2F708FA002010BD0020FFF72DFE0028A1
:10FE2000F4D10C20F7E710B504460120FFF724FEBB
:10FE300028B101202146F2F7F5F9002010BD0C2071
:10FE4000FCE737B500880C460D46694624F8020BDE
:10FE500080B201F058FA70B9019B03F1970283F860
:10FE6000CB00116821601179217193F8CB10002922
:10FE7000F5D103B030BD0023C5F802302371F8E797
:10FE8000FFF763BD1FB502880A8044F29021838882
:10FE90008B4215D8B3F5296FADF80420428801A82C
:10FEA00028BF4FF42963ADF80620ADF80830ADF84F
:10FEB0000A20ADF80C30FFF748FD05B05DF804FBF3
:10FEC0001220FAE737B508800D46694601F01BFAA3
:10FED000044640B99DF800102A460198B1FA81F114
:10FEE0004909FFF7CFFB204603B030BD03466FF052
:10FEF0006F0100200A2210B56FF004045870997049
:10FF00001C70DA701C7158719971DA7110BD10B5DE
:10FF10000446FFF743FC58B92078611CFFF792FBB9
:10FF2000E279F2F747FD80F001004000C0B210BD59
:10FF3000F2F7DAFB0028EFD00C20F8E773B5008861
:10FF40000D460880694680B201F0DDF9044680B9AB
:10FF5000019E86F8764096F87400F0F7EBF9A870E9
:10FF600096F87500F0F7E6F9E87096F87630002B11
:10FF7000EFD1204602B070BD10B583880446022B35
:10FF800010D8C078FFF771FB08B9112010BDA07818
:10FF9000FFF76BFB0028F8D020460121BDE8104098
:10FFA000F0F758BB1220F1E737B58378C17803F03A
:10FFB0000104027903F0020351EA04051DD052EA5C
:10FFC00003051AD0002C18BF0021002B037818BF9E
:10FFD00000228DF802108DF80320427843EA0223B4
:10FFE000ADF8003043798279684643EA0223ADF8E0
:10FFF0000430FFF7C1FF03B030BD1120FBE710B59F
:020000040102F7
:1000000004460020F1F70EFF2046BDE81040F1F74E
:10001000BBB807B503788DF80030437868468DF893
:1000200001300023ADF80230ADF80430F1F7ACF840
:1000300003B05DF804FB13B50C46694601F063F9A3
:1000400030B9019B9DF80020B3F8863012B92380A7
:1000500002B010BD0133FAE72DE9FF41044602A9C1
:10006000008801F075F9064618B99DF8083023B1EB
:100070001126304604B0BDE8F081039DA28865B129
:10008000E9691046FFF7E4FA884206D16B8E608971
:10009000A189884203D91226EBE70123F7E70193F0
:1000A000284623890093E3886188EFF7B9FF8046EB
:1000B00000283CD095F84A3203F0FF06002B38D1D7
:1000C000A088FFF7C5FA074605F13C0001F039FEAC
:1000D00076308742CCD3A3886FF450621344062B4A
:1000E0008ABF40F2E2436423B046BB42D3D2B8F1A8
:1000F000000F05D0B5F8741040F2022291421AD1D7
:10010000A5F83632C5F83C72E279A37943EA0223B6
:10011000A5F84032237A627A43EA0223A5F84232F4
:10012000002385F84832FF2385F84A32A1E73026BC
:100130009FE73A269DE70C269BE713B5044601F09E
:100140002BF800284DD02046FF24F2F7A9FC00230D
:10015000CDE900336846E9F7ADFA48B300244FF41F
:100160004033CDE90043FF246846E9F7A3FA18B30A
:1001700000204FF48023FF24CDE900036846E9F70F
:1001800099FAE8B100214FF4C023FF24CDE9001310
:100190006846E9F78FFAB8B100224FF42023CDE981
:1001A00000236846E9F786FA90B1002002B010BD3E
:1001B000009B83F82D42CDE7009B83F88A40D3E76C
:1001C000009B83F83440D9E7009B83F83440DFE795
:1001D000009B93F83820032AE3D1FF2283F82220E2
:1001E000DFE71220E2E707B50088694601F0B0F8C2
:1001F00030B9019B93F8332112B9FF2283F83321E0
:1002000003B05DF804FB10B50446F1F74FFE206023
:100210000020616010BD73B504466946008801F096
:1002200097F8064618B99DF800301BB10C263046E9
:1002300002B070BD019D95F87A3203F0FF0633BB22
:1002400095F8E030DB0724D5D5F81C31002BEDD133
:10025000D4F8023005F51872C5F87032D4F80630BB
:10026000C5F874326389A5F8783204F10C031C34A4
:1002700053F8041BA34242F8041BF9D10C2105F5E5
:100280001370E8F7B3FFFF2385F87A32CFE73A26F9
:10029000CDE71A26CBE730B589B0034600F1180543
:1002A0006A461868083353F8041C1446AB4203C46A
:1002B0002246F6D11868022320606846ADF81C304B
:1002C000FFF7A9FF04461E2200216846FEF794F9B5
:1002D000204609B030BDF0B5044689B000200E4676
:1002E00004F11807F1F79EFD23466A4618680833A3
:1002F00053F8041C1546BB4203C52A46F6D119889B
:100300009B782980AB7000238DF81B308DF81C3052
:10031000637E042B10D8A37E042B0DD8237D022BE3
:100320000AD0637803F01803082B05D031466846DD
:10033000F1F7EEFA09B0F0BD1220FBE7F0B5044684
:1003400089B000200E4604F11807F1F76BFD234633
:100350006A461868083353F8041C1546BB4203C5A7
:100360002A46F6D11B782B7000238DF81930ADF892
:100370001A308DF81C30237D022B0AD0637803F0ED
:100380001803082B05D031466846F1F7C1FA09B0C9
:10039000F0BD1220FBE710B5032104460078E9F711
:1003A0004FF920B12178BDE81040FFF748BA42204C
:1003B00010BD13B500200024F1F734FD0323CDE96F
:1003C00000448DF806306846E9F774F910B120460C
:1003D00002B010BDBDF804100098FFF730FA0028F5
:1003E00018BF0C24EFE72DE9F743064647780321B1
:1003F0000078E9F725F90446002852D002F081FE82
:10040000042F054696F8039004D1B9F1000F4ED0A1
:10041000122013E0E06CFEF7C0FFF37800EB090850
:100420001FFA88F86BB9204602F028FE80450ED9E5
:10043000204602F066FE0028EAD1072003B0BDE89E
:10044000F083204602F02CFE0028ECD1E0E7414684
:100450002046FFF736FA0028F0D1FB1E012B22D9E7
:10046000B9F1000FD4D0002DD2D1012F04D1022236
:10047000E16C6846E9F736FA4B4672680121E06C98
:10048000FEF7F1FE0028D8D0023F012F07D8E06C1C
:10049000FEF783FF01210246E06CFEF714FF002007
:1004A000CCE74220CAE785F00102D2B2E0E700289B
:1004B000AED1204602F0DAFB0028A9D0E06CFEF7AE
:1004C00082FF0028A4D0204602F04BFEE7E737B5B4
:1004D0000446F0F7A5F8054623781F2B18D8C16C01
:1004E00004226846E9F7FEF922460021E86C12F87A
:1004F000013BFEF7B8FE68B1EC6C2046FEF758FFF2
:10050000002102462046FEF7DEFE002003B030BD8B
:100510001220FBE70720F9E72DE9F7430746467865
:1005200090F8039003210078E9F78AF80446002840
:100530004FD0F1F77DFC30B1204602F0CBFD002812
:1005400008BF4FF00009E06CFEF732FFFB7800EBCC
:1005500009081FFA88F84BB941462046FFF7B1F960
:10056000054650B1284603B0BDE8F083204602F0AE
:10057000B1FD0028F0D11225F4E7042EFBD0032EA4
:100580000CD1204602F0BDFD08BB012E14BF052290
:100590000622E16C6846E9F7A5F908E0B9F1000F19
:1005A000E9D0204602F062FBA8B9012EE9D04B4603
:1005B0007A680021E06CFEF756FE70B1023E012E13
:1005C000D0D842460021E06CFEF77DFECAE7042247
:1005D000DFE74225C6E70C25C4E70725C2E713B5C8
:1005E00004460020F1F71EFCE378FB2B13D8227899
:1005F000043468468DF803308DF8002014F8022C7E
:100600008DF8022014F8032C01948DF80120FFF7D7
:1006100083FF02B010BD1220FBE710B50446002096
:10062000F1F700FCE9F746F92080002010BD10B575
:1006300004460020F1F7F6FB0320E8F783FF207063
:10064000002010BD73B504460020F1F7EBFB637882
:100650007BBB23783BBB01936C46009303238DF84F
:1006600006302046E9F726F8D0B90098FFF749F997
:100670000028F6D018E09E00032104EB830398784D
:10068000E8F7DEFFB8B12378012B0BD1B11C214470
:10069000F0F764F9013538B96278EBB29A42EAD8DA
:1006A000002001E013B1122002B070BDFFF729F95C
:1006B000F0E70025F0E74220F6E738B503210546CC
:1006C0000078E8F7BDFF0446A0B102F0CFFA28B9E0
:1006D0002046691C02F0CAFC002038BD204602F00A
:1006E000F9FC08B10C20F8E7204602F0EFFC0028E6
:1006F000EED0F7E74220F0E737B50446EFF790FF7A
:10070000054623781F2B18D8C16C00226846E9F7EC
:10071000E9F822460121E86C12F8013BFEF7A3FD3F
:1007200068B1EC6C2046FEF738FE012102462046F7
:10073000FEF7C9FD002003B030BD1220FBE7072003
:10074000F9E713B504460020F1F76CFBE378FB2BC7
:1007500013D82278043468468DF803308DF80020D1
:1007600014F8022C8DF8022014F8032C01948DF853
:100770000120FFF738FE02B010BD1220FBE773B571
:1007800005460026EFF74CFF04468DF8046002F0A2
:10079000A5FC2B78C0018DF80760012BADF8050092
:1007A00005D101A92046F0F7D9F802B070BD2BB9E8
:1007B000204602B0BDE87040FFF7A3B81220F4E76E
:1007C00010B5044634F8020B0880022180B2E8F725
:1007D00037FF20B12146BDE8104002F0E1BE022003
:1007E00010BD008808B50880022180B2E8F728FF14
:1007F00020B10021BDE8084002F0D2BE022008BDB1
:1008000037B5044600880D460880092180B2E8F714
:1008100017FF10B10C2003B030BD0B212088E8F782
:100820000FFF0028F6D10C212088E8F709FF0028E7
:10083000F0D16946208800F066FD0028EBD1019BCD
:10084000B3F8BC306B80E6E737B504460088088013
:10085000092180B2E8F7F4FE10B10C2003B030BDDE
:100860000B212088E8F7ECFE0028F6D10C21208827
:10087000E8F7E6FE0028F0D163880BB91220EDE717
:100880006946208800F03FFD0028E7D1658842F2E4
:100890001072019BA9B2DC6951435A8E62439C8C51
:1008A00004FB02229142E9D3DA69DC699442FBD16C
:1008B0000022A3F8BC50C3F8B420621E0A44B2FB65
:1008C000F4F2C3F8B820C9E713B500880C460880D5
:1008D000694680B200F017FD18B9019B93F88B3080
:1008E000A37002B010BD10B50C460221E8F7A8FEB7
:1008F00090B1022C12D804F00102C4F3400480F835
:10090000D52180F8D44112B190F8D2310BB9002032
:1009100010BDF4F7D9F9FAE70220F9E71220F7E75A
:1009200010B504460078FF280AD00321E8F788FEB6
:1009300058B16378A27843EA0223C384002010BD33
:10094000B4F80100F4F7E2FAF8E74220F7E710B54F
:1009500004460078003818BF0120F7F735FE2078EC
:10096000003818BF0120F4F79BF9002010BD10B526
:100970000446F1F75DFA50B1EFF752FE6178C1F32A
:10098000400201F0010102F0F0FB002010BD032144
:100990002078E8F755FE0028F0D14220F6E706203F
:1009A000F1F74CBA0820F1F749BA0B20F1F746BA33
:1009B00002F05EBF02F01FBE08B5C3780246013BDD
:1009C000D8B2042801D9FE2806D11378042B03D10C
:1009D000EEF706FA002008BD1220FCE710B5044629
:1009E00004B910BD236898476468F9E703680BB938
:1009F000016070471A465B6813B18A42FAD17047AA
:100A00008A4218BF5160704708B5F5F7BFFDF4F78B
:100A10003BF9BDE80840F5F7A1BD08B502F017FEA7
:100A2000F0F7A4F8ECF700FDBDE80840F3F762BA70
:100A300008B5F3F757FAF7F7BFFDF0F797F8BDE8F9
:100A40000840ECF74BBD08B5FE20EEF7C9F9BDE84C
:100A50000840FFF7E2BF08B5F4F7E2F8F5F76EFDDE
:100A600020B140F241119320E8F7A6F90320BDE838
:100A70000840FEF784BB08B50220FEF780FB00208B
:100A8000FEF77DFBE8F7A0FEF1F786FBE9F734FE01
:100A900020B140F221119320E8F78EF908BDFFF74D
:100AA000EABF08B5FFF7D7FFF6F776FD20B14FF4A0
:100AB000AB719320E8F780F908BD08B5FFF7C3FFD5
:100AC00002F0D0FE20B140F2A3119320E8F774F9B0
:100AD00008BDFFF7D0BF08B500F00BFBE9F7ECFD50
:100AE0000220FEF74CFB0020BDE80840FEF747BBA4
:100AF00008B5ECF733FDFFF79BFFFFF7ECFF02F0C3
:100B0000B3FEBDE80840F2F729B910B5C378044632
:100B100091B163B90388012B01D95B082380F2F7F7
:100B2000D9FA2388B0FBF3F202FB1300A070E3783C
:100B300083F00103E37010BD002BF8D10388FE2B76
:100B4000EDD85B009BB2FF2B88BFFF23E6E78378DD
:100B500013B1013BDBB28370B3FA83F040097047F5
:100B60000123038040F2011343807047FBF7AEB9C5
:100B70000B46152203F8032BD0F80920C1F80320F7
:100B8000427B1A717047012804D1012914BF00204B
:100B900001207047022801D10229F7E7042908BF84
:100BA00004280CBF01200020704737B504460D46CD
:100BB000EFF7E2FD18B36FF4B3730221E018038876
:100BC0006846ADF8003034F8F73CADF8023034F840
:100BD000F53CADF80430EFF73DFD18B14221AE20F1
:100BE000E8F7EAF8ADF800009DF80030002063F364
:100BF00007009DF8013063F30F2003B030BD3223AE
:100C00002B70D4F80930C5F803300423ADF8003058
:100C1000EAE738B5436804460D4693F82C21012ACB
:100C200012D11E21F1F77AF963688DB1182283F889
:100C300011210A2283F88D2093F8CA30E3B940F2DB
:100C4000DA21AE20E8F7B8F8002283F82C21EBE790
:100C500093F88E20A2F12501062901D9332A05D166
:100C60000022204683F88E2001F0F2F92046182158
:100C7000BDE8384001F018BA002038BD08B5436817
:100C800093F88D201AB18521AE20E8F795F825223A
:100C900083F88D2008BD034610F0010007D19A07A4
:100CA00004D4C3F380039B00D8B27047022070477E
:100CB0002DE9F34B1646054610461F4646EA010449
:100CC000FFF7E9FF83460846FFF7E5FF89464BEA51
:100CD0000404DDF8288001900443E4B2003C18BF0E
:100CE0000124F1F7EDF8064018BF5E46F1F7E8F889
:100CF00095F8742010EA0901019B18BF1946B24209
:100D000014BF3346002388F8003095F875208A42D6
:100D100008BF00210B4388F801100BD1B5F88630CD
:100D2000013FFF1A47F6FD73BFB29F428CBF0024FC
:100D300004F00104C6B995F87400EFF70BFB032823
:100D40000ED195F82C31012B0AD1B5F8302195F848
:100D50007430012A0AD1032B0AD0032388F800300B
:100D6000204602B0BDE8F08B042EE9E7042BF7D053
:100D70000423F3E7042906D101280AD10321012025
:100D8000518013807047032903D1012801D0042129
:100D9000F5E700207047012807D0022805D0033866
:100DA00001288CBF00200120800070477FB50B46D2
:100DB0004468CDE9002118461146F1F7CDF894F8C2
:100DC000746094F87550C3B2C0F30720B34208BFF3
:100DD0000023854208BF002084F8323284F83302B1
:100DE00004B070BD2DE9F0414C6805460F4694F8FB
:100DF0003222D31E012B2ED894F87430D91E01292B
:100E000029D8D31A18BF012394F83302FFF7C3FF80
:100E1000064613BB1046FFF7BEFF804694F8173115
:100E200073B948EA060313F0FF0307D0204601F028
:100E30005FF97B68B3F8863003449BB2A4F8303284
:100E4000B4F830320520AE70EB701B0A85F80180D3
:100E50002B71BDE8F0810023D6E74FF00008DDE7F5
:100E60002DE9F743446805468846914694F88E700C
:100E7000002F72D194F88D30293B022B67D9394667
:100E800001A8F1F7ABF9E0B1019B0DF10301DB78AB
:100E90008DF80330162294F88D00F2F765F90646B6
:100EA00088B102461621284601F0E5F83623284687
:100EB00084F88E3001F0BBF83E46304603B0BDE802
:100EC000F0833946E6E798F8013013F0070236D090
:100ED00098F8023013F0070331D084F86C2084F8BE
:100EE0006D3094F82D311BBB94F82C31012B1FD0A1
:100EF00094F8753094F86C20D91E012998BF04230A
:100F00009A4226D194F87430DA1E012A94F86D20A2
:100F100098BF04239A421CD16B68022283F82C21CB
:100F2000B4F87230B4F87020A4F83031A4F82E214F
:100F30002723284684F88E3001F079F8BDE74A4629
:100F40004146284603B0BDE8F04301F0C0B8202771
:100F5000B2E72846F1F744F8EAE70126ADE770B5B5
:100F60004468064694F88E50A5F12503062B4DD90A
:100F7000332D4BD0002D47D194F88D302A2B45D0FE
:100F80004B7813F0070335D08A7812F0070231D07E
:100F900084F86D2084F86C3094F82D3113BB94F8EC
:100FA0002C31012B1ED094F8753094F86C20D91E8A
:100FB000012998BF04239A4222D194F87430DA1E92
:100FC000012A94F86D2098BF04239A4218D1022375
:100FD000B4F8702084F82C31B4F87230A4F82E21C3
:100FE000A4F830312723304684F88E3001F01FF802
:100FF000284670BD30460978BDE8704001F054B80D
:101000003046F0F7EDFFEDE70125F1E72025EFE7AA
:1010100013B5446894F88D30252B22D14B7813F00A
:1010200007021AD08B7813F0070316D000218DF831
:1010300004208DF80530ADF80610019AD4F82E1171
:10104000FFF7B4FE0123002084F8CA302923A4F856
:10105000C60084F88D3002B010BD0023A4F83232EF
:10106000F0E70120F7E7436810B593F88E200446B7
:10107000B3F83212272A15D181B983F88E1093F86C
:101080002C31012B01D1F0F749FF6368002283F86E
:101090002C212046BDE8104000F0DABF2A2283F858
:1010A0008E20F6E793F88D20292A0DD141B983F8D7
:1010B0008D10F0F733FF6368002283F8CA2010BD5B
:1010C0002A2283F88D20F6E740F23E41AE20E7F772
:1010D00073FE08B5436893F88E20272A05D022B105
:1010E00040F24541AE20E7F767FE282283F88E20C4
:1010F00008BDF1F751B8704730B542401C78087808
:101100005D7860404C786C409D7820448C786C40D1
:10111000DD782044CC786C401D795B7920440C79D3
:1011200049796C404B40204418441044B0FA80F098
:10113000400930BD024600200139C9B2FF2900D163
:101140007047535C83F001030344D8B2F4E708B559
:10115000F1F7A6F8082807D0F1F7C4F8082803D05B
:10116000F1F7D4F8012008BD0020FCE708B5F1F73D
:1011700097F8082803D0BDE80840F1F7B3B808BDD8
:1011800008B5F8F79BFC18B1BDE80840F8F7C8BCF3
:10119000082008BDF8F792BC70B503791F2B0FD853
:1011A000461E051D002416F8010F00F0D7FE04446A
:1011B000AE42E4B2F7D1012C94BF0020012070BDF3
:1011C0000020FCE701440023884203D1B3FA83F0F6
:1011D0004009704710F8012B1343F5E7F8B50546B1
:1011E0000C46D0E90476FCF713F918B954212920EC
:1011F000E7F7E2FDE4B1D5E90423D21B63EB060374
:10120000012A73F100014FF0000113DB6FF00100C0
:101210009042994101DA5E21E9E7631E1344B3FB72
:10122000F4F35C43E41946F10006C5E904461C46A4
:101230002046F8BD0C46FBE7022905D13C281AD907
:1012400080100F3880B27047CB1E012B0ED80329B7
:101250000BBF96234FF416731022402203F5BC7384
:10126000984208D9C01A90FBF2F0EBE7702802D937
:10127000C0100E38E6E70020704738B50D4604462A
:10128000F0F71EFE2B78002B08BF034684F8703061
:101290006B78002B08BF034684F871306B88A4F884
:1012A000723038BD022908B5034614D005D801298B
:1012B00009D0D8212920E7F77FFD03390129F8D883
:1012C00040F6A66008BD40F6C41040F2E242002B92
:1012D00008BF1046F6E740F6C410F3E7801AF4386A
:1012E00010B58842029C94BF091A491A2268012944
:1012F00002EB510294BF0020012022601A68A2EB89
:1013000051021A6010BD38B50C4600210546E8F7B9
:1013100097F9606018B100230020237038BD0221C6
:101320002846E8F78DF9606008B10123F4E7022050
:10133000F4E7436893F88C00C0B293F8B0302BB94F
:1013400000F0FB00003818BF0120704700207047F4
:1013500010B50C46FFF7D7FF38B92046FFF7E9FF75
:1013600080F001004000C0B210BD0220FCE770B563
:1013700004460D4641BB4FF43E72FDF7FDF80123D4
:1013800084F8E65084F896306FF0360384F8E13044
:10139000042384F8E2306FF03B0384F8E3306F23DA
:1013A00084F8E4306FF03C0384F8E5306FF07F039D
:1013B00084F8E7302B2384F8E030FE2384F81631DC
:1013C0007F2384F88B3070BD012911D10023A0F850
:1013D000DC3180F8D33140F6B833C269A0F8BC30B4
:1013E0001146C38C04F18000BDE87040F1F720BBCA
:1013F0000229E8D1B0F8CE32D0F8C822C169F1E7AD
:1014000070B504460D4641BB4FF42272FDF7B4F8A7
:10141000012384F8E65084F896306FF0360384F8A0
:10142000E130042384F8E2306FF03B0384F8E330CA
:101430006F2384F8E4306FF03C0384F8E5306FF0FC
:101440007F0384F8E7302B2384F8E030FE2384F810
:1014500016317F2384F88B3070BD01290CD140F602
:10146000B833C269A0F8BC301146C38C04F18000C7
:10147000BDE87040F1F7DCBA0229EDD1B0F8423294
:10148000D0F83C22C169F1E7C2B292FAA2F2030A93
:1014900093FAA3F31B0E100E40EA032070470131AC
:1014A00005300022C9B270B510F8013F8B4216D347
:1014B00010F8054C0023012505FA03F626421CBF4F
:1014C00001F1FF31C9B269B10133082BF4D1013206
:1014D000D2B2052AE8D19B214620E7F76DFCC91A54
:1014E000C9B2F4E703EBC200C0B270BD0B6870B5BF
:1014F000C0F8013004460B790546461D03F01F0372
:1015000043710023C37215F8010F00F027FD6871C5
:10151000B542E37A1844E072F5D170BD81EA114119
:1015200070B58CB20546C17A032682EA0400FFF743
:10153000ABFF013E00EB001016F0FF0604EB0002CB
:1015400090B2F4D144402522B4FBF2F302FB1343E2
:10155000C3F3C402D8B203F007032A445678012229
:1015600002FA03F31E4207D161432846C1F3074143
:10157000BDE87040FFF793BF70BDF8B590F82150FB
:1015800004466B1E242B03D9E1214620E7F714FC07
:10159000DAB1807D002843D194F8233094F82210EA
:1015A00002FB01322523B2FBF3F103FB1123DBB273
:1015B00004EBD30203F0070684F82330D17D012227
:1015C000B240114202D084F82430F8BDB3FBF5F2EA
:1015D00005FB123304F11B01013303F0FF0311F883
:1015E000012F9A4219D311F8055C0022012606FA50
:1015F00002F72F4208D0013B13F0FF0304D102EBA6
:10160000C00284F82420E0E70132082AEFD101303B
:10161000C0B20528E3D1D721B7E79B1ADBB2F6E7C2
:10162000E28804F11600096AFFF778FF84F82400C5
:10163000CBE7034612EA010003D013F03F0018BFC6
:101640000120704740787047D0F803300B60B0F845
:1016500007308B8070470378890123F0400301F045
:1016600040010B43037070470078C0F3801070474F
:10167000037803F07F0343EAC113037070470078D7
:10168000C00970471F2A38B50546144603D9C22140
:101690002A20E7F791FB06340930FDF719F86C7042
:1016A00038BD1F2A38B50546144603D9E4212A203F
:1016B000E7F782FB06340930FDF70AF86C7038BD95
:1016C0000378024603F00F03032B3ED0052B42D1D3
:1016D000C37F90F82000034392F82100034392F85F
:1016E0002200034392F8230000F01F00184333D078
:1016F0005378222B2FD1B2F81930B1B1B3F5506F16
:1017000013D940F607518B4225D8B2F81B30B3F5F8
:10171000FA7F20D2B2F81D0040F676430A3880B234
:1017200098428CBF002001207047991F40F67A40F4
:1017300089B281420FD8917D481E07280BD8994263
:1017400009D2B2F817109942DEE74078A0F10C03F5
:1017500058425841704700207047F8B5C7780D4689
:1017600017F03F0600F08780072900F28480DFE849
:1017700001F0040E172029323B440179012238463A
:10178000FFF757FF00280CBF00200520F8BD0179A6
:1017900002223846FFF74DFF0028F7D005245AE013
:1017A000017904223846FFF744FF0028EED00524D3
:1017B00048E0017908223846FFF73BFF0028E5D0D2
:1017C000052439E0017910223846FFF732FF00285E
:1017D000DCD0052429E0017920223846FFF729FFD3
:1017E0000028D3D02C4618E0017940223846FFF774
:1017F00020FF0028CAD0052406E00179402238469F
:10180000FFF717FF441DE4B220223846FFF711FF0F
:1018100000EBC00004EB4004E4B210223846FFF7AE
:1018200008FF00EB40000444E4B208223846FFF70A
:1018300000FF04EB4004E4B204223846FFF7F9FE4F
:101840000444E4B202223846FFF7F3FE00EB400006
:1018500004EB4004E4B201223846FFF7EAFE072D0C
:1018600000EB400004EB4000C0B28FD1031FB34235
:10187000C8BF00208AE7002088E770B50C460646FE
:1018800011461D4624B94FF43B712A20E7F794FA1C
:10189000FFF763FF10B940F2ED21F6E7031F2B4479
:1018A0003F2B02DD40F2EE21EFE72A46214630448D
:1018B000BDE87040FCF70CBF10B50446FFF74DFFC4
:1018C00000B1204410BDC07800F03F007047C378DD
:1018D00003F03F0343EA8113C370704730B5C1F38F
:1018E0008003C1F38014C1F340052344C1F3001405
:1018F00004EB44042344C1F3401404EBC40403EB9D
:101900004403C1F300042C44C1F3C005134404EBA9
:1019100044042C4403EB440313F0FF031CBF0133C6
:101920000171C17818BFDBB221F03F0103F03F0421
:101930002143C170591C41701AB104339B1A013AFA
:10194000C25430BD70B5C4780646154604F03F0455
:101950001319FE2B04DD40F24A312A20E7F72CFA56
:101960000135201D2C443044FCF7B2FE747070BD6C
:101970004378C278013B02F03F02981AC0B2704728
:10198000F8B50D46194617460646FFF7F1FF441A0B
:10199000E4B2BC4228BF3C464DB1F278284602F082
:1019A0003F020432114422463144FCF791FE2046A6
:1019B000F8BD2DE9F047C678012201793046FFF7DE
:1019C00038FE022205463046FFF733FE20228246CB
:1019D0003046FFF72EFE082207463046FFF729FE65
:1019E000102281463046FFF724FE0422044630468A
:1019F000FFF71FFE402280463046FFF71AFE05EB38
:101A00000A0307EBC707804404EB4404B94403EB23
:101A1000430304EB08004B4400EB430010F0FF00CD
:101A20001CBF0130C0B2BDE8F08738B5C5780446A8
:101A3000AB09032B1ED005F03F054378AB4219D903
:101A4000FFF7B7FFA84215D895B12379DB060FD56C
:101A500004212046FFF730FF48B1037803F03F032D
:101A6000242B07D880785F288CBF0020012038BD48
:101A70000120FCE70020FAE70278437802F00F0229
:101A8000072A12D8DFE802F0080408111111080E25
:101A90000C3B584258417047063B1F2B8CBF00201F
:101AA000012070470BB1FFF7C0BF002070470278DC
:101AB00002F00F02072A0AD0082A0AD0042A0ED1FF
:101AC000407806381F288CBF002001207047FFF7A0
:101AD000ACBF4078A0F10E03584258417047002037
:101AE00070471B2A08B504D940F221412A20E7F7A4
:101AF00063F9BDE80840FCF7EBBD8388A1B1B3F5FD
:101B0000506F11D940F6075293421CD8C388B3F5E1
:101B1000FA7F18D2008940F676430A3880B298429C
:101B20008CBF0020012070479A1F40F67A4192B284
:101B30008A4208D84278511E072904D89A4202D214
:101B400042889A42E1E700207047013001F120030A
:101B500051F8042B994240F8042BF9D10B880380EB
:101B6000704738B515460446FFF7EFFF2B68C4F8F9
:101B700023306B68C4F8273038BD437837B5C3F3DA
:101B800001120446032A03D8DFE802F0050E1D0502
:101B9000002003B030BD057803F00F000023009350
:101BA0000221231D628807E0057803F00F0000235F
:101BB00001210093231D628845EA0020F0F7A6FF6B
:101BC00060B10120E5E7F0F777F903685B05DFD541
:101BD00060780123257800F00F00E0E7F1F7B6F90F
:101BE000EFE702230B7001238B707047F1F766B8A3
:101BF00010B521B94FF42A711020E7F7DDF84A60DB
:101C00000B72EFF3108472B6031D0B6042681AB1B9
:101C1000127A012A08BF036003681960016004B9E1
:101C200062B6BDE81040F1F793B80222F1F77CB933
:101C30000322F1F779B90422F1F776B90222F1F71C
:101C4000B7B90322F1F7B4B914230B706FF4A5737D
:101C500018440388A1F80330B0F84830A1F80530E3
:101C6000B0F84C30A1F80730B0F84A30A1F809308C
:101C7000B0F84E30A1F80B30704708B5CB1E012BE1
:101C800004D8800100F5747080B208BD012902D12A
:101C90000E30C000F8E7022902D10F308000F3E7D0
:101CA00040F245210620E7F787F830B587B00446B3
:101CB0000D46EEF769FD90B3A4F5AA746946248831
:101CC0002046FEF7FFF820B140F20D112C20E7F777
:101CD00073F8BDF8063003A8ADF80C40ADF80E302F
:101CE000BDF80830ADF81030BDF80230ADF8123054
:101CF000BDF80430ADF81430FEF7C2F810B14FF45F
:101D00008B71E3E7ADF80C009DF80C30002063F315
:101D100007009DF80D3063F30F2007B030BD2B4650
:101D2000312203F8032BD4F80920C5F80320D4F896
:101D30000D205A60B4F811201A810423ADF80C303C
:101D4000E2E740687047033901298CBFC08A4FF42D
:101D50002960704770B590F874608D88033E0C89D7
:101D6000012E04D943B11678033E012E04D8B5F5EF
:101D7000296F38BF4FF4296590F87560033E012E36
:101D800004D943B15378033B012B04D8B4F5296F30
:101D900038BF4FF42964CB884A88A0F86030A0F897
:101DA0005C20A0F85E50A0F8624070BD8383BDF84F
:101DB000003001834283C38370471B2200294FF008
:101DC0001B110CBF4FF4A4734FF429638284028467
:101DD000028502F1A472C160C3844384C3838383F8
:101DE00043820382C0E90521704738B5CB1E044603
:101DF000012B10D9C58B438C9D4228BF1D46207AEC
:101E0000FFF73BFF6389AB4228BF2B46984238BFA0
:101E1000184680B238BD4FF42965F0E72DE9F84344
:101E2000994607460D46808919461446FFF725FF57
:101E300006469DF8208049463846FFF7D6FF864281
:101E40004146A8F1030828BF0646B88AFFF715FFE8
:101E5000B8F1010F0346B6B28CBFFA8A4FF429627B
:101E6000904204F1060028BF134628449BB2334435
:101E70001844BDE8F8830346028F13B53C3049B9D6
:101E8000D98E93F87540009493F87430FFF7C6FF2D
:101E900002B010BD998EF4E770B50C461546194690
:101EA0004BB9868EFFF7E7FF28443044A04294BF29
:101EB000201A002070BDC68EF4E738B50D461146D5
:101EC0000446FFF7D8FF2844206438BD01F19C0385
:101ED00083423DBF9C38401A4008002070470028CC
:101EE00003DB884204DB08B202E049428142FADCAB
:101EF000704700F05533400800F05530034403F0BC
:101F000033329B0803F033331A4402F00F331209C3
:101F100002F00F32134403F0FF101B0A03F0FF130B
:101F2000184400EB1040C0B2704745F2555200EA29
:101F3000020302EA5002981843F2333300EA030224
:101F400003EA90031A4440F60F7302EA030003EA1F
:101F50001213184400EB1020C0B2704700F0550374
:101F6000400800F05500034403F033009B0803F0E1
:101F70003303034403F00F0000EB1310704780EAB3
:101F80006000FFF7B6BF40F34E039BB25840FFF727
:101F9000CCBF32280CD006D8162818BF012894BF11
:101FA000012000207047A0F13E035842584170477D
:101FB0000120704708B50246FFF7EBFF40B1084625
:101FC000FFF7E7FF20B18A420CBF23202A2008BD7B
:101FD0008A420CD1A2F13003DBB20B2B07D840F6BA
:101FE000210020FA03F3DB070CD52320EFE73E297D
:101FF00001D1262A0ED03E2A04D126290CBF2A2040
:102000000020E4E73B2901D11F2AF7E73B2A03D14F
:102010001F29F3E72A20DAE70020D8E743680022E7
:1020200083F88D2083F8CA20A3F8C6207047037870
:1020300042682BB9A2F8CC30012382F8CE30704729
:102040000023A2F8CC3092F8CE3001335BB2F4E733
:1020500008B50378426813B982F8CE3008BD92F80B
:10206000CE30013B5BB2002B82F8CE30F6DA522143
:102070004A20E6F7A1FE436883F8131183F8122182
:102080007047A0F10B03042B0CD9A0F14803012BDE
:1020900008D9A0F12503332818BF062B94BF0120CF
:1020A00000207047012070474268D2F8803010B598
:1020B00013F0080409D143F0080382F81011C2F8A4
:1020C0008030FFF7B4FF204610BD0120FCE74368D5
:1020D00010B593F88E404CB90A7883F8102103228A
:1020E00083F88E20FFF7A3FF204610BD0124FBE7F5
:1020F000C26941F64B539A4296BF4AF6C87306230B
:10210000B3FBF2F3828C408E1344584380B2704785
:102110004368002093F88F20073A012A81BF4A784C
:1021200083F89020072283F88F207047426892F846
:102130008F30073B012B84BF082382F88F30704714
:10214000426870B592F88E50F5B9CB88B2F88660C7
:10215000A2F8C032013B9B1B47F6FD769BB2B3420F
:1021600006D9282382F8B130F1F77CFB284670BDF0
:10217000D1F80130C2F8C2324B7982F8C6320B2254
:10218000436883F88E20F1E70125EFE708B543683F
:1021900093F88D201AB12B215520E6F70DFE0C2265
:1021A00083F88D2008BD2DE9F74F064689469046F5
:1021B0000193FFF79DFFD6F8E47104465FB9002351
:1021C000C8F80030B6F8863023449CB2019B1C80CE
:1021D00003B0BDE8F08FF1F799FE0028EFD1D6F8F3
:1021E0001CC0D6E972320CFB04FE1EEB030ED7E9CD
:1021F000021342F100020B44D7E900155B1845F1C8
:102200000005734575EB020114D2BEEB03016FF0BC
:10221000010B62EB050A8B4570EB0A0A03D23921E8
:102220005620E6F7C9FD3869471E3944B1FBF0F185
:10223000E0FB0135B3EB0E0365EB02056FF0010225
:102240009A424FF00002AA4101D24421E8E7B3FBD1
:10225000F9F209FB1233B3FBFCF291B20CFB113320
:10226000C8F80030B6F886301C441444A4B2ADE778
:102270000B46082203F8032BD0F80920C1F80320ED
:10228000D0F80D205A60427C1A720023CB70704740
:10229000436870B593F88E5006460C46002D5BD10E
:1022A00093F87D102046FFF728FC014628B92178D5
:1022B0003046BDE87040FFF7F7BE72686389B2F838
:1022C0008600A2F8C032013B1B1A47F6FD709BB294
:1022D000834207D92823304682F8B130F1F7C2FA99
:1022E000284670BDA3886FF450601818062895BF63
:1022F000A3F5506340F2E2414FF47A704B438CBF38
:1023000029464343C2F8C8326378C9B103EB83035B
:1023100003EB83039B00A2F8C2326388C9B1642136
:102320004B43C2F8C432E388A2F8CC322389A2F826
:10233000CE32002382F8D4320E2382F88E30CFE7DB
:10234000C3EB431003EB800303EB83035B009BB2FF
:10235000E1E740F2E241E3E70125C1E708B5436860
:1023600093F88D201AB198215620E6F725FD0E220C
:1023700083F88D2008BD37B50C46B1F80510054629
:102380001A291CD9B4F80730B3F5A47F17D3B4F8D1
:1023900001201A2A13D9B4F80300B0F5A47F0ED394
:1023A0006C68009004F13C00FFF700FD696820466E
:1023B00001F24B11F0F708FE012003B030BD002000
:1023C000FBE708B5436893F88D201AB12621A320B6
:1023D000E6F7F2FC222283F88D2008BD38B5456867
:1023E000044695F88D30223B022B0CD8FFF7C3FF33
:1023F00018B104216068F6F713F9002085F8CA00C7
:1024000085F88D0038BD0120FCE7F7B5044640682B
:1024100090F88E50002D42D1B1F805601A2E04D9E3
:10242000B1F80730B3F5A47F05D2204603B0BDE86C
:10243000F040FFF74CBEB1F801701A2FF5D9B1F892
:1024400003C0BCF5A47FF0D33A4631463C30CDF80A
:1024500000C0FFF7ABFC636893F88D20222A09D1F6
:102460006368242283F88E202046FFF7E0FD28468B
:1024700003B0F0BD93F82331002BF1D1636893F8DA
:102480002231002BECD162682323114682F88E3072
:1024900002F5AA7231F83C0BF0F7FCFDE4E70125E8
:1024A000E5E74368002210B5044683F88E20A3F8C0
:1024B000CC20FFF7CDFD60680421BDE81040F6F7A1
:1024C000AFB838B54568044695F88D30223B022BED
:1024D0000CD8FFF750FF18B106216068F2F76CFCCA
:1024E000002085F8CA0085F88D0038BD0120FCE782
:1024F0004268D2F88030D90610B5044603D4B4211E
:10250000A320E6F759FC990601D5B521F8E723F099
:102510001003C2F88030FFF79BFD60680621BDE81C
:102520001040F2F749BC0B230B70D0F80930C1F80A
:10253000023070470B460C2203F8022BB0F809203A
:102540004A80C27A9A70704710B50446406890F885
:102550008D301B2B14D100F1F80200F51471052306
:1025600000F51870FBF756FE636801220020002179
:1025700083F892201E22C3E93A0183F88D2010BD12
:102580000220FCE7436893F88D20152A11D1D1F879
:102590000120C3F85822D1F80520C3F85C22436813
:1025A0000020D1F80920C3F80C211B2283F88D20CC
:1025B000704702207047436893F88D20112A05BFA9
:1025C00000201422022083F8920008BF83F88D2097
:1025D000704708B5436893F88D20142A04D040F260
:1025E00045111F20E6F7E8FB012283F8D0201322D3
:1025F00083F88D2008BD38B54368054693F88E40B2
:1026000034B1123C0F2C8CBF01240824204638BD65
:1026100093F89320002AF9D0D3F81C3133B9FFF78F
:1026200006FD6B68122283F88E20EFE70C220A2148
:10263000FFF721FD6B683622284683F88E20FFF7CE
:10264000F6FCE3E708B5436893F88E20172A04D018
:102650004FF4FE711F20E6F7AFFB012283F8CF2075
:10266000192283F88E2008BD436893F88E20132A20
:1026700005BF14220020022083F88E207047436893
:1026800010B593F88E3004461D2B07D1FFF7E0FC00
:1026900063682122002083F88E2010BD0220FCE711
:1026A00008B5436893F88E20122A04D040F22721FF
:1026B0001F20E6F781FB012283F8CF20132283F845
:1026C0008E2008BD08B5436893F88E20192A04D0DF
:1026D00040F22F211F20E6F76FFB1D2283F88E208A
:1026E00008BD08B5436893F88D201E2A04D04FF426
:1026F00021711F20E6F760FB202283F88D2008BDA2
:1027000008B5436893F88D2022B140F28A211F203A
:10271000E6F752FB012283F8CF20112283F88D20A7
:1027200008BD08B5436893F88D203AB193F8D020DE
:1027300022B940F291211F20E6F73EFB012283F8E7
:10274000CF20152283F88D2008BD0B46072203F801
:10275000032BD0F80920C1F80320D0F80D205A60CF
:10276000B0F811201A81C27C9A72704708B543688C
:1027700093F88D201AB1CD211C20E6F71DFB042211
:1027800083F88D2008BD08B5027843683AB983F80C
:102790008E20A3F8CC20BDE80840FFF759BCD3F841
:1027A0008020D10703D4DB211C20E6F705FB22F0B3
:1027B0000102C3F88020EEE70E23A0F5A1700B7094
:1027C00003884B8070474368017893F88D2061B986
:1027D000052A08BF00224FF0000002BF83F8BE2088
:1027E00083F8CA2083F88D207047102AF1E738B5A6
:1027F0000578446855B994F88E305BB9FFF717FC3B
:1028000055B9022384F88E30002038BDD4F88030CA
:102810005B07F3D50120F8E7D4F8803043F00403D8
:10282000C4F88030F0E7037833B14268D2F88030E2
:1028300023F00403C2F88030FFF70ABC08B54368F0
:1028400093F88D201AB172214B20E6F7B5FA027881
:10285000002A14BF1022052283F88D2008BD10B570
:10286000D0E90D42A24206D38B8C121B498E053350
:102870004B43934202D3012380F83E3010BD012325
:102880000B7000238B7030F8D23CA1F80330437AF0
:102890004B714389CB8083890B81704710B54468A5
:1028A00094F8D12092070ED494F88D301BB1772183
:1028B0004020E6F781FA0122A4F8C63084F88D2082
:1028C00084F8CA2010BD037843B994F88E300BB950
:1028D000FFF7BEFB002384F83231F3E7D4F88030F1
:1028E0009B07F7D5FFF7B4FBD4F8803023F0020341
:1028F000C4F88030EEE710B50B7901284C790A68EE
:1029000043EA0421104608BF41F4803110BD07B5E9
:10291000FFF7F1FF0DF10702F1F738FA03B05DF8A8
:1029200004FB90F838300BB90020704790F838302D
:10293000012BF9D090F83800073818BF01207047F4
:1029400090F83830012BDAB201D0FFF7EABF104619
:102950007047002307B501A80193F8F7FFFE01981F
:1029600010F0030018BF012003B05DF804FB10B5A0
:10297000FFF7EFFF002814BF14240024FBF746FFE5
:10298000404200F01400204410BD30B585B015461B
:10299000089BC01A099B61EB0304002C214602DA54
:1029A000404264EB440103AB2A46009302ABFBF7C1
:1029B00027FD002C039801DA00B1281A05B030BDBC
:1029C00038B50546F8F70AFC00F55F434FF47A7214
:1029D000033D4133B3FBF2F4FFF7C9FF012D00F1D2
:1029E000FB038CBF002028202344184438BD10B5B9
:1029F000044690F87500FFF7E3FF012201462046E8
:102A0000BDE81040FFF759BA002313B51A4680F805
:102A10008C30A0F87832194600930446F1F70EFC8A
:102A200020B140F2E9113020E6F7C6F90123C4F8DD
:102A30000002C4F8F80184F88C30A4F81602A4F857
:102A4000140284F81902B4F88630A4F87A02013B23
:102A5000A4F8863002B010BDF8B50D460023D0F8BA
:102A60003811044680F83C31D0E95A6781F8D62104
:102A700080F878310121D0F83801FEF778FCD4F8DD
:102A80003801C0E99867C0F87C52C0E99C67FFF73D
:102A9000BBFFF7F72DFFBDE8F840FAF70FBCD0F801
:102AA0003801704738B5044690F878319BB1FF2360
:102AB00080F88031012100F051FB94F8783153B156
:102AC00004F588752846FAF789FC2846FAF7C0FC11
:102AD000002384F87831002038BD08B590F88021B3
:102AE00042B990F83C2142B1D0E95031994202D923
:102AF000F4F75AF90022104608BD0122FBE710B591
:102B00000446FFF734FF00F21321E269E36B9A42B7
:102B100028BF1A461046FFF7D9F9B0F5296F28BF2C
:102B20004FF4296080B210BD012A70B506460D46EB
:102B300014460BD0022A0ED08AB9F7F757FB22466B
:102B400001462846BDE87040FFF786BFF7F74EFB09
:102B5000C6F87C0270BD0122D0F87C12F1E740F289
:102B6000CB713020E6F728F970B5044621B1012970
:102B700078D040F2DB7172E000F070FA94F87931AD
:102B800005460E46DBB150EA010318D0D4E95232B3
:102B9000D4E95A01C01A334661EB02012A46FBF719
:102BA0003BFC05FB01F300FB0633A5FB00021344CD
:102BB000D4E95221121843EB0103C4E95223E08CFB
:102BC00030B1F0F787FAE38CB0FBF3F202FB1300AD
:102BD000D4E95232ED184FF0000346EB02062D18EF
:102BE00040F2024284F8583146F1000684F8793107
:102BF000A4F86021C4E95256C4E95A5694F88031C9
:102C000003F0FF01DBB96FF00043D4E95C029A42A4
:102C100008BFB0F1FF3F18D02046D4E95A5600F063
:102C2000CEF9F630D4E95C325B1B62EB06021B1A6C
:102C300062F10002002A08DA2046F4F7B5F8F7F747
:102C400057FEBDE87040FAF739BB04F5AC7104F5E6
:102C50008870FAF751FB0028F1D14FF4E161302080
:102C6000E6F7AAF8002380F83C31E8E790F878010D
:102C7000003818BF012070470B46062203F8032BCB
:102C8000B0F80920A1F80320C27A9A7070470B4669
:102C9000172203F8032BD0F80920C1F80320D0F83D
:102CA0000D205A607047352301F8033B00F10903FA
:102CB000293053F8042B834241F8042BF9D11B88A7
:102CC0000B8070478B88F7B513F0180506460C4645
:102CD0001FD1086820B940F2EA312D20E6F76CF8E0
:102CE00000F0CCFA217CF2F723F9677CA388014637
:102CF0003A46304600932B46F2F738F9CC30D4E907
:102D00000223824273F100032CBF0120002003B094
:102D1000F0BD0120FBE738B513220B460C4603F843
:102D2000032B00F10902293052F8041B824243F8B8
:102D3000041BF9D1127802211A700123A588A3710E
:102D40002846E6F77DFC58B1E3784BB102212846CE
:102D5000E6F78CFC20B140F233212D20E6F72CF869
:102D600038BD10B50446F0F7B5F982B204F1690137
:102D700004F13600FEF7D2FB84F8440010BD37B5ED
:102D800004460D46FFF7EDFF01222B4661792046F0
:102D900003B0BDE83040F2F759BA70B504460D46AD
:102DA000963019461646FEF7A1FB84F8745084F855
:102DB0007550FF2384F87630E91E04F13C000129A8
:102DC0008CBF00210121FEF7F8FF31462046EFF7C6
:102DD00017FE94F87E30002B14BF4D239623E38614
:102DE000A3860023238770BD38B5CB6904461046FF
:102DF00041F27072A3F57A75954295BF4FF47A72DD
:102E000040F2E242B3FBF2F3B3FBF2F398BF03F5F7
:102E1000506304F1A0029BB2A4F8AC308B8CA4F8F0
:102E2000AE30CB8CA4F8B03091F87F3084F8B2305B
:102E3000637F63B394F86830012B28D194F86E3027
:102E400003F0C003402B22D1D4F86930C4F8A0307D
:102E5000B4F86D3093800828236A04F1A6019A78AB
:102E600003F1030584F8992004F19A02D3F80330A2
:102E700018D0C4F8A630AB888B8004F19901EFF725
:102E80004DFC40B94FF43E612D20E5F795FF00233E
:102E9000C4F8A030DEE794F8993043F0020384F8D8
:102EA000993038BDC4F89A30AB8893800023C4F8B9
:102EB000A6308B80F5E70B46162210B503F8032BDE
:102EC000D0F80920C1F80320427B1A71CB78A3B156
:102ED00030F8B43C1B0710D4B1F80540022120465D
:102EE000E6F7AEFB48B102212046E6F7BFFB20B172
:102EF00040F276212D20E5F75FFF10BD0121F2F7AA
:102F00004FBDFFF7FBBF08B590F894300BB101201F
:102F100008BD90F8CC30002BF9D190F8BE3003F00A
:102F2000FF00002BF4D0EEF783FF80F00100C0B269
:102F3000EEE730B54FF4C47285B00D46002104466B
:102F4000FBF71AFBFF2323701323638042F21073F5
:102F5000E384E6F781FC00220146E0646846E6F778
:102F6000C1FC00220121E06CFCF7ADF90422E16C08
:102F70006846E6F7B7FC0022E06C1146FCF7A3F9BF
:102F800004F13000E57400F029F902A8EFF778FDAC
:102F900020B94FF449712D20E5F70EFF02A904F185
:102FA0003600FEF7A3FA05B030BDFF23C86C0B70E6
:102FB000FCF756B90078FF3818BF01207047F7B505
:102FC000044630300E4600F059F961880746CA06BB
:102FD00005D52822F3F730FF8C3003B0F0BD8B0706
:102FE000E06C0FD5FCF711FA217905463846F1F768
:102FF0009FFF638801462846009333466279F1F7C4
:10300000B5FFE9E7FCF7F1F9EEE74388092B10B5C6
:10301000044607D1F3F792FB20460121BDE810409A
:10302000F3F7D2BA10BD034608465A8812F0180FBB
:1030300030B587B010D103F13001ADF80420D3E9E9
:1030400002459B8800916946ADF81030CDE90245F4
:10305000FFF738FE07B030BD0120FBE7D0E90201E1
:103060007047007D003818BF012070470B68C0F81A
:1030700016308B884383012303777047438813F00E
:10308000100005D013F0040F14BF00201F2070475C
:103090009A0704D4DB0701D4E6F70CBCEE20704796
:1030A00008B5FFF7EBFF003818BF012008BD4FF44B
:1030B0000043A0F8483043881D2B08BF002141740D
:1030C0007047C174704790F913007047408800F052
:1030D000010070478078C0F3400070478078C0F3EB
:1030E000C000704710B54488C06CE30654BFC4F3F9
:1030F00040040024FCF770F984F001042043C0B2BE
:1031000010BD8078C0F3001070474088A0F109031B
:103110005842584170474079C31E012B05D8B1F879
:103120007230012B14BF04200320704710B50446F1
:10313000EFF7D0FFC0F30B00A042F9D010BD90F81C
:10314000683001624B72D0F86930C1F80A30B0F8CB
:103150006D30CB8170477047F2F73EBB80F8881026
:103160007047FF2380F88B30704780F8241080F878
:10317000252070478278034612F0010002D0D978EA
:10318000C90710D5900702D5D97889070AD512F05A
:10319000040008D0D878C0F3800080F001008000DF
:1031A000C0B2704702207047C0F34002C0F38003F2
:1031B00000F00100134418447047022808B507D0F6
:1031C000042807D0012807D039212E20E5F7F4FD87
:1031D000262008BD2720FCE72520FAE70023C0F8B9
:1031E000023001234370037070478170704710B53F
:1031F0004270144601708078FFF7D6FF484304FB05
:1032000000F2FE2A03DD5C212E20E5F7D5FD10BD7E
:103210000023C37043710371704710B50446FFF774
:10322000A9FF637962780133DBB29A4263710CD1F2
:10323000E3780022A17803436271DBB29942E37024
:1032400001BF2379E27001332371BDE81040FFF71D
:10325000B4BF38B504468078FFF7A6FF0146E07892
:10326000FFF7A2FF2378227965789B1A6B435943B5
:103270006379C91A00FB1510C0B238BD014608B504
:103280008078FFF791FF4A780B7853435843C0B2D8
:1032900008BD08B5427903462AB1FFF76BFFBDE8C8
:1032A0000840FFF78ABFC07881070BD410F00100F7
:1032B000F5D19B785A0707D413F0020F14BF0220F0
:1032C0000120ECE70220EAE70420E8E7042806D121
:1032D000920102F53472803201FB02F0704703283C
:1032E00003D1120102F5E772F5E702280BBF0B329A
:1032F0000A329200D200EEE740F2EF20704740F22F
:103300005A335843704708B590F81631FE2B04D055
:1033100040F624113120E5F74FFD002380F8161107
:1033200080F8173112B9A0F8CC2008BDA0F8C6303B
:10333000012380F8CA30F8E708B5436893F88E2077
:10334000192A04D040F27A513120E5F735FD1F22C9
:1033500083F88E2008BD08B5436893F88E20362A7E
:1033600006D1002283F88E20BDE80840FEF770BE2B
:10337000192A03D11F2283F88E2008BD40F28F51F5
:103380003120E5F719FDC37C63B9837BA3F11102FA
:10339000032A07D990F8500028B1212B8CBF0020B8
:1033A0000120704701207047C37C63B9437BA3F1C0
:1033B0001102032A07D990F8500028B1212B8CBFA5
:1033C00000200120704701207047436810B593F832
:1033D0008D2093F818110A2A09D193F811218A42F5
:1033E00005D1002283F88D2083F8CA2010BDD3F8C0
:1033F000802012F0080407D022F00802BDE8104037
:10340000C3F88020FEF724BEFF2905D1382283F8B7
:10341000B44283F88D20E9E740F274513120E5F79A
:10342000CBFC38B50E38536814460D4693F88D2002
:10343000092840D8DFE800F0053F3F3F0F3F183F25
:103440003F27042A05D12046FEF7E8FD2046F0F785
:10345000C3FB002038BD102AFBD1002220461146B4
:10346000BDE83840FFF7AFB9222AF2D12046FEF777
:10347000D5FD002DEDD0626892F8E03023F02003F6
:1034800082F8E030E5E793F88E20282AE1D1002584
:10349000204683F88E50FEF7DBFD636893F82C31ED
:1034A000012B03D129462046EEF738FD6368002240
:1034B00083F82C21CDE740F26E213120E5F77CFC2A
:1034C00002464068497890F88D30222B16D00DD8EE
:1034D000042B15D0102B15D090F88E00282815D06D
:1034E000342B0CBF2620FE20F3F798BE2D2B0BD0DB
:1034F000332B01D0262BEFD11620F5E71420F3E76C
:103500000E20F1E71220EFE72320EDE71720EBE78D
:10351000024640680B4690F8E01041F0040180F844
:10352000E01099785878F3F779BE38B50C4605461F
:10353000D1E90501E6F734F994F88C303BB104F594
:1035400008742046F9F74AFF2046F9F781FF0D215C
:103550002846E6F78BF80E212846E6F787F8102173
:103560002846E6F783F80F212846E6F77FF8112171
:103570002846E6F77BF828461221BDE83840E6F7F2
:1035800075B8002280F88D2080F88E2080F8912078
:1035900090F8D33113B10221F1F70EBC0321FBE700
:1035A00038B50446084694F8B03213B10C252846C5
:1035B00038BD94F88E30172B01D0192BF6D194F822
:1035C000E03203F0FF05002BF0D190B194F8EE311A
:1035D00023B940F604313120E5F7EEFB052304F171
:1035E000F80204F5EF71FAF715FE012384F8B03202
:1035F000DDE70223FAE7EFF7DBBE10B5044690F8EB
:10360000751090F87400F4F725FE0022014620465C
:10361000BDE81040FEF751BC10B586B00446134615
:103620000A4601466846F4F733FE694604F5F87029
:10363000F9F762FE20B94FF434713520E5F7BCFB91
:10364000B4F886300133A4F8863006B010BDF4F724
:10365000DBBDC0F8D011704710B50446FFF787F9FD
:1036600000F5E671E269E36B9A4228BF1A461046FC
:10367000FEF72CFCB0F5296F28BF4FF4296080B20B
:1036800010BD10B5044686B020B94FF4C371352083
:10369000E5F792FB90F88C2002F0FF0312B140F2A4
:1036A0008711F4E7014601226846F4F7F1FD694607
:1036B00004F5F870F9F720FE10B940F28B11E6E737
:1036C00006B010BD436893F818212AB1002283F890
:1036D0008D2083F8CA20704783F88E20FEF7B8BC8F
:1036E000436893F88D20032A05D1002283F8CA206D
:1036F00083F88D207047FEF7ABBCA1F11303012BBB
:103700000AD910B91A2902D87047132906D92029D5
:103710008CBF0020012070470120704700207047B7
:1037200038B5142853680D46144693F88D300CD0E4
:1037300016281AD0122831D1052B14D10022204688
:103740001146BDE83840FFF73EB8223B022B0AD8AD
:103750001046FEF763FC35B1626892F8E03023F062
:10376000200382F8E030002038BD252BFBD1104625
:10377000FEF754FC6DB1626892F8E13023F001036A
:1037800082F8E130626892F8E13023F0080382F8B1
:10379000E1301A212046EEF7C1FBE4E740F2654133
:1037A0003620E5F709FB43680246497893F88D30E7
:1037B000A3F1110010280BD92D2B0BD0222B0BD0ED
:1037C000052B0BD0252B0CBF1620FE20F5F754B986
:1037D0000320FBE72320F9E71420F7E71220F5E7A1
:1037E000024640680B4690F8E01041F0040180F872
:1037F000E01099785878F5F73FB970B50C46054652
:10380000D1E90501E5F7CCFF94F88C303BB104F524
:10381000F8763046F9F7E2FD3046F9F719FE04F57F
:10382000E4742046F0F78AFB10B12046F0F794FBD1
:103830000D212846E5F71AFF0E212846E5F716FF69
:1038400010212846E5F712FF0F212846E5F70EFF65
:1038500011212846E5F70AFF28461221BDE87040ED
:10386000E5F704BF00207047EFF79EBCEFF75CBDA3
:10387000EFF786BD70B5468E014690F89120B600F0
:10388000B0F8C03012BBC3F106039D1B91F8BE30E7
:103890001BB191F88D30052B1DD101F18000FFF790
:1038A00083FDD0B1D1E92D34E41AA41BAC420888C1
:1038B000A8BF2C4600F05FF820B1C389043B9C42AE
:1038C000B8BF1C4624EAE47080B270BDB0F8C250A4
:1038D000ED1AAD1BDAE70024E8E72C46E6E770B501
:1038E0000D4604210646E5F7ABFE044648B906211D
:1038F0003046E5F7A5FE20B115B190F8E53003B9E3
:103900000446204670BDC173704790F83C00A0F19A
:10391000FF0358425841704780F83610704790F9BD
:103920003600704780F8D910704790F9D900704779
:1039300008B5F6F7CDFDBDE80840F5F7D1BF1D236A
:1039400010B504460370EEF7E1FA6070022010BD76
:103950001E2310B504460370EEF7D8FA60700220FB
:1039600010BD01234380038000238380C3804FF474
:103970004863038170470E21E5F762BE73B569465F
:103980000546FDF7C0FC044618B121215420E5F797
:1039900013FA2846019EFFF7EEFF28B10123738634
:1039A000848144810482C48102B070BD3C230380C1
:1039B0004FF4FA4343800123C380838000230381B3
:1039C00043814FF448638381704700F038B8801A10
:1039D00000F3070038B50D46144659B240B2F7F768
:1039E00071FF0023287020446B7040B238BD002363
:1039F000036070477047002070474FF0FF307047FA
:103A00004FF0FF30704770474FF0FF307047002095
:103A10007047002070470023037070479DF8003006
:103A20000022FFF7D4BF4FF0FF30704700207047EF
:103A30004FF0FF3070474FF0FF30704770477047CE
:103A40000020F7F775BF0020F7F7F2BF0020F8F766
:103A50001DB80020F7F76CBF704770B50024FAF767
:103A600017FA05462646E0B2854200D870BDFAF73F
:103A700015FA0134068580F82A60F4E7F8B5037971
:103A800004461BB11B219D20FAF78EFA467901717D
:103A900026B901234371217909B96171F8BD2768FD
:103AA00020462671B84702280546F4D10321204656
:103AB000B84708B12F21E6E72368294620469847F2
:103AC0000028E8D03021DEE703460068884204D1B0
:103AD00009B10A681A600846704728B970478842D9
:103AE00002D10A681A60F6E7034600680028F6D19A
:103AF0007047FAF71BBC704720BF704700280CBF07
:103B00006FF01500002070470020704707230370F6
:103B100000207047002070470020704710F8012BEC
:103B200011F8013B012A28BF9A42F7D0D01A7047FA
:103B300013B5CDE9000101460D4809F047FD00220B
:103B4000002369460B480BF0BFF8044668B1E32335
:103B5000094A0A490A4809F087FC2146094809F040
:103B600083FCE321044809F076FC02B010BD00BFDD
:103B7000106600210C020021D3F802010BF90201AA
:103B800014F9020131F90201014806F0D5BD00BF68
:103B90004002002138B5094D4FF0FF324FF0FF339E
:103BA000284606F03DFD044602F058FA10B12046C2
:103BB00001F0DAFF08F082F8EEE700BF740200219E
:103BC0002DE9FF47DFF80491414FDFF808814FF0FE
:103BD000FF324FF0FF33484602A906F0B5F904461C
:103BE00068B1F0233C4A3D493D4809F03DFC21467F
:103BF0003C4809F039FCF021374809F02CFC029CC4
:103C0000039E234613F8010B711E0228039128D04E
:103C1000052839D0012804D02146384609F0F0FCA7
:103C2000D5E7022902D821462948F7E7E278043E81
:103C30009642F8D10322CDE900324FF0FF324FF027
:103C4000FF3302F0D9F90546043405F10C0A504659
:103C500009F06EFF864229D9284601F085FF0299B6
:103C6000E2E70329DFD9B4F80320053E9642DAD112
:103C700004204FF0FF32CDE900304FF0FF3302F067
:103C8000BBF905340546E0E70329CCD9B4F8032095
:103C9000053EC2F30D029642C5D104221020CDE9A3
:103CA00000324FF0FF324FF0FF33E8E72146324653
:103CB000504609F045FF3846029909F0A1FC002D55
:103CC00085D0294640460BF021F880E70C02002100
:103CD0001066002174020021D3F802010BF90201E1
:103CE00014F9020155F9020108B50A4802F0C2F9B7
:103CF00070B9094809F02FFC002802DA10F1780F9A
:103D000006D1BDE80840054A0549034809F031BC21
:103D100008BD00BF5802002138F20201B0000021A6
:103D20001066002170B54FF0FF324FF0FF330D48A1
:103D300006F086FD0C4E0D4D4FF0FF324FF0FF3375
:103D4000304606F06DFC04462846228AE16809F0F8
:103D500024FC002803DB204601F006FFECE707F017
:103D6000ADFFF1E74002002158020021106600215A
:103D700070B50C46002934D002680B1F9B1AD90875
:103D800023F0070313445D88E8070DD4AF23154AD9
:103D90001549164809F068FB2146154809F064FBEF
:103DA000AF21104809F057FB104609F027FA0844E4
:103DB00032F83060801B81420BD0B723094A0D498D
:103DC0000A4809F051FB21460B4809F04DFBB72189
:103DD000E7E725F001055D801046BDE8704009F079
:103DE000CABA70BDA1F90201C4F9020114F90201B5
:103DF000D5F902010DFA020133FA0201B2F5802F62
:103E00002DE9F0410ED33C4940F213233B4A3C4894
:103E100009F02AFB3B4809F027FB40F21321374801
:103E200009F019FB042A0CD8374940F21A23334A07
:103E3000334809F019FB354809F016FB40F21A2106
:103E4000EDE7043ACD1D8E1825F0070526F007068C
:103E5000761B172E4FEAD6070CD82D4940F22323A4
:103E6000264A274809F000FB284809F0FDFA40F2ED
:103E70002321D4E7B7FA87F44FF00008C4F12002F9
:103E8000C4F12404A4000734E408631CBB420560A9
:103E9000AF60C5F80C800CD91E494FF40E73174A59
:103EA000174809F0E1FA194809F0DEFA4FF40E71EB
:103EB000B5E74146920005F110000BF082F863006F
:103EC00043F001036B803B1B05EBC4025900A5F8CE
:103ED00000805180AA1925F83440A2F80280AB5323
:103EE00005EBC7035A88214642F001025A80284652
:103EF000BDE8F04109F087B96FFA0201A1F90201AA
:103F000014F9020185FA02019CFA0201BDFA0201CC
:103F1000D6FA0201FFFA0201014B1B68184700BFE5
:103F2000CC00002130B585B004460D46102200219A
:103F300068460BF046F802238DF80230044B2A46FF
:103F400021466846019308F0E5FE05B030BD00BF8C
:103F5000193F020180B505460E461746984608F0FF
:103F600059F803460BF0CAF8DFF83C90044649F8CC
:103F70000030424639463046A8470C4B1B7873B98F
:103F80000B4940F246330B4A0B4809F06DFA0B48D7
:103F900009F06AFA40F24631064809F05CFA54F832
:103FA000090001F0DDF800BF08000000B56A00213B
:103FB00055FB02012AFB020114F9020168FB020110
:103FC0002DE9F84F0446A38B08461907154612D46D
:103FD000022803F0070165D1204609F052FA88B1A2
:103FE0000138042800F23781DFE810F05C00350169
:103FF0008200D400040101280CBF43F0100143F0FB
:104000002001A1831434204608F090FA002840F0E3
:104010009D819A494FF49A73994A9A4809F024FA73
:104020002146B1E003F00702501F01281ED80020EE
:10403000062A2768C4E9000014D13A4603E0E08B61
:104040000130E0831268002AF9D123F0070343F01E
:1040500002022046A28309F014FA90B342F0200233
:10406000A2832EE023F007039AB2F2E7042A33D1A9
:1040700023F007039AB22046A28309F002FA10B196
:1040800042F02002A283A38B03F00709894540F088
:10409000EC80A18BCA0640F1508121F01003A3836C
:1040A00001F00701D4F81880A38BB8F1000FB9DA3A
:1040B0000022276823F00703C4E9002243F001032C
:1040C000A383A38B03F00709894540F0CF80002F1D
:1040D000DFD00026B24644E06B4940F21B136B4A26
:1040E000684809F0C1F940F21B11684809F0B3F9BA
:1040F00049B167494FF4AB73644A624809F0B4F9B7
:104100004FF4AB71F1E723684BB9624940F25713A2
:104110005E4A5C4809F0A8F940F25711E5E72369C7
:104120001E684EB95C494FF4AD73584A554809F0C2
:104130009BF94FF4AD71D8E70F4688464FF006095A
:10414000A38B23F0070343F006039BB2A383A2686B
:10415000002A40F08D80002F40F08D80002E98D0F6
:10416000BA4643F0080304F1140B5846A38308F041
:10417000DDF9002840F09A8040494FF49A73404A94
:10418000404809F071F95946444809F06DF94FF477
:104190009A71ADE0022909D0414940F25D133B4AD2
:1041A000384809F061F940F25D119EE7E78B4FB1A5
:1041B0003C494FF4AF73354A324809F055F94FF492
:1041C000AF7192E723695E684EB9334940F26113DB
:1041D0002E4A2C4809F048F940F2611185E7A38B7B
:1041E000B84623F0070343F004039BB24FF00409E1
:1041F000A383ACE7012909D02B494FF4B273234ABA
:10420000204809F031F94FF4B2716EE723684BB9D9
:10421000204940F265131D4A1A4809F025F940F279
:10422000651162E723699E684EB91B494FF4B47368
:10423000164A144809F018F94FF4B47155E70027ED
:10424000A38BB84623F0070343F005039BB24FF05E
:104250000509A3837BE70C4940F26B130B4A09481D
:1042600009F002F940F26B113FE7002700266EE7E4
:104270004FF0010A75E7924673E700BF5DFC02014B
:1042800030FC020114F902011D0E03018AFB020138
:10429000AFFB0201BBFB0201DEFB020174FC020169
:1042A000F5FB02010BFC02011AFC020185F31188E7
:1042B000BFF36F8FBAF1000F1CD177BB16B1204648
:1042C0002549B047EFF31185402383F31288BFF3EC
:1042D0006F8F584608F01CF938BB88231F4A2049C5
:1042E000204809F0C1F859461F4809F0BDF8882157
:1042F0001A48FBE6A1680029DFD00D680029DCD050
:1043000043464A462046D1F804A0D0471DB12B6849
:1043100029461D46F2E72B46FAE7394643464A4608
:1043200020463F6809F0D9F8C7E7584608F014F965
:10433000A38B23F00803A383ABE68B067FF562AE65
:1043400021F02003A38301F0070145E685F31188DE
:10435000BFF36F8FBDE8F88F6D43020130FC02019F
:1043600089FC020114F902019EFC0201F8B5044621
:104370000D4600F11406EFF31187402383F31288F2
:10438000BFF36F8F304608F0C3F868B988230C4A32
:104390000C490D4809F068F831460C4809F064F8FA
:1043A0008821074809F057F8304608F0D5F8A5618C
:1043B0003A462046BDE8F8400121FFF701BE00BFA4
:1043C00030FC020189FC020114F902019EFC020189
:1043D0002DE9F04704460F4609F06FF8051E68DB2B
:1043E00004F11409EFF3118A402383F31288BFF319
:1043F0006F8F484608F08CF8804660B98823384AA9
:104400003849394809F030F84946384809F02CF85D
:104410008821334842E0484608F09EF84FF6FF7284
:10442000E38BA68B934206F0070645D0022E15D1EA
:1044300035460133E383484608F078F8002841D137
:104440004FF49A73264A2A49274809F00DF849463D
:10445000284809F009F84FF49A71DAE7062E13D8C4
:10446000DFE806F0092D1212090409006FF0850536
:104470004FF00008DFE700233B60636883B9C4E9BD
:10448000007786B13546F3E71B4917484FF4E473CC
:104490001A4A08F0E9FF4FF4E471184808F0DBFF0E
:1044A0001F606760EDE7524602212046FFF788FD56
:1044B00035462846BDE8F0876FF00A05D8E76FF06B
:1044C0000405D5E78AF31188BFF36F8FB8F1000FA9
:1044D000EFD0002332463946204608F0FEFFE8E7D9
:1044E00030FC020189FC020114F902019EFC020168
:1044F0005DFC020174FC02011AFC02018AFB02014C
:1045000008B54268034602F00302022A81600AD01D
:10451000032A4FF0000103D0012A0AD1596006E0B6
:104520001868596008BD186800225A6058B9002000
:10453000F8E7064906484523064A08F095FF452155
:10454000044808F088FF08F0C1FAF0E71D0E0301E7
:1045500014F90201B4FC020130B50C460E4985B0D5
:104560000291D0F8D4110546CDE9003100F1F001F7
:104570004FF0FF33204604F0B3FD50B9012384F817
:104580006C30D5F8D03123B1204605B0BDE83040BD
:10459000184705B030BD00BF25D7020138B50C461D
:1045A0001146054609F0C0F8034638B928460449C3
:1045B00009F0BAF803460020236038BD0120FBE76C
:1045C000AB0F03012DE9F04F0123814605694668D1
:1045D00089B005F55D77D7E8EF2F002A03D1C7E84A
:1045E000E13F0029F7D10CBF1A46002240F0B1800C
:1045F000B368B16A05F5F8781C1F104609F01BF97D
:1046000084426FD8013A00F09E80B2FA82F24FF0F5
:104610000044D44072682046073222F00302C5F8F5
:104620003C22B16A09F007F9C5F84002B36A404676
:104630006343033323F0030302EB4302230103EB41
:104640004403093323F0030303EBC403C5F8342206
:104650001A440832C5F830227368C5F83842C5F8E4
:104660002C323D4BC5E9AD63316800F0E5F90446F5
:10467000002835D1D9F810B0D9F804A0D9F8003005
:104680000BF53479CDE9060005934846DAE907349D
:10469000012B08BF103C06F02DFCDAF824002F494E
:1046A00005AB01EB80214FF480624846009323461E
:1046B00006F03AFC2A490BF5307006F0ADFADAE95B
:1046C000050183685C684CB15B46264AA0470446F6
:1046D00030B9DAE9050183681B692BB96FF057041B
:1046E000002129E0013288E701229847044600288A
:1046F000F6D11D4B2846C5F8D0311C4BC5F8D43136
:104700001B4B0393D5F840320293D5F83C32CDE9E8
:10471000008305F51173B26AD5F8701300F054F9EF
:1047200004460028DCD105F1F00004F07FFD0028EC
:10473000C5F878030ADB0221384609F029F820463B
:1047400009B0BDE8F08F6FF00B04C9E76FF01504F6
:10475000C6E76FF07704F2E77BD70201B872002159
:1047600061D7020155D70201754702010DD9020137
:10477000C1D7020113B5044640B100230122CDE99F
:104780000032074BD0E9091204F07EFC236F1B684E
:1047900023B1606F02B0BDE81040184702B010BDF1
:1047A000AB0F030113B504460846216901F55D719D
:1047B000D1E8AF1F022910D193B1A0B10121CDE9F9
:1047C00000311346D0E9091204F05EFC074B984211
:1047D00008BF6FF00B0002B010BD6FF00F00FAE7DA
:1047E0006FF04C00F7E76FF00100F4E72EF8FFFFE1
:1047F0002DE9F34789461546066906F55D73D3E84A
:10480000AF3F022B64D1136823B96FF0150002B0DB
:10481000BDE8F0871B78002BF7D0D6F870A3BAF16B
:10482000000F36D106F5EC774FF0FF324FF0FF3333
:10483000384605F06DFC30462A6801A9FFF7AEFE48
:10484000019C80461CB9384608F0A0FFDDE705F161
:1048500008032367AB6984F86CA06367646460B184
:10486000384608F093FF21463046A36E2A68FFF7CA
:1048700073FE0020C9F80040C9E71F22296804F12F
:1048800048000AF0C8FB384684F8678008F07EFFCD
:10489000EFE73046104908F047FF04460028B4D03F
:1048A000002705F108030367AB6980F86C70436764
:1048B00040641F22296848300AF0ADFB22460121DE
:1048C000304684F8677000F061F80028D1D09CE78A
:1048D0006FF00F009BE700BFAB0F030110B50C4654
:1048E000006900F55D73D3E8AF3F022B0FD189B1AA
:1048F0000A4900F5307006F06FFA204609F0D2FF41
:104900007822002120460AF05CFB002010BD6FF0E9
:104910000F00FBE76FF00100F8E700BF1866002109
:104920002DE9F04F05460E4690460027D0F8C4A06A
:1049300085B0AAF5BE7421463046FFF7EFF8E0B91E
:10494000114BA4F1480B0293DAF810303246CDE94E
:10495000008329464FF0FF335846AAF5E27904F068
:10496000BFFB60B97823012203FB079383F86C2017
:10497000DAF80C300BB158469847783417B105B0C7
:10498000BDE8F08F0127D6E73BD902011FB51446D9
:1049900090B18AB1012912D10A4B00F1F0010293C2
:1049A000D0F8D431483201934FF0FF3320460093C2
:1049B00004F096FB04B010BD6FF01500FAE700207C
:1049C000F8E700BF3BD902012DE9F04387B00E465E
:1049D000DDE90E811446DDE910251F4630B329B309
:1049E000DFF850C000F1F009002D08BF65469EB900
:1049F000CDE9034400F5E274204605960AF00AF971
:104A000003ABCDE900432A463B464146484604F005
:104A1000C9FD07B0BDE8F083002241460E9248462A
:104A20002A4607B0BDE8F04304F012BF6FF015004E
:104A3000EFE700BF21490201F0B504462B4A87B0D9
:104A400004AB0E4692E8030083E80300002C49D033
:104A5000184604F01FFA0546B0B94FF0FF33E16C79
:104A600004F15407A163CDE9010000933846236D9A
:104A700004F1380209F0C6FBA06C08F08DFFC4F801
:104A8000BC0020B96FF00B05284607B0F0BDA06C44
:104A900008F082FFC4F8C0000028F3D0236CD4F8DB
:104AA000BC10C4F890300423C4F89430C4F8AC307F
:104AB0000223E3620E4BB4F84820C4F88C10616CFA
:104AC000236204F18C03C4F8A070A4F89820C4F801
:104AD000B870C4F8A810A4F8B020C4F8A400A66167
:104AE0002363D1E76FF01505CEE700BF04F40201A0
:104AF00068F70201014B03600020704794F7020140
:104B000008B5044808F09AFC034808F097FC002018
:104B100008BD00BFDFFC020114FD020108B5034817
:104B2000034A0021121A08F06FFF08BD300300216C
:104B3000B86A0021074808B5074A0849121A08F060
:104B400065FFBDE808400648064A0749121A08F002
:104B50005DBF00BF000000212C030021501A03019B
:104B60000000002100000021501A030138B505465D
:104B70000C4699B1D1E901230F48096808F05EFCA1
:104B8000D4E90423E1680D4808F058FCE1690C48B9
:104B900008F054FCA1690B4808F050FC012D05D128
:104BA000EFF305810848103908F048FC21462846F3
:104BB000BDE8384004F092BE42FD020172FD0201E0
:104BC000A2FD0201B2FD0201E1FD020130BFFFF7CB
:104BD000FDBF00BF2DE9F04105460B4EDFF82C80EC
:104BE000324606EB0807CC1B204609490AF0DCF9DF
:104BF000A01942460021083C0AF0E3F96C6707F16E
:104C00000800BDE8F08100BF0000000004000000C3
:104C100004F40201054B5A699B689A421FBF044A7B
:104C2000536843F080535360704700BF58680021B9
:104C300000ED00E010B5204C204808F0FFFBA36A0F
:104C4000990137D51E4808F0F9FB1E20A36ADA0146
:104C500003D51C4808F0F2FB1F20174CA36ADB02A7
:104C600003D5194808F0EAFB0220A36A1C0303D508
:104C7000164808F0E3FB21200F4CA36A590303D523
:104C8000134808F0DBFB2220A36A9A0303D51148DE
:104C900008F0D4FB2320084CA36ADB0303D50E489D
:104CA00008F0CCFB2420A36A6FEA03436FEA1343A6
:104CB000A36210BD1D20C9E700ED00E0F5FD020173
:104CC0000EFE020122FE02013DFE020168FE02010B
:104CD00087FE0201ADFE0201C8FE020170B5204C44
:104CE000064620480D4608F0A9FBA36AD90435D52D
:104CF0001D4808F0A3FB1720A36A1A0503D51B481B
:104D000008F09CFB1820164CA36A9B050FD5184889
:104D100008F094FBA16BA36A180407D5154808F0A6
:104D20008DFB1EB1A36A23F40043A36219200C4C2F
:104D3000A36A5A0503D5104808F080FB1A20A36A1D
:104D4000DB0503D50D4808F079FB1B20044A936A64
:104D500043F47F43936200232B7070BD1620CBE792
:104D600000ED00E0F4FE02010BFF02011DFF020155
:104D700031FF02014BFF020161FF02017DFF0201D1
:104D800070B5294C064629480D4608F057FBA36A22
:104D9000D8063FD5264808F051FB1120A36A190711
:104DA00003D5244808F04AFB12201F4CA36A9A0737
:104DB0000FD5214808F042FB616BA36A1B0607D59B
:104DC0001E4808F03BFB1EB1A36A23F08003A362D8
:104DD0001320154CA36ADE0703D5194808F02EFBF3
:104DE0001420A36AD90602D4A36A9A0714D50E4BDD
:104DF0009B6ADB0610D5134940F22D13124A134863
:104E000008F032FB124808F02FFB40F22D110E483B
:104E100008F021FB1020C1E7034A936A43F0FF0327
:104E2000936200232B7070BD00ED00E096FF02013D
:104E3000ADFF02011DFF0201E1FF0201FAFF0201C5
:104E400011000301630003013100030114F90201A1
:104E5000AD000301F0B56F4B0446586800258BB0D8
:104E6000C0F3080385F31188BFF36F8F02F07F460C
:104E7000B6F17F4F06D102F00C06082E11D166481C
:104E800008F0DCFA654940F21443654A654808F0C9
:104E9000EBFA654808F0E8FA40F21441604808F07F
:104EA000DAFA16074CBF0C460125002CEAD0002682
:104EB000DA1E8DF80760092A00F29A80DFE802F016
:104EC000058E9271989898989896584808F0B6FA76
:104ED0008DF807604F4EF36A9A0704D5544808F0DE
:104EE000ADFA002326E0F36A002B01DA5148F6E719
:104EF000F36A5B0065D5504808F0A0FA7369A269AF
:104F000043F480737361BFF34F8FBFF36F8F736987
:104F100032F8022C23F480737361BFF34F8FBFF319
:104F20006F8F4DF602739A4223D12168434808F0EF
:104F300085FA23689DF80720CAB902AE04F120075C
:104F4000324620686168083403C2BC421646F7D175
:104F5000099A002D58D0C2F3080121B96FEA5222F4
:104F60006FEA42220992184602A9FFF7FFFD0BB033
:104F7000F0BDB36ADBB233B101200DF10701FFF7D9
:104F8000FFFE0346D6E7B36A13F47F4F05D0012036
:104F90000DF10701FFF7A2FEF3E7B36AB3F5803F17
:104FA00002D3FFF747FEECE7254940F2ED231C4A08
:104FB0001C4808F059FA234808F056FA40F2ED214F
:104FC0006CE71F494FF43C73154A164808F04CFA39
:104FD0001D4808F049FA4FF43C715FE700200DF1DD
:104FE0000701CCE700200DF10701D3E7174876E76A
:104FF000A3F11002164B10F4F87F1649164818BF9B
:10500000194608F01BFA6CE722F4FF7222F0010245
:10501000A8E700BF00ED00E03F0103016B010301C1
:105020003100030114F902017E010301BC010301F7
:10503000D4010301F6010301050203012502030166
:105040001D0E0301420203016602030196020301E1
:105050002601030111010301BB020301064B5A693A
:1050600042F010025A615A6942F480625A615A69E8
:1050700022F008025A61704700ED00E0EFF308806B
:10508000EFF3098101B57246FFF7E4FE01BD00BFF1
:10509000002080F31488BFF36F8F002080F30A880C
:1050A00080F30B880F4880F3088803F039F800205C
:1050B0000D490860BFF34F8F00F02CF8402080F3BB
:1050C00011880A484FF40061401880F30988EFF313
:1050D00014800221084380F31488BFF36F8F08F017
:1050E000A6FC0000B88B002194ED00E0B87A002106
:1050F000002318460649D1F89020C2F307229342B4
:1051000000DB7047C1F89830C1F8A0000133F6E722
:1051100000ED00E010B572B6002484F31388FFF7A9
:10512000E7FF23464FF0FF300C4A03F12001013323
:10513000102B42F82100F8D100234FF0FF30074A2E
:1051400003F160010133102B42F82100F8D162B65F
:10515000BFF34F8FBFF36F8F10BD00BF00E100E0C2
:10516000084B9B6883420BD1EFF3058343B1064B99
:105170005A6842F080525A605A6A22F400425A62D7
:1051800006F04EBF5868002100ED00E014498A681F
:105190004FF030001044EFF3098C80E8F01F4020FE
:1051A00080F31288BFF36F8F0E4F4FF000664A698D
:1051B0008A603E60506F0C4C2060906F00239367B4
:1051C00080F3118802F1300090E8F01F8CF3098819
:1051D00002F1000004B508F035FCBDE8044070475A
:1051E0005868002104ED00E0406600211EF0040F25
:1051F0000CBFEFF30880EFF30980816911F8021CFE
:105200000229FFD001B5724608F002FC01BD00BFC3
:1052100040B2002807DB01234109034A00F01F00C8
:10522000834042F82130704700E100E040B200289E
:105230000CDB01220649430900F01F0082402033A5
:1052400041F82320BFF34F8FBFF36F8F704700BF2C
:1052500000E100E0054B420953F82220012300F051
:105260001F0003FA00F01040704700BF00E100E0AB
:1052700038B5D30704460D4612D48B1C072B10D922
:105280006B23114A1149124808F0EEF829461148DB
:105290000623224608F0E8F86B210B4808F0DBF8FB
:1052A000002360B20028ACBF00F160400A4A4FEA18
:1052B0004313DBB2ABBF00F5614000F00F0080F894
:1052C0000033135438BD00BFCF02030106030301AE
:1052D00014F902012103030114ED00E0044B054A17
:1052E00023F07F039360BFF34F8FBFF36F8F70473F
:1052F0000088000100ED00E042F8203C009B0B49D3
:1053000042F81C3C019B21F0010142F8183C029B31
:1053100042F8081C42F8143C4FF0807342F8043CF9
:105320000023203A02658367704700BF553F0201A2
:1053300000B50D4B15469860426F0C4B0E461A6037
:10534000436E83F30B882C4686F309880020044BB8
:1053500098472046002100220023024C20470000ED
:1053600053DA0201553F02015868002140660021CE
:105370001022014B1A61704700ED00E0002340212C
:105380000348C21801331E2B82F80013F9D170476D
:1053900000E100E008B5EFF30583064A103B02EB9D
:1053A000C30152F8330049688847BDE80840FFF759
:1053B00031BC00BF54F202011FB5094C094A234613
:1053C0000121094800F0FAF800230393074B01215B
:1053D000E41A01A80193029400F014F904B010BD7E
:1053E000000001210000002194F702013003002198
:1053F00010B50C7A0B6804F01F0223F01F031A4348
:10540000CB68640923F01F03054943EA440343F0D2
:105410000103C1F89800C1F89C20C1F8A03010BD6C
:1054200000ED00E010B5074BD3F89030C3F307232D
:10543000013B984202D8FFF7DBFF10BD6FF015006B
:10544000FBE700BF00ED00E02DE9F04F0F461446EA
:1054500006464FF000084D4D85B0B84580F2928069
:10546000D6F80490B9F1000F36D0B9F11F0F40F211
:10547000878019F01F0F40F08380D6F800A01AF043
:105480001F0F7DD1504608F024FB834609EB0A002C
:10549000013808F01EFB834572D11BF1160F6FD047
:1054A0005C456DDDC5F898B0D5F89C10C5F898B08E
:1054B000D5F8A03021F01F0143F01F0AD6E90032D1
:1054C0001A44994202F1FF391ED1CA4508D131462A
:1054D0005FFA8BF008F006FB08F101080C36BCE718
:1054E0003146C5F898B0D5F89C3022F01F0203F081
:1054F0001F031343C5F89C30E0B208F0F3FA10F133
:10550000160F3DD0441CE7E7C5F898B0D5F8A020A9
:10551000013B23F01F0302F01F021343CA4531462B
:10552000E0B2C5F8A030E8D008F0DCFA10F1160FB0
:1055300026D0C5F898B0D5F89C209DF808300AF11F
:10554000FF3A62F304038DF80830D5F8A0309DF8D7
:1055500008205B0863F347128DF80820D6E9003273
:105560001344009323F01F035344A3EB09030130BA
:1055700023F01F036946C0B20393FFF753FFBEE752
:105580006FF01504204605B0BDE8F08F00ED00E097
:105590000522044BC3F89420BFF34F8FBFF36F8FE6
:1055A000704700BF00ED00E0BFF35F8F0022024BA9
:1055B000C3F89420704700BF00ED00E038B50C4DF3
:1055C0000C462A78FFF740FF287016300FD14FF4B1
:1055D000C473084A0849094807F046FF21460848AD
:1055E00007F042FF4FF4C471024807F034FF38BDA2
:1055F000A8680021610303011D0E030114F90201D3
:10560000900303012DE9F74F314E894605464FF0CF
:105610000008B3462F4FC84502DB03B0BDE8F08F4A
:10562000D5F804A0BAF1000F4CD0296808460191C2
:1056300008F04FFA019904460AEB0100013808F01E
:1056400048FA84424FF01402234B15D002FB08F3B2
:105650006FF015024BF803204FF4CC731F4A20491A
:10566000204807F001FF49461F4807F0FDFE4FF4B0
:10567000CC711A4807F0EFFE14F1160F3460EBD02E
:105680001978A142E8DD02FB08B0C7F89840C7F8D6
:105690009840D7F89C4000F10801007B64F30400B7
:1056A0000871D7F8A0000C79400860F347140C711A
:1056B000D7F89C1021F01F017160D7F8A01021F0DD
:1056C0001F01316108F1010814360C35A3E700BF52
:1056D0004466002100ED00E0A86800216103030199
:1056E0001D0E030114F90201BC0303012DE9F04171
:1056F000694C6A4ED4F890303568C3F307239D4255
:1057000086B013D940F20123654A6649664807F01E
:10571000ABFED4F8902029466448C2F3072207F074
:10572000A3FE40F201215E4807F095FE0020FFF73E
:105730003BFF5F4BC4F8C03085421BD15D4C01A8D4
:105740002570FFF7D7F9002506464FF006085A4F97
:10575000AE4216D1002023784F49D1F89020C2F3F1
:1057600007229342C0F292800020FFF711FF06B09B
:10577000BDE8F081716801EB0011FFF739FE0130DF
:10578000DAE7019A290102EB0513D3F80CC00CEA01
:105790000700B0F5800F47D007D8B0F5801F17D0AD
:1057A000B0F5001F23D00135D2E7B0F1006F5CD017
:1057B000B0F1805FF7D158689B685258013B20F0E8
:1057C0001F010B44CDE9020223F01F0301220BE06D
:1057D000586852589B68CDE902022122013B20F013
:1057E0001F010B4423F01F038DF8102029E0586897
:1057F00052589B68CDE902024122013B20F01F0173
:105800000B4423F01F031CF0010F8DF810200593AB
:1058100018D02A498323224A234807F025FE284826
:1058200007F022FE83217EE7586852589B6820F0DB
:105830001F01013BCDE902020B4423F01F038DF849
:1058400010800593207802A9FFF7ECFD002819DAF3
:10585000144940F22B23124A134807F005FE194859
:1058600007F002FE40F22B215DE758689B68525812
:10587000013B20F01F010B44CDE9020223F01F037E
:105880006122B1E72378013323708CE7C1F89830A7
:10589000C1F8A000013360E700ED00E0A0F70201CD
:1058A000610303011D0E030114F90201EB0303015F
:1058B000AAFF4400A86800210000F0FF1F040301B4
:1058C000450403017404030108B50649064821F0A4
:1058D0000701C1F1045202F58032FEF78FFA002071
:1058E00008BD00BF97D400215866002170B54169FA
:1058F0000446867A0A4D59B1437ADB0706D434232D
:1059000003FB0653DB6A1B689B68984700236361AF
:105910003420214600FB0650BDE8704009F001BA72
:10592000900200213422024B02FB0030704700BF7E
:10593000900200213421827A064B01FB02331A6B5C
:1059400093F82430801A1B3323F00303B0FBF3F0E9
:10595000704700BF9002002138B53424827A064B8C
:1059600004FB0233DB6AD3E901240C601568FFF7FE
:10597000E1FF04FB005038BD9002002108B54368E8
:105980004BB1074907485A23074A07F06DFD5A21D2
:10599000054807F060FD03824369C36008BD00BF8E
:1059A000D204030114F90201AD0403012DE9FF47FC
:1059B0000546684617461C46039109F064FADDE97E
:1059C000008955B95D4940F201135D4A5D4807F011
:1059D0004BFD40F201115A4818E005F11C06EFF3A7
:1059E000118A402383F31288BFF36F8F304606F08D
:1059F0008FFD68B98823544A5449524807F034FD52
:105A00003146534807F030FD88214F4807F023FD09
:105A1000304606F0A1FD6B8C002B5CD02A8C9A429C
:105A200039D900220023284604F0FAFD0446002854
:105A300031D0304606F07AFD68B94FF49A73424A85
:105A40004449404807F010FD3146434807F00CFD3B
:105A50004FF49A71D9E78AF31188BFF36F8F039DD2
:105A6000002D5BD042464B46684609F031FA34219E
:105A7000A27A3A4B204601FB0233DB6A03A91B687A
:105A80001E68DDE90023B0476061002839D1204657
:105A9000FFF72CFF30E06C8C3046631E6B8406F001
:105AA00045FD0028C9D08AF31188BFF36F8F95F8A0
:105AB00024302A8C1B33121B2C6B23F0030302FBB4
:105AC0000344264B264AEB1A9B105343A37295F8C6
:105AD0002430E372C3E7304606F028FD0028ACD03E
:105AE0008AF31188BFF36F8F23463A46284604F0A5
:105AF00097FD04460028B2D10024204604B0BDE83A
:105B0000F087039B9D420AD916494FF4AB730C4AA8
:105B10000C4807F0A9FC4FF4AB715CE76561012309
:105B200000212381039BE27A6160638204F1180003
:105B300009F047FA2046FFF721FFDEE7EC040301F6
:105B4000AD04030114F9020130FC020189FC0201D9
:105B50009EFC02015DFC020174FC02019002002126
:105B6000C54EECC4F1040301F8B5054698B13427DD
:105B7000184E2C46237A6D68CBB940F2C113164AF1
:105B80001649174807F070FC2146164807F06CFCD0
:105B900040F2C11108E0144940F2BB130E4A10480C
:105BA00007F062FC40F2BB110B4807F054FC013BCC
:105BB000DBB2237253B9E3606360A37A204607FB2C
:105BC00003639B6A1BB19847002DD2D1F8BDFFF744
:105BD0008DFEF9E790020021AD0403010B050301DE
:105BE00014F90201140503010705030108B58288B1
:105BF00003468A420BD20949094840F2C313094AB5
:105C000007F032FC40F2C311064807F024FC521A98
:105C1000828000680844186008BD00BF6405030165
:105C200014F9020129050301F8B5858803680E46B9
:105C300004465F1907F07CFFB04209D206490748C5
:105C40003E23074A07F010FC3E21054807F003FCFD
:105C50003544A5803846F8BD7405030114F90201E6
:105C600029050301064AD2F8AC3123F00043C2F8FB
:105C7000AC310022034BC3F84C21D3F84C317047B0
:105C8000002001410060014173B5354BD3E84F3F1F
:105C900000233449CDE90033334BD3F80445BFF337
:105CA0005F8FD1F80465BFF35F8FD3F8042594426A
:105CB000F3D16B46224601212B4807F054FF3246B0
:105CC00005460F21274801AB07F04DFFE0B1019BCE
:105CD0000DB9009302E0009A9342FAD3009B224848
:105CE0001C44013CD0F84C3524F07F449C421F49B1
:105CF00032D0FFF7B7FFC0F84C451D4B009A9A42CF
:105D000018D901230B7001E0002DE7D1194AD2F810
:105D1000AC3143F00043C2F8AC31134BD3F84C2103
:105D200032B90121144A5160D3F84C3103B11160EA
:105D300001230DE0BFF35F8FD0F80435E41A24F09F
:105D40007F440E4B033C9C42DBD900230B700023A5
:105D50000B4A137002B070BD0B78002BF7D0D5E75B
:105D6000AD6800210010014100600141AB680021D5
:105D7000FEFF7F000020014100B00041FBFF7F00DB
:105D8000AC680021F8B51E490023C1E8423F52BB70
:105D90001C4B1D783DB305231B4E1C4F347801343A
:105DA000B4FBF3F303EB8303E41A07F0F0FF184AA4
:105DB000137823B157F82430C01A072813D9154B8C
:105DC000D3F8141141B10021C3F81411D3F81431E0
:105DD00034700CB901231370347807F0D8FF47F8FA
:105DE00024002846F8BD0C4A0025D2F8AC3123F037
:105DF0000043C2F8AC310122084B5A60F1E700BF02
:105E0000AD680021AC680021AA6800216466002109
:105E1000A9680021005000410020014100B000416C
:105E20000122024BC3F84025704700BF0000084123
:105E30005023142213B5234C0021C4F80C35224BF7
:105E40000846C3F820214FF40062204BC3F8BC255C
:105E50004FF48062C3F838250DF1070202F0CEF945
:105E600000280BDA1A491B4840F23B231A4A07F074
:105E7000FBFA40F23B21184807F0EDFA9DF80710B5
:105E8000164808F0A5F89DF80710154808F0A0F886
:105E90009DF80710134808F09BF89DF8071020465E
:105EA00008F096F89DF8070002F0C8F94FF40022B8
:105EB0000D4BC3F844230022C3F84C21D3F84C31D6
:105EC00002B010BD00B0004100302041002001416F
:105ED0000BF9020114F90201980503014C6101411B
:105EE000282001412C2101410060014108B53F23D8
:105EF0000348044AC0E9002302F07AF9002008BDF3
:105F00007866002100E0FFFF70B50446807AFFF755
:105F100009FD6169054649B1637ADB0704D4C36AA8
:105F200020461B689B6898470023636121462846EA
:105F300008F0F7FE034B1B681BB1BDE870402A2038
:105F4000184770BD8066002108B5034B186808F03B
:105F5000DDFE002008BD00BF84660021082808B5CA
:105F60000BD870B1431E072B0BD8DFE803F00504F4
:105F70000A140A0A0A14042008BD10280DD020288B
:105F80000BD0074907485223074A07F06DFA522100
:105F9000054807F060FA0220EEE70520ECE700BFB5
:105FA0001D0E030114F90201C2050301811EC9B2CD
:105FB0001E2938B5054609D80A4820FA01F1C90753
:105FC00004D5094807F0A8FD044610B9002420466E
:105FD00038BD2846FFF7C2FF014604F10C0007F068
:105FE000BBFDF4E741000040F8020021014B1860BE
:105FF000704700BF80660021F8B501280546DDE93D
:10600000067609D0042804D1124807F085FD04461D
:1060100020B900242046F8BD0F48F6E72846FFF7D0
:106020009DFF04F10C050146284607F095FD002F61
:10603000F0D0002EEED0284607F07AFD864203D934
:106040002046FFF791FDE4E732463946284607F03F
:1060500077FDDFE790020021C4020021038A014698
:1060600023B1034B186883689B6818471220704758
:106070008C01002110B5084B084C1860206808F00E
:1060800003FE30B1206806498368BDE810401B68F4
:1060900018476FF0120010BD846600218C010021AA
:1060A000495F020137B540230C460A490093411A63
:1060B000491105462346084A084807F08AFD011E93
:1060C00005DA2846234603B0BDE83040184703B040
:1060D00030BD00BF9C6600213DDC020190F1020151
:1060E000C9B2012908B509D9084909487E23094AD6
:1060F00007F0BAF97E21074807F0ADF90C220369D1
:1061000001FB0233986C00F0070008BD3106030163
:1061100014F90201F405030170B5C9B2012903693C
:106120000BD9194919484FF4E873194A07F09CF93B
:106130004FF4E871164807F08EF9EFF3118540240B
:1061400084F31288BFF36F8F0C2606FB0134A46C16
:1061500014F0C00408D0A24206D085F31188BFF322
:106160006F8F4FF0FF3070BD012206FB01339A6440
:1061700085F31188BFF36F8F436803EBC1035B683E
:1061800098470020EFE700BF3106030114F9020130
:10619000F405030170B50D4606490446411A49113C
:1061A00040220548FFF7B8FF2B4601462046BDE8D0
:1061B000704018479C66002190F10201F8B500225A
:1061C000012105460520FFF753F8104801F0A2FF12
:1061D0000446B8B907F0C3FE2F690D49384607F0E9
:1061E00092F9031E09DB0126BE642D69084905F1F9
:1061F000200007F088F9031E02DA1C462046F8BD8D
:106200006E65FBE76FF00404F8E700BFD16202019E
:1062100010F802017FB500220123CDE9022304AB6F
:10622000CDE90433094A6B46CDF800D0CDF804D04F
:1062300007F0FDFC002805DB4FF480420023684690
:1062400004F0FEFA07B05DF804FB00BF49DC020170
:1062500010B5EFF31184402383F31288BFF36F8FDF
:10626000074A136823F00201DB07116002D4012002
:1062700001F030FF84F31188BFF36F8F10BD00BFB2
:10628000F46600210C22104B014602FB0033002073
:1062900030B4D3E910521864EFF31180402484F332
:1062A0001288BFF36F8F9C6C04F0C00444F00204AA
:1062B0009C6480F31188BFF36F8F1DB12B4630BCF7
:1062C0000248184730BC70479C66002190F10201DB
:1062D000012808B506D0072808D098B90F4B9B6C49
:1062E0005B0719D1BDE80840FFF7CCBF0C4940F26D
:1062F000FA230C4A0C4807F0B7F840F2FA21094893
:1063000007F0A9F806494FF44173064A064807F01A
:10631000ABF84FF44171F2E708BD00BF9C66002165
:106320001D0E0301F405030114F9020110B4EFF38B
:106330001182402383F31288BFF36F8F17480168DF
:1063400041F002040460C80707D482F31188BFF348
:106350006F8F012010BC01F093BE1149D1F80C04DD
:10636000D1F80C14C907F0D5EFF3118083F312882C
:10637000BFF36F8F0B498B6C03F0C00343F0020334
:106380008B6480F31188BFF36F8F82F31188BFF3A2
:106390006F8F002010BCFFF775BF00BFF4660021AF
:1063A000005000419C6600212DE9F0410122064683
:1063B0004149D1E8EF3FC1E8E02F0028F9D1A3B966
:1063C0003E493F484B60CB608A60FEF701F80028E9
:1063D0000BDA3C4940F2A3233B4A3C4807F044F81F
:1063E00040F2A321384807F036F85EB3731E012B44
:1063F00057D8012E06D1364BD3F81C3403F00303D3
:10640000022B1FD008F0CAFC0546E8B9314B1B78B7
:10641000D3B1022207462E4BC3F808232C4CDFF8D9
:10642000B880D4F81824D4F81834D20315D503F062
:106430000303022B01D0012E0FD16DB387F3118816
:10644000BFF36F8FBDE8F081EFF31187402383F333
:106450001288BFF36F8F0125E0E7C5B1384607F01A
:106460001AFBD4F81835DBB2012BDAD1D4F80421A9
:10647000002AD6D00022C4F80421D4F80421022234
:10648000C4F818252022C8F88021A360C9E700219C
:10649000212005F02DFDE4E702220D4BC3F8042373
:1064A000D0E70E4940F2B523074A084806F0DCFF62
:1064B00040F2B52196E700BF98660021886600216A
:1064C000BC66002155060301F405030114F902011D
:1064D00000500041B56A002100E100E01D0E0301FB
:1064E000EFF31182402383F31288BFF36F8F0A4BBF
:1064F000D3F8001161B10021D3F80805C3F80011E9
:10650000D3F80031C0B282F31188BFF36F8F7047A8
:106510006FF00A00F7E700BF009000410346F0B5B6
:1065200010469C7893F803C0EFF31182402585F361
:106530001288BFF36F8F1F7893F801E0E41B04EA21
:106540000C04A04288BFA0B23E180CEA06063D46E5
:106550001E7082F31188BFF36F8F0A188A4216D11A
:1065600077450CD1EFF31182402181F31288BFF3FC
:106570006F8F1978597082F31188BFF36F8F1B7971
:10658000241AA34222BF0122054B1A60F0BD5E19F6
:106590007679013501F8016B05EA0C05DEE700BFED
:1065A000009000412DE9F0472D4D00690E46A842AC
:1065B00014460BD02B492C4840F203132B4A06F00B
:1065C00053FF40F20311294806F045FFDB4313F067
:1065D000010504D03030FFF7A1FFBDE8F0879AB382
:1065E000EFF31188402383F31288BFF36F8F0920E4
:1065F000FEF730FE07460920FEF718FE88F31188E3
:10660000BFF36F8FDFF868A04FF40079CAF800512C
:10661000DAF8003101232546DFF85880CAF8003047
:10662000C8F88091DAF8003183B1FFF759FF031EF3
:10663000C8F88091F6DB013DADB27355002DF1D164
:1066400017B10920FEF7E4FD2046C6E7EFF31180FD
:10665000402383F31288BFF36F8F07F01CFAE1E742
:10666000F86600219F06030114F902016D0603017B
:106670000090004100E100E02DE9F041194B07696D
:106680000D469F42144605D107F1450864B92046DE
:10669000BDE8F08114491548E523154A06F0E4FEEB
:1066A000E521134806F0D7FE4FF0FF334FF0FF32DD
:1066B000384604F0C5F8224629464046FFF72EFF2B
:1066C0000646384604F038F83EB94FF0FF324FF036
:1066D000FF33084804F0B4F8E6E7A41BA4B235443D
:1066E000D4E700BFF86600219F06030114F90201F8
:1066F0006D0603011067002138B5214B04699C42E7
:106700000BD02049204840F24713204A06F0ACFE47
:1067100040F247111D4806F09EFE01222046114618
:1067200008F009FB0122002104F1180008F003FB26
:1067300040F20743A4F848304FF0706323630C2302
:106740000025012184F83430114B84F84550A4F819
:106750004650D3F80425092022F00102C3F804258D
:10676000C3F80051D3F80021C3F804132A46196076
:10677000FEF77EFD0920FEF74BFD284638BD00BF21
:10678000F86600219F06030114F902016D0603015A
:106790000090004110B5FFF7A3FE002820DB174B47
:1067A000C0B293F8322093F8314093F83310141BA1
:1067B00031EA04040DD193F8472093F8464093F84A
:1067C0004810141B31EA04040BD101220C4B5A600F
:1067D0000EE09C180132114084F8350083F8321025
:1067E00010BD9C180132114084F84A0083F847100C
:1067F0000448BDE8104003F09FBF00BFF8660021C9
:10680000009000411067002110B5036961B920496B
:106810004F23204A204806F027FE204806F024FE99
:106820004F211C4806F017FE486850B91C495023F8
:10683000184A194806F018FE1A4806F015FE5021AD
:10684000EFE75868F8B1884219D19C680868A142FE
:10685000586000D19860002008602AB15A680A6028
:106860009A68596002B99960002010E0814206D10F
:106870000868206098688142EDD19C60EBE704468F
:1068800000680028F2D1002AE8D16FF0150010BD91
:106890000B070301CF06030114F9020114070301DA
:1068A000230703013507030108B5036802465909A8
:1068B00014D0012906D14FF6FF7103F01F03D94010
:1068C000C80712D40A490B484FF474730A4A06F0F9
:1068D000CBFD4FF47471084806F0BDFD4FF0FF3159
:1068E000D940C907EED5054800E00548136008BD4A
:1068F0007F07030114F902014C07030100058C41D5
:1069000000088C4170B5446801F01F05207C86B0FA
:1069100045EA4015A068002871D0B2F5001F04D1E7
:10692000294602F051F800204DE06068667CB2F51F
:10693000800F46624FF0000601A80196466031D1F3
:10694000B3F1007F14BF052304238DF80430002326
:10695000CDE904030393E368CB40D90735D4B2F102
:10696000A07F32D168460095FFF79EFF009B8033E1
:1069700050F82330DB0728D46A462946A06801F086
:10698000BFFE163019D0CDF808D02946A06803AA5A
:1069900001F056FD002816DB01222946A06801F00F
:1069A00091FFC0E7B3F1C06F05D0B3F1007F14BF12
:1069B00001230223C9E70323C7E76946A06801F062
:1069C00061FF0028DFDA06B070BD6A462946A0687C
:1069D00001F096FE0028D8D19DF80010A06801F0C3
:1069E00035FF0028D1D00749074840F2F113074A84
:1069F00006F03AFD40F2F111044806F02CFD6FF06C
:106A00008500E0E70BF9020114F90201A207030176
:106A10002DE9F043466840F20635337CD00601F09C
:106A20001F0747EA431748BF032302EA050558BF7B
:106A3000C2F3401387B0B5F5837F14468DF8033059
:106A400044D00DD8062D16D005D8A5B1022D3FD0C3
:106A50006FF0150037E0B5F5807FF9D101250AE028
:106A600040F20222954235D0B5F5407F34D0B5F5DD
:106A7000007FEDD102250123220303FA01F12DD578
:106A800073689960B06870BB03A80397FFF70CFFA9
:106A9000039B00EB830084F48033C3F30043C4F30F
:106AA0004044D0F8002244EA43049DF8033022F425
:106AB000706244EA830422F00F0244EA0523134380
:106AC000C0F80032002007B0BDE8F0830725D2E708
:106AD0000425D0E70525CEE70325CCE7630344BFB3
:106AE0007368D960CEE739460DF1020201F008FE65
:106AF00014F4403F804617D13946B06801F08EFE4D
:106B0000B8F1000FDED19DF80210B06801F09EFED2
:106B10000028D7D01E491F48FC231F4A06F0A4FCBA
:106B2000FC211D4806F097FC4FF0000901ABCDE9B0
:106B30000199CDE90439CDF80C903946B06803AA23
:106B400001F07EFC4845BDDB14F4003314D09DF801
:106B5000033084F48034C4F300448DF80E308DF893
:106B60000C508DF80D404B463946B06803AA01F031
:106B700029FD0028C4DAA5E7CDE904330DF10303AC
:106B800003933946B06803AA01F05AFCF1E700BF4D
:106B90000BF9020114F90201A2070301420903469D
:106BA00070B502D0012A1ED070BD144E32695168F2
:106BB0000029F9D0012503F01F030C689D4000292E
:106BC000F2D08A682A4012D04B6873B90C497423FA
:106BD0000C4A0D4806F048FC0C4806F045FC7421B0
:106BE000084806F038FC0A4EE0E7304698471CB1EA
:106BF000236821461C46E2E72346FAE7C8F1020172
:106C0000CE070301CF06030114F902013507030182
:106C1000ACF1020138B54568A86890B101F0E4FD17
:106C2000014670B9A86801F09FFD044658B90246B4
:106C30000649A86801F04CFD224605210A20FEF70E
:106C400017FB002038BD6FF00400FBE79D6B0201CD
:106C500010B504460269A2B0C2F8800016490020AF
:106C600001F0C0FF002201211220FEF701FB842267
:106C7000002101A8646808F0A4F90023012001AAFA
:106C800061680432D940C90744BF00FA03F142F8F1
:106C9000041C2168D940C90748BF00FA03F103F179
:106CA000010348BFD163102BEAD101A801F0C0FF56
:106CB000002022B010BD00BFA9DC020170B40E4953
:106CC00022F07F46D1E90034D01AC31844F1000401
:106CD000C1E90034A6F50013B3F5400F09D2074B04
:106CE0001B681A0A1B069C19054B42F10005C3E9F3
:106CF000004570BC05F0A0BD501A0021F4670021CA
:106D0000581A00210D4B1868010A0006BFF35F8F67
:106D10000B4BD3F80435181841F10001B3F5801F6F
:106D20000AD2084BD3E90023904271EB030303D24C
:106D300010F1807041F10001704700BFF46700213D
:106D400000600141581A00212DE9F74306F03CFF8D
:106D50002A4BD3F8042390070BD5D3F8042142B172
:106D60000022C3F80421264AD3F804311368013302
:106D70001360224AD2F80433D90320D5214BD3E83B
:106D8000EF1F21F00100C3E8E40F002CF7D1CB077F
:106D900002D4D2F8403193B10025184CC4F84051C8
:106DA000D4F84031FFF7AEFFEFF3108272B6164B06
:106DB000D3E90267B042B94104D282F3108803B02C
:106DC000BDE8F0834FF0FF38D3E900104FF0FF39F2
:106DD0001D60C3E902894FF48033C4F84833C4F816
:106DE0004051D4F8403182F310880029E7D0009058
:106DF00032463B4628468847E1E700BF0060014134
:106E0000F4670021EC670021401A00212DE9F84FBA
:106E100004460D46434FD7E8EF8F28F00103C7E83B
:106E2000E23F002AF7D14FF480393F4EC6F808936D
:106E3000BFF35F8FBFF36F8FFFF764FFA04271EB6B
:106E4000050308F0010840D2384B201A65EB010118
:106E5000984271F1000148D2354BD3E902239D429B
:106E600008BF94423AD04FF0000C24F07F40834694
:106E700003216FF0020EC6F84893C6F840C1D6F859
:106E80004031DFF8B0A02BF07F43C6F84035C6F89C
:106E90004493D6F80425AEEB02035B4423F07F4312
:106EA00053451BD9D6F840315BB1D6F80425131AE7
:106EB00023F07F43B3F5000F10D9C6F840C1D6F8D0
:106EC000403101EB020B0131DDE71B4BD3E8EF1F33
:106ED00041F00101C3E8E21F002AF7D1144B174A21
:106EE000C3E902451A6000225A60B8F1000F16D0BB
:106EF000D7E8EF3F43F00103C7E8E23F002AF7D1AC
:106F00004FF48032084BC3F804230B4BD3E8AF3F58
:106F1000DB0742BF4FF48002094BC3F80021BDE8F4
:106F2000F88F00BFF0670021006001410100800080
:106F3000401A0021FDFF7F00EC670021BD6C0201BB
:106F400000E100E070B54FF0FF3000254FF0FF3159
:106F5000164C174B0226C4F80833C4F84833154BB7
:106F6000C4F80855C3E902014FF480334FF480029E
:106F7000C4F80433104B0121C4F804631620C3F88D
:106F800080212A46FEF774F91620FEF741F9012305
:106F90000A4AA3600021236009481360FFF736FF07
:106FA0003046FFF701FA284670BD00BF006001417E
:106FB00003000F00401A002100E100E0F06700210B
:106FC000FFFF7F00431C10B50F4C05D08442A8BFC3
:106FD0000446012CB8BF0124FFF794FE0B4AD2E906
:106FE0000031C01AB0F5000F074A0AD2204490427F
:106FF00028BF1046BDE81040C01841F10001FFF75E
:1070000005BF1046F6E700BFFFFF7F00501A0021C2
:1070100008B5FFF777FE024B1B68C01A08BD00BF1A
:10702000501A002102460B46014803F071B800BF18
:10703000F8010021014803F03BB900BFF80100212D
:10704000F0B506468BB00D4629482A4903F0E4FD09
:1070500005A8E2F773F8284807F016FE002840D08C
:10706000264B02A80293E2F7B9F800283CD14FF072
:10707000FF304FF0FF31FFF7D5FF044638B903204A
:10708000E2F76EF830B1FFF7D5FF6FF085042046C8
:107090000BB0F0BD1A491B48E2F70EF8044610B1D8
:1070A000FFF7C8FFF3E741F64C5703A80397EAF749
:1070B0009BFD0028E7D1012301A88DF80430F9F7E2
:1070C00046FC0028DFD104A80497EAF795FD0028C4
:1070D000D9D1FFF7AFFF33690B481D60FEF786FF7C
:1070E000D5E76FF01204D2E76FF01504CFE700BFC9
:1070F000FC6700213FDE0201E4F102010D71020193
:10710000601A0021E5720201B972020103460A46C3
:1071100010B5114881680C6864B910495D23104AA4
:10712000104806F0A1F9104806F09EF95D210C48C0
:1071300006F091F91946A04768B10C494FF436732F
:107140000B4A084806F090F90A4806F08DF94FF40A
:1071500036710748ECE710BDE4F10201380803017D
:107160000408030114F90201580803010BF9020194
:107170007E080301B70803017FB53D48E1F780FEB3
:10718000044600286ED10726E1F7FAFFE2F704F87B
:10719000E2F70EF8F7F75BFBF7F757FBF7F759FB4A
:1071A000F7F75BFBF7F75BFBF7F755FBF7F755FBDB
:1071B000F7F755FBF7F755FB0121204601AA8DF89B
:1071C0000460E1F7A5FE00284BDB012502212046E3
:1071D00001AA8DF80450E1F79BFE002841DB08234B
:1071E0003146204601AAADF80430E1F791FE0028AF
:1071F00037DB4FF0FB13019340F2032303212046BA
:1072000001AAADF80830E1F783FE002829DB04214C
:10721000204601AA8DF80450E1F77AFE002820DB11
:107220001F230621204601AAADF80430E1F770FEC5
:10723000002816DB03230521204601AA8DF804301F
:10724000E1F766FE00280CDB44F6CB0398420CDD28
:1072500084F31188BFF36F8F0423184602DF6FF0A9
:107260000B000446204604B070BD2046F9E700BF7D
:1072700097DD020108B50A490A4807F07FFD00289A
:107280000CDA09492F23094A094806F0EDF80948A4
:1072900006F0EAF82F21054806F0DDF808BD00BF2A
:1072A000FC670021306300211D0E0301F10803017A
:1072B00014F902011A090301094B93F80231042B56
:1072C00002D1810709D47047022B02D1020704D4EE
:1072D0007047082B03D1830601D5FFF7CBBF70475A
:1072E000AE68002170B53A4C94F8023103B394F8BB
:1072F0000231042B3ED120783E282DD1A378022BD9
:1073000028D00D2B28D1E378012B25D1A588C5F3F2
:10731000001500220023294606F058FC0646E8B96D
:10732000BDB1002384F80231BDE87040FFF7A2BF71
:107330004FF0FF304FF0FF31FFF774FE48B92046A1
:1073400004F5817100F076FD0546FFF773FE002D10
:10735000CDD070BD0125DCE70025DAE762781C4955
:1073600002320C3006F0ECFB31461A4B1B681A480F
:107370009847D6E7022B15D1002200230820FEF7FC
:1073800015FE05460028E4D062880432B2F5817FFC
:1073900014D80F4905F10C0006F0D2FB0D4B29461D
:1073A0001B68E4E7082BBCD1002200232020FEF755
:1073B000FDFD628805460028E7D1CAE7002383F374
:1073C0001188BFF36F8F0423184602DFA9E700BFBF
:1073D000AE680021F86700211CF2020142F264034A
:1073E000984240D02FD842F2190398421FD842F257
:1073F0000C03984214D840F20643984233D040F22E
:107400001D43C01A18BF01207047A0F5015028384D
:10741000164B80B2C34003F0010383F001007047B4
:10742000A0F500500D3841F2412380B2F2E742F25C
:107430003203984217D0A0F501500338012894BFB9
:1074400000200120704742F28503984206D842F29C
:1074500067039842D9D842F26603D2E74FF6025347
:1074600020F00800CDE70020704700BF2F804020AB
:107470002DE9F341BB4D07882A7804463BB2002A28
:1074800040F0D18442F20D018B4230DC42F2070120
:107490008B425DDC42F20600834259D08B424CD0D5
:1074A00040F603418B4250D004238DF80730AE4B99
:1074B0002688D3F80080B8F1000F74D00DF10702D0
:1074C0002046AA490DF10603C047012802466AD0AA
:1074D0009DF80630002B40F03A819DF807300E21D0
:1074E000AB7001236970EB70AE80AA7142E042F28A
:1074F0004302934218DC42F235029342D4DDA7F5F1
:107500000053363B9AB20123934043F6CE02134216
:1075100020D113F021030BD142F23A029742C3D19A
:107520000622EB712B7206E042F27F029342BBD13E
:1075300000230522EB71022302E0EA7105220123F8
:107540008B48017841B90370AEE7894B1A70ABE7FD
:107550000422F4E70422EEE79942A5D03846FFF76B
:107560003DFFA8B10E236B700123EB700C23AA70B2
:10757000AF80AB7101232B7040F635439F4203D19E
:10758000AB79002B00F04C84002002B0BDE8F08104
:107590000F236B700423AB700C23EB700123A5F851
:1075A00005702B71E6E7B6F5105F4FEA96230DD212
:1075B0007BB1013B072B0CD8DFE813F00D000B006B
:1075C0001F009200F7000B000B0007013F2B00F09B
:1075D00034830122BBE0204640F2064230F9033BEF
:1075E000934206D040F21D429342F2D1E9F744FCA7
:1075F00001E0E9F783FB024651E0204640F63541C1
:1076000030F8032B13B28B4228DC40F62C418B421E
:107610000ADC40F6014293422FD040F603429342E7
:10762000D7D1F7F709F9E6E7A2F62D43082BD0D812
:1076300001A252F823F000BF81760201D375020146
:10764000D3750201D375020193760201D37502014D
:1076500099760201D3750201B776020140F67B42AA
:1076600093422BD040F67C42934230D040F66342A6
:107670009342AED1E1F70CFEBDE7E1F7F7FDBAE7C3
:107680009DF807303B4903338DF80730F8F746FB88
:10769000B1E7E9F727FAAEE706F013FCC2B23046CD
:1076A000FFF79CFE80F00100C0B200284FD1012AF4
:1076B0007FF413AF8DE7E9F745FA9CE79DF80730B3
:1076C0002C4904338DF80730F9F79AF893E79DF8C1
:1076D0000730284902338DF80730F9F7B5F88AE703
:1076E0002388A3F58053013B082B3FF672AF01A21C
:1076F00052F823F0197702012B7702017977020102
:10770000D3750201D3750201D3750201D37502014D
:10771000D3750201997702019DF8073015480833A7
:107720008DF80730F8F79AFA65E79DF807301148A9
:1077300040338DF8073006F084FB3046FFF74EFEED
:1077400080F00100C0B2002200283FF4C6AE0F2333
:107750006B700423AB700123EA702B71A5F80560F0
:1077600008E700BFB26900210C680021B36900215D
:10777000B1690021B969002100229DF80730083362
:107780008DF80730E24B1A605A60EB7A23F0600301
:1077900043F06003EB72D0E79DF80730DC48063316
:1077A0008DF80730F8F722FB25E741F205432288E0
:1077B0009A427FF40EAF9DF80730D5490333E01CA1
:1077C0008DF80730F9F780F815E7204630F8033BCD
:1077D000A3F50053013B7E2B3FF6FBAE01A252F80E
:1077E00023F000BFE1790201E7790201F979020192
:1077F000D37502010B7A0201117A0201177A020194
:10780000297A02012F7A0201357A0201417A0201B6
:10781000477A02014D7A0201537A0201597A020134
:107820006B7A0201717A0201777A02017D7A020194
:10783000837A0201897A02019B7A0201A17A02010C
:10784000B37A0201C57A0201CB7A0201DD7A020124
:10785000EF7A0201D3750201D3750201D3750201DB
:10786000D3750201D3750201FF7A0201157B020173
:10787000277B0201D3750201D37502012D7B020122
:10788000337B0201397B02013F7B0201D375020188
:10789000D3750201517B0201577B02015D7B02011E
:1078A0006F7B0201817B0201877B0201D37502019C
:1078B000D37502018D7B0201A57B0201B77B02011A
:1078C000BD7B0201C37B0201C97B0201DB7B02019C
:1078D000ED7B0201F37B0201D3750201D375020136
:1078E000D3750201F97B0201FF7B0201057C0201D5
:1078F000D3750201D3750201D3750201D37502015C
:10790000D3750201D3750201D37502010B7C02010C
:10791000237C0201357C02011D7C0201D37502012A
:10792000D3750201D3750201D3750201D37502012B
:10793000D3750201D3750201D3750201D37502011B
:10794000D3750201D3750201D3750201D37502010B
:10795000D3750201D3750201D3750201D3750201FB
:10796000D3750201D3750201D3750201D3750201EB
:10797000D3750201D3750201D3750201D3750201DB
:10798000D3750201D3750201D3750201D3750201CB
:10799000D3750201D3750201D3750201D3750201BB
:1079A000D3750201D3750201D3750201D3750201AB
:1079B000D3750201D3750201D3750201D37502019B
:1079C000D3750201D3750201D3750201D37502018B
:1079D0003B7A0201D3750201D3750201937B020148
:1079E000E1F760FC07E69DF80730494803338DF85E
:1079F0000730E9F779F9FEE59DF807304448083388
:107A00008DF80730F8F7FFFBF5E5F8F70CFAF2E52B
:107A1000EAF77AF8EFE59DF807303D4801338DF835
:107A20000730F8F7B7F9E6E5F8F766FEE3E5F8F7AB
:107A30004EFDE0E5F8F7A3FEDDE5F8F798FFDAE59F
:107A4000E9F76CFBD7E5F8F7E4FAD4E5E9F74CFE83
:107A5000D1E5E9F7E9FECEE59DF807302C48013382
:107A60008DF80730F8F746F8C5E5F8F74AF8C2E5AB
:107A7000F8F792F8BFE5F8F7ABF8BCE5F8F7ECFAE1
:107A8000B9E5F8F75AFBB6E59DF80730204907330A
:107A90008DF80730F8F7D5F9ADE5F8F7A4FBAAE5BE
:107AA0009DF807301A4910338DF80730F8F77DF943
:107AB000A1E59DF80730164808338DF80730F8F730
:107AC000D9F898E5F8F7E7FB95E59DF807301049F8
:107AD00002338DF80730F8F773FE8CE59DF8073018
:107AE0000B4902338DF80730F8F77BFE83E59DF8EC
:107AF000073008338DF80730FF23EB714AE69DF815
:107B00000730034902338DF80730F8F7BBF972E507
:107B1000B96900219DF80730C54804338DF8073056
:107B2000E9F774F967E5E9F759F964E5F7F7F7FF5D
:107B300061E5F8F717F85EE5F8F77EF85BE59DF884
:107B40000730BB4801338DF80730F8F783F852E56A
:107B5000F8F762F84FE5F8F756F84CE59DF807306E
:107B6000B34808338DF80730F8F7C0F943E59DF8BE
:107B70000730AF4904338DF80730F8F7DFF93AE5FD
:107B8000E9F74EF937E5F8F70FFA34E5F8F795FD20
:107B900031E59DF80730A64901338DF80730F8F735
:107BA0009AFB28E59DF80730A14901338DF807308D
:107BB000F8F7C4FB1FE5F8F7C4FD1CE5F8F70FFD67
:107BC00019E5F8F73FFD16E59DF8073098480233B0
:107BD0008DF80730F8F721FD0DE59DF80730944842
:107BE00001338DF80730F8F722FD04E5F8F7D3FBF1
:107BF00001E5F8F7DEFBFEE4E9F724FAFBE4F8F729
:107C0000FEF9F8E4E9F7D6FDF5E49DF80730884879
:107C100002338DF80730F8F79CF8ECE4F8F777F9C1
:107C2000E9E49DF80730824804338DF80730F8F70F
:107C3000A1F8E0E4E9F70EF8DDE420464FF60F4244
:107C400030F8033B93422BD8B3F57C4F7FF6C1ACA1
:107C5000A3F57C43013B0E2B3FF6BBAC01A252F8CF
:107C600023F000BF2D7D02013F7D0201D37502018B
:107C7000D3750201D37502018D7D0201D375020116
:107C8000D3750201697D02017B7D0201937D0201B2
:107C9000D3750201D3750201A57D0201B77D0201F2
:107CA00003F2FD2292B21A2A3FF693ACA3F57D436C
:107CB000033B1A2B3FF68DAC01A252F823F000BF14
:107CC000C97D0201D3750201CF7D0201D375020186
:107CD000D3750201D3750201D57D0201D37502016E
:107CE000D3750201DB7D0201E77D0201D37502013C
:107CF000D3750201D3750201D3750201E17D020142
:107D0000D3750201ED7D0201D3750201017E0201EE
:107D1000D3750201D3750201D3750201D375020137
:107D2000097E0201117E0201197E02019DF80730D1
:107D30003F480C338DF80730F6F795FD5BE40022E1
:107D40009DF8073040338DF80730394B1A80EB79B6
:107D500023F0230343F02303EB712B7A23F0670313
:107D600043F067032B72E8E49DF80730304817337F
:107D70008DF80730F6F792FD3DE49DF807302C486A
:107D800020338DF80730F6F7ADFD34E4F6F784FDC7
:107D900031E49DF80730264801338DF80730F6F7B7
:107DA000BEFD28E49DF80730214904338DF80730E3
:107DB000F6F7CBFD1FE49DF807301D4904338DF81D
:107DC0000730F6F7D4FD16E4F8F7C1FD13E4E9F740
:107DD0000BFF10E4F6F7D6FD0DE4F8F7A1FD0AE479
:107DE000E9F70AFF07E4F6F7D1FD04E49DF8073050
:107DF0000F4904338DF80730F6F7CEFDFFF7FBBBD4
:107E0000E9F702FFFFF7F7BBE9F70AFFFFF7F3BB5C
:107E1000E9F724FFFFF7EFBBF8F7CEFDFFF7EBBB69
:107E20002B70FFF7B1BB4FF0FF30FFF7AEBB00BFC9
:107E3000B969002138B5094C0D4623781BB9BDE856
:107E40003840F6F7AEBFA278611C023207F0ACF8FA
:107E50000020042320702B7038BD00BFB2690021C0
:107E60001FB500230D4C01930A220293CDF80B306D
:107E70000091014601A807F0CEF840F24D132246CA
:107E80000749084805F0F0FA074801A9009A05F0EB
:107E9000EBFA40F24D11204605F0DDFA48090301E6
:107EA0001D0E030114F9020175090301322337B5D0
:107EB0000125ADF8043000231A216846104A8DF8D8
:107EC0000630ADF800508DF80230F6F79BF8044606
:107ED00090B94FF4AF60F4F753F82A4621460C20CE
:107EE000FDF7C6F92A4621461120FDF7C1F92A46B9
:107EF00021460820FDF7BCF9204603B030BD00BF85
:107F0000617E020108B54FF0FF304FF0FF31FFF7FF
:107F100089F848B107490848E623084A05F0A4FA59
:107F2000E621064805F097FAFBF7E3FDBDE80840B7
:107F3000FFF780B88C09030114F902014809030115
:107F400008B50A490A4806F019FF00280CDA094961
:107F50002F23094A094805F087FA094805F084FAF1
:107F60002F21054805F077FA08BD00BF10680021F1
:107F7000306300211D0E0301F108030114F9020111
:107F80001A09030137B500240C4D6FF009034FF4B3
:107F9000806228460A49009402F0C6FF0949284633
:107FA00006F002FF0849094802F036FE2246042185
:107FB0001A20FDF75DF9204603B030BD3063002183
:107FC000B876002199090301057F0201106800219C
:107FD0002DE9F043224885B005F0B2FF00260446A3
:107FE0001F4B204FD3F83880DFF87C90B04503D882
:107FF000002005B0BDE8F083636A97E807001D68BC
:1080000001AB83E807000C221946284606F0E1FF81
:1080100078B975B122692B699A420AD1AB69A26914
:108020009A4206D8E2699A4203D963696A6993431E
:108030000CD0256A75B10D4805F000FA002383F3D2
:108040001188BFF36F8F0423184602DFE3680136FF
:108050001C44CBE7484605F0F1F9636A1D60F5E77B
:10806000008A00010CF40201CC090301A3090301F9
:1080700010B9024B1B681847704700BF20680021E9
:1080800010B538B101280BD1BDE8104000200B49D4
:10809000F3F7AABE0A4B0120BDE810401B68184741
:1080A00008494C23084A094805F0DEF9084805F05C
:1080B000DBF94C21044805F0CEF900BF71800201C4
:1080C000206800211D0E0301FF09030114F90201BC
:1080D0003C0A030108B598B1012804D1BDE8084065
:1080E0000020F3F79DBE07495F23074A074805F0C4
:1080F000BBF9074805F0B8F95F21034805F0ABF973
:1081000008BD00BF1D0E0301FF09030114F90201A0
:108110003C0A0301014B18600020704720680021D1
:108120000022D30003F1FF7303F58033D3F800136B
:10813000013107D0D3F800130132D3F80433202AD9
:108140000B60EED1224BD3E94C32072B26D1023AF9
:10815000032A204B28D9D3F80024D10732D41C4B52
:10816000D3F83021072A19D1D3F83431023B032B3D
:1081700002D8194AD35C8BB17F23184A1849C2F838
:1081800018310023C1F8043EC1F8083EC2F824317A
:10819000C2F82C3102F57F22C2F81031114B1A6857
:1081A000114BC3F84425704710498A5C002AD2D08D
:1081B000D3F80024D207CED50022C3F81421C3F887
:1081C0001821C8E76FF00102C3F80024C7E700BF19
:1081D0000000FF01005000414C0A03010020004153
:1081E000000008410080FF0100600041500A0301C7
:1081F000014B1860704700BF2468002110B50B4B7D
:108200001446186858B90A490A4840F2F3130A4A52
:1082100005F02AF940F2F311074805F01CF905F0C2
:10822000A4FE0028A4BF2070002010BD24680021F7
:10823000910A030114F90201540A03010123024ABD
:108240008340C2F80435704700F00041034A4309F7
:10825000D35C00F01F001844C0B27047650B0301E7
:1082600010B504460846FFF7F1FF04EB4000838A8F
:10827000DA051CD5C3F3432123F4F853838204F1B8
:10828000120204F1720032F8023F13F4807F03D02F
:10829000C3F3432399420AD09042F4D1002204EB65
:1082A000C1035A6004F1780005F079FE00B910BDF1
:1082B000054906484FF4DB73054A05F0D5F84FF43D
:1082C000DB71034805F0C7F80BF9020114F902014C
:1082D000E60A030108B502680146104605F07EFE75
:1082E00058B910494FF474730F4A104805F0BCF8A0
:1082F0004FF474710C4805F0AEF802F01F035209F8
:108300000B600BD0012A0BD0094940F2D933064A41
:10831000064805F0A9F840F2D931EBE7054808BD59
:108320000548FCE77F0703014C07030114F902012C
:108330001D0E030100058C4100088C41072808B57B
:108340000BD90849084840F2A733084A05F08CF8D1
:1083500040F2A731054805F07EF8800000F58070F6
:1083600008BD00BFDC0A030114F90201A70A0301DA
:10837000034611F0010030B5CCB210D1A207C4F30E
:10838000400018D50D4A106A58600D4B1062D3F8A2
:108390003031072B10D0003818BF01200BE00949FD
:1083A000074D0A6A1A600A62D5F83051072D08BFD6
:1083B000096A002AE2D030BD136AECE700088C415C
:1083C0000000FF0100058C41F7B504460846FFF7A1
:1083D0003DFF04EB4006B38A0D46DB072AD5204655
:1083E00005F0EEFE2946204605F00AFE50B1204673
:1083F00005F034FE0023276807EB8000C0F8103535
:10840000C0F81035204600242946FFF729FFB48222
:1084100001A80195FFF75EFF019B00EB8300D0F8F8
:108420000022064B134043F00203C0F800322046FE
:1084300003B0F0BD6FF01500FAE700BFF0F0FCFFED
:108440002DE9F0430E461746044685B058B95A49FF
:108450005A4840F25E435A4A05F006F840F25E413F
:10846000574804F0F8FF0846FFF7F0FED7F8008001
:108470000546B8F1000F19D0204605F0E4FD18BB01
:108480004346CDE900008DF80E008DF80F000DF188
:108490000F0230460DF10E0105F009FE04EB450216
:1084A000938A23F0020343F0010393827B689BB31A
:1084B0003146204693F80080D3F8049005F0B8FDCB
:1084C00028B1B9F1000F1FD06FF0150027E004EBC1
:1084D0004500838A23F4604323F020038382B9F1AB
:1084E000000F11D0B8F1030FEED87B6821685B68EC
:1084F00093F800C04FEA8C031944B8F1000F11D172
:10850000C1F81085C1F8108504EB4502938A23F069
:108510001C0343EA88039382BB6843BB002005B079
:10852000BDE8F083D1F8102522F00302C1F8102530
:1085300022681344D3F8102522F44F3222F44072FB
:10854000C3F810253202D3F8101502F47C5242EA27
:1085500008420A43C3F8102504EB4C03A3F87C60DF
:10856000838A43EA4C3343F020038382CCE73146CD
:10857000D3E900782046FFF773FE002FCED0636862
:108580009F4206D004F1780005F0EFFC002804DAE1
:10859000C5E7A3689845F5D1002004EBC003C3E903
:1085A000017804EB4505AB8AC0B243EA402343F4AB
:1085B0008073AB82B2E700BF240B030114F9020100
:1085C000E60A03012DE9FF410C4616461F46054603
:1085D00058B93C493C484FF48D633C4A04F044FF91
:1085E0004FF48D61394804F036FF0846FFF72EFE40
:1085F000804616B3284605F01BFD18B9284605F03D
:10860000FFFC08BB2146284605F005FD10B1737834
:10861000012B19D001238DF80F300023721CCDE9F6
:1086200000632046B31C0DF10F0105F040FD05EB82
:108630004802938A43F003039382002F3FD02146E0
:10864000284605F0F5FC20B96FF0150004B0BDE830
:10865000F08100223E782B6805EB480003EB86038F
:10866000C3F81025C3F81025838A4FEA860C23F43B
:10867000604323F020038382797801B32A68BF78AE
:108680006244D2F81035090423F4991323F4F85303
:10869000C2F81035230201F4403103F47C530B433C
:1086A0003905D2F8105501F480110B432B43C2F861
:1086B0001035838A43EA463343F020038382002047
:1086C000C4E700BF240B030114F90201E60A030109
:1086D00008B558B90749084840F27143074A04F001
:1086E000C3FE40F27141054804F0B5FEC0E9031233
:1086F00008BD00BF240B030114F90201E60A0301BF
:1087000070B51546044658B9134940F27A43134AE6
:10871000134804F0A9FE40F27A41104804F09BFE91
:108720004AB9104940F223330C4A0D4804F09CFE2C
:1087300040F22331F1E705F063FC48B10846FFF74A
:1087400085FD04EB40040020A38A5B0B2B7070BDF9
:108750006FF01500FBE700BF240B0301E60A0301DD
:1087600014F902012F0B0301F8B5054658B91B494E
:108770001B484FF491631B4A04F076FE4FF491615D
:10878000184804F068FE90F88C4024BB274660220D
:108790002146143006F015FC2E68E0B2FFF7CEFD3E
:1087A000A0F580739B081F2B08BF375004F101040C
:1087B00008BF3358082CF0D1002446F30730C6F820
:1087C0007C41D6F87C31FCF723FD0123204685F857
:1087D0008C30AB67F8BD6FF07700FBE7240B03012B
:1087E00014F90201E60A030108B558B90849094815
:1087F00040F28F43084A04F037FE40F28F410648AA
:1088000004F029FE90F88C00003818BF012008BD44
:10881000240B030114F90201E60A030108B558B953
:108820000749084840F29D43074A04F01DFE40F204
:108830009D41054804F00FFEBDE80840FFF7C4BDA8
:10884000240B030114F90201E60A030108B558B923
:108850000849094840F2A443084A04F005FE40F2E2
:10886000A441064804F0F7FD0548BDE8084005F0BE
:1088700096BB00BF240B030114F90201E60A0301B1
:108880009801002110B50C4658B90A490A4840F22F
:10889000AB430A4A04F0E8FD40F2AB41074804F05C
:1088A000DAFD074805F061FB0028A4BF2070002016
:1088B00010BD00BF240B030114F90201E60A0301F5
:1088C000980100212DE9F3410D461646044658B99A
:1088D00038494FF4A563384A384804F0C5FD4FF4D1
:1088E000A561354804F0B7FD05F095FB48B934495A
:1088F00040F23543304A314804F0B6FD40F235418C
:10890000EFE7204605F07CFB2768F8B1204605F02C
:108910008FFB8046D0B9204605F0A0FB0546FFF747
:108920000DFD47F800803B58236803EB8503D3F81F
:10893000102542F00102C3F8102526B10123226858
:10894000AB40C2F8043302B0BDE8F081D7F804337D
:10895000002BA4BF4FF00043C7F804334EB91949A8
:1089600040F24F43144A154804F07EFD40F24F4157
:10897000B7E72846FFF76AFC04EB4004A38AC3F379
:108980008203042B11D0052B11D001A80195FFF70C
:10899000A1FC019B0169D94001F001010231284687
:1089A00002B0BDE8F04105F0CFBB0321F7E702219B
:1089B000F5E700BF240B0301E60A030114F90201E5
:1089C000390B03015A0B030108B558B90749084888
:1089D00040F22F53074A04F047FD40F22F5105485B
:1089E00004F039FDBDE8084005F0EABB240B0301A3
:1089F00014F90201E60A03012DE9F04F804689B01F
:108A000058B97149714840F25C63714A04F02CFD19
:108A100040F25C616E4804F01EFD814659F804BBCB
:108A20000822DBF804135846C9B241F0004105F0B2
:108A30009AFB051E2BDA0023032106A8CDE9063395
:108A4000FFF796FC634B0DF1180A01930023019A7E
:108A5000009312F8013B60490192DA088A5C03F046
:108A6000070322FA03F3DA071AD4009B0AF1040A77
:108A7000A3B14FF000410022584605F074FB0321DA
:108A800006A8FFF775FC0028DCD125F0004501247D
:108A9000002D40F0828009B0BDE8F08F0123D6E7B9
:108AA000009B4E4A13440293DAF800100029DCD0F0
:108AB00091FAA1F1B1FA81F1029B1C7841EA4414C8
:108AC0002046FFF7C3FB08EB4000878AC808BB08B5
:108AD000039301231AF8002001F0070103FA01F1C2
:108AE00022EA01020AF8002005A80594FFF7F2FB2C
:108AF000059A039B803250F82220C7F382065B0759
:108B00003746C2F301422CD521464846D6B23A46F2
:108B100005F0AEFA05A80594FFF7DCFB059B803352
:108B200050F82330C3F301439E4207D10021204671
:108B300005F00AFB3146204605F006FB05A8059422
:108B4000FFF7C8FB0122059B02FA03F30362244BE3
:108B5000D3F83031072B01BF036A036A036A036A43
:108B6000A2E7022A0DD10321204605F0EDFA06F016
:108B70000503012BE2D13A462146484605F078FA32
:108B8000DCE702212046039205F0DEFA032EF2D044
:108B9000039A032AD2D1022EECE795FAA5F3B3FA91
:108BA00083F304FA03F225EA020503F5A2725BF8E7
:108BB000222008EB43034846B3F87C10C2F301427D
:108BC00005F056FA64E700BF240B030114F9020113
:108BD000E60A0301750B030164F80201750B03013A
:108BE0000000FF01F8B517460E4649B90C490D487B
:108BF00034230D4A04F038FC34210B4804F02BFCDC
:108C00000A4D2C7944B91220FCF702FB01232046BF
:108C10002B712E60AF60F8BD6FF07700FBE700BFEF
:108C2000D207030114F90201770B03012868002120
:108C300038B518B1154B1B79012B09D014491548CB
:108C40004723154A04F010FC4721134804F003FCA5
:108C50000023124A50F8234003F5A2710133102B70
:108C600042F82140F6D100230C4A00F13C0103F503
:108C7000B27451F8045F0133102B42F82450F6D13E
:108C8000D0F88030C2F8043338BD00BF2868002116
:108C9000B20B030114F90201770B0301002001411B
:108CA00008B5094B1B79012B09D0084908487623E0
:108CB000084A04F0D9FB7621064804F0CCFB064AAA
:108CC0008340C2F8043308BD28680021E90B030182
:108CD00014F90201770B03010020014108B5094B8B
:108CE0001B79012B09D0084908487E23084A04F063
:108CF000BBFB7E21064804F0AEFB064A8340C2F867
:108D0000083308BD28680021E90B030114F90201AA
:108D1000770B030100200141F8B501260027124B13
:108D2000124DD3F80C4304B9F8BD94FAA4F0B0FA8C
:108D300080F006FA00F30F2824EA03040BDD0C4947
:108D40000C4840F217230C4A04F08EFB40F2172126
:108D5000094804F080FB094B82009F502B68002BD0
:108D6000E1D0A9689847DEE700200141286800218A
:108D7000440C030114F90201120C0301002101410A
:108D80002DE9F0410E4617460C4D55F81C4FAC42EC
:108D900003D16FF01200BDE8F081314654F8440C65
:108DA000A4F14408FAF7BAFE30B9C7F8008040468B
:108DB000BDE8F04105F0F6BA2468E8E73468002120
:108DC00010B5D0E909124A60416A00F1240311602C
:108DD000C0E909334368044603B19847054A9368DC
:108DE00033B11279062A03D907202268024998472D
:108DF000002010BD346800214F0C03012DE9F04123
:108E000007460D460B4E56F80C4FB44202D16FF098
:108E100001000AE0394654F8240CA4F12408FAF7BA
:108E20007DFE20B91DB1C5F80080BDE8F081246841
:108E3000EBE700BF3468002138B5044600B3006892
:108E4000F0B10378E3B10021FFF7D8FFD8B104F106
:108E50001C03C4E907330D4B04F12402196903F123
:108E60000C00A16260621A610A609D6835B11B79CD
:108E7000062B03D9072022680549A847002038BDE2
:108E80006FF01500FBE76FF01000F8E73468002181
:108E9000510C030138B5114C0546216819B1002069
:108EA0000131216038BD2422204606F08AF82B6863
:108EB0002846A3602B79237104F10C03C4E9033322
:108EC00004F11403C4E9053304F11C03C4E90733B6
:108ED00000F018F80028E5D12168E0E734680021A7
:108EE00038B5074D2C68013C2C6044B900F012F8ED
:108EF00021462846BDE83840242206F062B838BD35
:108F00003468002108B50248FFF796FF002008BD2D
:108F10009C0100210148FFF753BF00BF9C010021C5
:108F20000EB4431E062B33B588BF0020094B05AC99
:108F300054F8045B53F82010074804F07FFA2146E8
:108F400028460194FAF7EEFF02B0BDE8304003B0C6
:108F5000704700BF68F802016C0C03012DE9F04F67
:108F600087B017469B460446DDF840A000284BD04A
:108F7000056A35B12D6825B1AC4607B0BDE8F04FA4
:108F80006047E36A9F4242D80026BE4203D10020D8
:108F900007B0BDE8F08F182303FB06F8D4F8309033
:108FA000A26909EB08052B1D0593CAB968696968B0
:108FB0000368B5F80CC0C91AAB680CF1030E5D1E4E
:108FC00005EB0C155B4205EB4E051D4005EBCC0394
:108FD00085680633A94228BF4FF0FF3105F0AFF98D
:108FE00059F8083020460293236AB1B29B6A019374
:108FF0005AF8263000935BF82620059B05F017FAF7
:109000000028C5D10136C0E76FF01500C0E7014860
:10901000BEE700BF40F4FFFF10B5044690B1028DDB
:1090200043899A4209D0084A936833B11279032AD6
:1090300003D942680549042098472046BDE81040FE
:1090400005F0AABF10BD00BF34680021070D030161
:1090500030B544898C4212D9436A013C5D882C406A
:1090600003EBC40359609A60BFF35B8F426A538875
:1090700001335380438D01334385002030BD0148C7
:10908000FCE700BF41F4FFFF70B4039E144660B1DB
:10909000006A50B14BB1013407D0002E05DBD0F887
:1090A000844014B1A44670BC6047014870BC70474E
:1090B0002DF8FFFF70B4039E144660B1006A50B1F2
:1090C0004BB1013407D0002E05DBD0F8944014B129
:1090D000A44670BC6047014870BC70472DF8FFFF84
:1090E0002DE9FF47DDF834800E4691469A46054645
:1090F000002876D0002974D0B8F1000F71D001F1AA
:109100006407384605F0FEFABAF1FF3F49D1346EE4
:1091100006F1500204F18000844204F01F0C07D2D3
:10912000C4F3411152F8211021FA0CF1C90736D4C9
:10913000012104F07F04600952F8203004F5806AB0
:1091400001FA0CF104F201440B4304F07F0442F8ED
:10915000203034666B6C4A4603930E9B2946CDE95A
:1091600001830C9B30460093534605F07AFB38464A
:1091700001F0E2FA2C7874B196F8A4405CB1AB6AC5
:10918000013330D10021284605F0FBFA044610B126
:10919000284605F0CCFA204604B0BDE8F08701343B
:1091A000BAE7BAF5806FD5D3AAF580637F2B06F1B5
:1091B00050010FD8580951F8204003F01F0324FA3A
:1091C00003F2D2070BD4012202FA03F3234341F83E
:1091D0002030BFE7054C384601F0AEFADBE7044C1F
:1091E000F9E7024CD7E70024D5E700BF2DF8FFFFD1
:1091F00029F8FFFF08B583681A0C0AD1094A936859
:109200002BB11279022A02D903200749984700207E
:1092100008BDA3F5803383601B0C0CBF0120002028
:10922000F6E700BF34680021290D030138B5044674
:10923000E0B100F16405284605F064FBD4F8B430D1
:109240009B6953B9D4F8A840103C002C00DC084CB2
:10925000284605F055FB204638BD012BF7D1D4F840
:10926000BC0005F037FAA0F11004EEE7014CF2E77C
:109270002EF8FFFF2DF8FFFF38B50446E0B100F1EE
:109280006405284605F03EFBD4F8B4309B6953B919
:10929000D4F8AC40103C002C00DC084C284605F00B
:1092A0002FFB204638BD012BF7D1D4F8B80005F0CC
:1092B00011FAA0F11004EEE7014CF2E72EF8FFFFDF
:1092C0002DF8FFFF2DE9F041A3F1100853F8087CB9
:1092D000002388B00693ADF81E301023CDE90412A8
:1092E0000E9D0446D0F8C000ADF81C500168866899
:1092F000A8EB0101B14228BF4FF0FF310DEB030293
:1093000004F0E3FF1028BFB20BD024494FF4DF7301
:10931000234A244804F0A8F84FF4DF71204804F0F1
:109320009AF804F16406304605F0ECFAD4F8B4304B
:109330009B69D3B9D4F8A820D4F8B430D4F8BC00D1
:109340009B69CBB9CDE90282CDF80080012202A948
:1093500005F09AF8B0B1144940F2C913104A114807
:1093600004F082F840F2C911D8E73946D4F8BC00BD
:1093700005F020F90246DFE7012B03D13946FFF75C
:1093800067FEE7E7D4F8BC0005F06DF9304605F05C
:10939000B7FA284608B0BDE8F08100BF8D0D030183
:1093A0004A0D030114F90201A60D0301F0B50446AC
:1093B0008E680D46B6B23146D0F8B80085B005F0DB
:1093C000F9F8D4F8B43007469A699AB90095CDE90E
:1093D00002500123D4F8B80002A905F055F848B1AD
:1093E0000F497D230F4A104804F03EF87D210D48B7
:1093F00004F031F8D4F8B4309B69012B0ED13A4611
:109400003146D4F8B800FFF723FE38B1044983236E
:10941000044A054804F028F88321E8E705B0F0BDC8
:10942000B20D03014A0D030114F902012DE9FF41B8
:1094300003689E6A06F16408404605F063FAD6F8B0
:10944000B4309B693BB1012B12D0404605F058FA6D
:1094500004B0BDE8F081D6F8B8000DF10A0203A906
:1094600005F06EF8D6F8B43004469B69012B07D19D
:10947000D6F8B80003AA0DF10A0105F0A6F80446D3
:10948000002CE2D0BDF80A3000216268A3603046AB
:109490004FF0FF3305F0ABF9054605F039F9A36845
:1094A000404603F58033A36005F02AFAE5B1AB6AC4
:1094B000696C013308BF2368284608BFAB62236884
:1094C000A28900916F6B04F11001B84700280BDAF4
:1094D0001049114840F25A23104A03F0C5FF40F2E8
:1094E0005A210E4803F0B7FF404605F00BFA284614
:1094F00005F013F92046FFF77DFE38B130462146CE
:10950000FFF754FFD6F8B80005F0ADF8404605F077
:10951000F7F991E7BB0D030114F902014A0D0301AC
:109520002DE9F04385B00F46904603A90D9A0646F3
:10953000994605F0C8FA044650B30C9D039BD6F833
:10954000C0009D42A8BF1D460168D0F808C0611A3E
:10955000614528BF4FF0FF312B464A4604F0B5FE67
:1095600085420BD00B490C484FF405730B4A03F0AE
:109570007BFF4FF40571094803F06DFF2346424617
:10958000394630460095FFF79DFE05B0BDE8F083F3
:109590000348FAE7C70D030114F902014A0D03015C
:1095A0002EF8FFFF2DE9F0478AB00D46DDE912974E
:1095B00016469846044620B9954E30460AB0BDE896
:1095C000F0870029F8D0002BF6D00021A822C0F89F
:1095D000D01005F0F6FC012204F16400114605F0FC
:1095E000AAFB8C4BC4F8B450E667AC62C4F8843074
:1095F000894BC4F88830894BC4F88C30884BC4F848
:109600009030884BC4F89430874BC4F89830874B1F
:10961000C4F89C30864BC4F8A030AB693BB9002F2E
:10962000CAD097E8070004F1A80383E80700AB69F4
:10963000012B04D02B6A03BB6FF00506BDE7D4F8FD
:10964000B400002800F0E080036A002BF4D09B688F
:10965000002BF1D0984742060CD50021D4F8B40075
:1096600005F03EF906460028A7D10021212002F08E
:109670003FFCE4E74307F8D5DCE71B69002BDBD0B0
:1096800028469847AB69012B04BF0023286100F0EE
:10969000010008BF6B6184F8A400AB69DBB93B7AB9
:1096A000002B00F0838009F10C03C4F8C430B9F139
:1096B000000F81D0D9F80820002A00F0A3809B6811
:1096C000002B00F09F805B4B04935B4B05935B4B3F
:1096D00006935B4B0793AB69012B07D1564B049361
:1096E000544B0593564B0693544B0793002104F1BA
:1096F000C803C4E9323306ABC4F8C0800222009329
:109700002846019104ABFFF729FC064600287FF4A8
:1097100054AFAB693BB92B6B1B68C4F8B8302B6BEB
:109720009B69C4F8BC30AB69012B07D12B6B9B69DB
:10973000C4F8B8302B6B1B68C4F8BC30D4F8BC003C
:1097400004F063FF2B6B1B68C3F82C802B6B9B69A9
:10975000C3F82C80D5F818A0BAF1000F07D1D4F8BF
:10976000AC300993D4F8B8305B89534520D894F8CD
:10977000A430C4E9004463B100230293314B204676
:1097800001933523304A0394009304F1080105F056
:1097900068F8AB69002B7FF410AF0421284605F070
:1097A0009FF8074600283FF408AF26E04B467CE7C9
:1097B0004846D4F8AC1005F077F90746E0B1D8F880
:1097C00000100890411AD8F808000022814228BFF2
:1097D0004FF0FF31D4F8AC30404604F0B0FD0097B4
:1097E00001230022D4F8B80008A904F04DFE074672
:1097F00018B90AF1010AB5E7144F284605F069F8CF
:109800003E46DAE6114ED8E66FF01506D5E600BF03
:109810002DF8FFFF2195020159E9020175EA0201C5
:10982000C7EA0201C592020111E90201799202011F
:109830002D920201D50D0301DB0D03012D940201D0
:10984000FFE802017DE90201E10D03012EF8FFFFAF
:10985000F0B505460E46174687B0074A03AC07CA5F
:1098600084E807000C9A3146009228463A46019453
:10987000FFF798FE07B0F0BD24F4020138B5436944
:1098800005463BB90024EA686042537843F001037F
:10989000537038BD984704460028F3D000F1FF0309
:1098A000FE2B0ED92123094A09490A4803F0DCFDA1
:1098B00029680948224603F0D7FD2121034803F017
:1098C000CAFDEB6844421C70DDE700BFE40D0301F4
:1098D000070E030114F902011F0E030170B50446BF
:1098E000EFF31186402383F31288BFF36F8F0E4B83
:1098F0009D6805F0DCF9042C0CD10C4987230C4A37
:109900000C4803F0B1FD0C4803F0AEFD8721084878
:1099100003F0A1FD86F31188BFF36F8F2846BDE8E1
:109920007040FBF71DBC00BF58680021660E0301A4
:10993000440E030114F90201830E030138B50A4BEA
:1099400053F82040013053F82050A54200D838BDCC
:10995000606830B1037EDB0701D4FFF78FFF083466
:10996000F3E723689847FAE788F80201012270B507
:10997000384B032086B01A70FFF7E0FFFCF758FA67
:1099800005F011FB0420FFF7D9FF334C334DAC42F7
:10999000264628D932494423324A334803F064FD2D
:1099A000324803F061FD44212E4803F054FD54F881
:1099B0000C3C059354F8103C049354F8143C039366
:1099C00054F8183C029354F81C3C019354F8203C82
:1099D000009354E90A2354E90C0101F0A3FB54F865
:1099E000303C5E65D3E7AE4204F13004DFD302F0D1
:1099F0005BF8194C1E4EAC421FD919496823194A0D
:109A0000194803F031FD194803F02EFD6821CBE71A
:109A1000D4E90A23B3F1FF3F08BFB2F1FF3F05D0FD
:109A200052EA0301206803D102F09CFA3034E2E7E5
:109A30003146183002F0C6FDF8E7E9D302F0A6F887
:109A400003F0CBFB0B4A137B23F00103137306B027
:109A500070BD00BFB56A002148F30201A8F30201FE
:109A6000D90E0301B80E030114F90201060F030118
:109A70000FEE0201506400210023012270B586B070
:109A8000CDE904230F220193CDE9023214230F4DB7
:109A90000F4E03FB00550F4906EBC016044601EBC1
:109AA00000214FF4807230460B4B009501F03AFBD9
:109AB000737B2C7423F004037373084B013403EBA2
:109AC000C423EE606B6006B070BD00BF5868002113
:109AD000D0630021B8820021ED9C0201B87A0021F8
:109AE0007FB50020FFF72AFF344B03F5006282F3B5
:109AF000088883F30A88E023314C84F8223020233D
:109B0000E377002323766376A37684F82030626AB5
:109B100042F4E022626284F82330FBF79FFAFBF7FD
:109B200027FC4FF0FF33A362E362FBF7DFFDFBF797
:109B300043FC244801F0A0FB234B244A93420ED956
:109B40002349CC23234A244803F08EFC234803F006
:109B50008BFCCC211F4803F07EFC1C33EEE7FCD3CA
:109B6000FCF75EF90120FFF7E9FE02201C4CFFF72D
:109B7000E5FE02F09BF81B4B00255C611A4B4FF48D
:109B80000062059301231949CDE903532046184B80
:109B9000CDE90155009501F0C5FA0646637B2046E4
:109BA00023F00403637301F0D1FC2846FFF764FF40
:109BB000314620460E4AFBF7BBFB00BFB87A0021B6
:109BC00000ED00E0D064002190F1020154F20201A6
:109BD000250F0301B80E030114F90201060F03015A
:109BE00050640021586800213D0F0301B883002113
:109BF0006D99020138B50D4C0D4DAC4213D90D498C
:109C000025230D4A0D4803F02FFC0D4803F02CFCD2
:109C10002521094803F01FFC2046D4E9011205F074
:109C200049F81834E9E7F7D3002038BDE0010021F6
:109C3000F8010021AC0F0301420F030114F90201E6
:109C4000060F0301F8B505460E4600F11404EFF3C4
:109C50001187402383F31288BFF36F8F204602F0F1
:109C600057FC68B988231B4A1B491C4803F0FCFBBE
:109C700021461B4803F0F8FB8821164803F0EBFB54
:109C8000204602F069FC28463146FAF771F805F1E2
:109C90000C0005F0CAF828B139462046BDE8F84066
:109CA00001F0A8BE204602F041FC68B94FF49A7357
:109CB000084A0C49094803F0D7FB21460A4803F03B
:109CC000D3FB4FF49A71D8E787F31188BFF36F8FF6
:109CD000F8BD00BF30FC020189FC020114F9020149
:109CE0009EFC02015DFC020174FC020108B50D4BF3
:109CF0009B6893F90E30002B09DB4024EFF31183AE
:109D000084F31288BFF36F8F03F0AAFEF6E70649CB
:109D100006481C23064A03F0A7FB1C21044803F055
:109D20009AFB00BF58680021E60F030114F90201F5
:109D3000C50F030108B583684BB90B490B488F2346
:109D40000B4A03F091FB8F21094803F084FBD0E913
:109D5000003213605A600023427BC0E9003322F0D6
:109D600002024273836008BD3910030114F9020135
:109D70000E1003012DE9F74F04460F4691461E468B
:109D80009DF830A0EFF3058373B152EA06030BD0C0
:109D900060498123604A614803F066FB604803F034
:109DA00063FB81215C4819E004F10805EFF3118899
:109DB0004FF0400B8BF31288BFF36F8F284602F0F1
:109DC000A7FB68B98823574A5749544803F04CFB0E
:109DD0002946564803F048FB8821524803F03BFBD4
:109DE000284602F0B9FB626A23699A4278D2EFF3FF
:109DF00011838BF31288BFF36F8F83F31188BFF346
:109E00006F8F5BB94A49A6234A4A444803F02CFBAA
:109E1000434803F029FBA6214648DFE72668B44201
:109E200017D0B6B13046FFF785FF06F1180002F0F3
:109E3000A5FC3946E268306905F0B6F800233046E3
:109E4000F36701F083FB4146284601F0D3FD00246F
:109E500054E0206A6169884202D3A369984207D31B
:109E600035499C232C4A2D4803F0FEFA9C2199E7A2
:109E7000E268BAF1000F28D0394605F095F8236A58
:109E8000E2681344A2692362934201D163692362A9
:109E9000636A04F1280001336362102102F0BEFD01
:109EA00004460028CFD1284602F040FB68BB4FF49F
:109EB0009A731C4A2149194803F0D6FA29462048CA
:109EC00003F0D2FA4FF49A7187E7E069814208BF44
:109ED000E361E0693946801AE06105F065F8D7E78B
:109EE00059EA06030ED0174B22469B6841461F6174
:109EF0002846CDE9009601F00BFC0446204603B04D
:109F0000BDE8F08F6FF02204CDE788F31188BFF32E
:109F10006F8FF3E7640F03015010030114F902017E
:109F2000A90F030130FC020189FC02019EFC020121
:109F3000721003010E1003018A1003015DFC02017F
:109F400074FC0201586800212DE9F7430446884655
:109F500017461D46EFF3058383B152EA05030DD082
:109F60005E494FF48A735E4A5E4803F07DFA5E48AC
:109F700003F07AFA4FF48A71594818E004F10806A0
:109F8000EFF31189402383F31288BFF36F8F3046BC
:109F900002F0BEFA68B98823544A5549514803F083
:109FA00063FA3146534803F05FFA88214F4803F0C3
:109FB00052FA304602F0D0FA636A002B63D0E268AE
:109FC0004046E16904F0F0FFE369E2681344A269E6
:109FD000E361934204BF6369E361636A013B6362C7
:109FE000EFF31183402282F31288BFF36F8F83F364
:109FF0001188BFF36F8F5BB93F49A6233F4A3948A9
:10A0000003F032FA384803F02FFAA6213B48CEE796
:10A010002568AC4247D0002D46D02846FFF78AFE7F
:10A0200005F1180002F0AAFB206A6369984202D386
:10A03000A369984209D332494FF49773284A2948B3
:10A0400003F012FA4FF4977196E72969E26804F079
:10A05000ABFF236AE26828461344A2692362934255
:10A0600004BF63692362636A013363620024EC679F
:10A0700001F06CFA4946304601F0BCFC2546284602
:10A0800003B0BDE8F08357EA05031FD01D4B2246FD
:10A090009B684946C3F810803046CDE9007501F051
:10A0A00037FB0546EBE70025304602F03FFA80B962
:10A0B0004FF49A730D4A14490A4803F0D5F9314612
:10A0C000124803F0D1F94FF49A716FE76FF022054F
:10A0D000EAE789F31188BFF36F8FD0E7640F0301BC
:10A0E0005010030114F90201A90F030130FC020111
:10A0F00089FC02019EFC0201721003010E10030193
:10A100008A100301586800215DFC020174FC020101
:10A110002DE9F341044617461E46EFF3058565B168
:10A1200058496F23584A594803F09EF9584803F09C
:10A130009BF96F21544803F08EF9EFF31188402307
:10A1400083F31288BFF36F8F524802F0E1F960B9D0
:10A150008823514A51494D4803F086F94D495048EA
:10A1600003F082F988214C48E5E74A4802F0F4F907
:10A17000E3684C4A9BB1A0689168884229D057EAAD
:10A1800006032ED1434802F0D1F9A0B188F311881B
:10A19000BFF36F8F6FF00F0002B0BDE8F0819168E0
:10A1A00091F90E100133E36093683A482161A3608E
:10A1B00002F0BCF978B94FF49A73374A3A493348F8
:10A1C00003F052F93349394803F04EF94FF49A71CC
:10A1D000C9E72169E6E788F31188BFF36F8F002094
:10A1E000DAE791F90E1090F90E306FF07E02994285
:10A1F000A8BF19469142B8BF11468B4202DD04F058
:10A200006AFD054622464146CDE90076214801F027
:10A210007FFA0028E3D0EFF31186402383F31288FE
:10A22000BFF36F8F1B4802F073F9002890D01948D4
:10A2300002F092F9A068C0B1236821699C420AD05B
:10A240004BB193F90E309942A8BF19466FF07E03C7
:10A250009942B8BF194604F03EFD30B131460D4871
:10A2600001F0C8FB6FF00A0096E7002DF6D109480F
:10A2700002F05CF900289ED086F31188BFF36F8F3F
:10A28000F0E700BFF8100301D610030114F9020132
:10A290000A1103017868002130FC020189FC0201E7
:10A2A0009EFC0201586800215DFC020174FC020161
:10A2B000F8B50546EFF3058363B15449D723544AF3
:10A2C000544803F0D1F8544803F0CEF8D721504851
:10A2D00003F0C1F88368002B00F092804F4A926827
:10A2E000934240F09080C3683BB94D49EF23484A00
:10A2F000484803F0B9F8EF21E9E7012B03D0013B0F
:10A30000C3600020F8BDEFF31187402484F3128866
:10A31000BFF36F8F434802F0FBF860B98823424ACD
:10A3200042493C4803F0A0F83E49414803F09CF8FC
:10A3300088213D48CCE73B4802F00EF92969A8681E
:10A3400004F0C9FCEFF3118384F31288BFF36F8F1D
:10A3500083F31188BFF36F8F5BB93649A623364A62
:10A360002C4803F081F8354803F07EF8A6213248E6
:10A37000AEE72C68A54215D100232A48C5E902336F
:10A3800002F0D4F8002836D14FF49A73264A2C49AB
:10A39000204803F069F823492A4803F065F84FF490
:10A3A0009A71C6E7002CE7D0A3683BB926498F23F2
:10A3B000214A184803F058F88F21D8E70026D4E93D
:10A3C000003213605A60637BC4E9006623F0020325
:10A3D0006373A66004F1180002F0D0F9AC6094F940
:10A3E0000E3020462B61E66701F0B0F839460D4883
:10A3F00001F000FB85E787F31188BFF36F8F80E7DB
:10A400006FF015007EE74FF0FF307BE7F810030197
:10A41000D610030114F902010A1103015868002142
:10A420002F1103017868002130FC020189FC020130
:10A430009EFC0201721003010E100301A90F03011B
:10A440005DFC020174FC02013910030108B5836848
:10A450004BB90B490B488F230B4A03F005F88F21AA
:10A46000094802F0F8FFD0E9003213605A60002377
:10A47000427BC0E9003322F002024273836008BDD0
:10A480003910030114F902010E1003012DE9F04700
:10A4900004460F4691469A469DF8208000F1080533
:10A4A000EFF31186402383F31288BFF36F8F2846A2
:10A4B00002F02EF860B98823504A5149514802F001
:10A4C000D3FF2946504802F0CFFF88214B481DE0BA
:10A4D000284602F041F8B8F1000F00D06768EFF3AA
:10A4E0001183402282F31288BFF36F8F83F31188A8
:10A4F000BFF36F8F63B94549A623454A414802F02F
:10A50000B3FF444802F0B0FFA621414802F0A3FF88
:10A51000234653F80C8F984519D0B8F1000F16D088
:10A520004046FFF793FF08F1180002F027F90023D7
:10A530004046C8F87C30C8F8109001F007F8314662
:10A54000284601F057FA00242046BDE8F087BAF10A
:10A55000000F14D0082002F0BFFB002846D00122D3
:10A56000C0F804900260016801F003015FB922683D
:10A570000A430260626820606AB960600BE0484686
:10A58000C9F800A0EFE73A68032A24D8016061689F
:10A59000D9B9C4E9000004F11400042102F03EFA24
:10A5A00004460028CBD1284601F0C0FF08BB4FF479
:10A5B0009A73124A1849134802F056FF2946174861
:10A5C00002F052FF4FF49A7180E70A6802F003022A
:10A5D00002430A60D1E722F003020A4302603A68AC
:10A5E00002F0030240EA02033B60D4E76FF00B0481
:10A5F000D9E786F31188BFF36F8FA5E730FC02011E
:10A6000089FC020114F902019EFC0201721003018F
:10A610000E100301A90F03015DFC020174FC02018D
:10A620002DE9F743064690461F4600F10805EFF373
:10A630001189402383F31288BFF36F8F284601F0FE
:10A6400067FF68B98823254A2549264802F00CFF90
:10A650002946254802F008FF8821204802F0FBFE29
:10A66000284601F079FF3468FCB12368726823F052
:10A670000303944220464FF00101336008BF73602A
:10A6800004F038FB0446284601F050FFE8B94FF4C7
:10A690009A73124A1549134802F0E6FE29461448F7
:10A6A00002F0E2FE4FF49A71D7E758EA0703EAD0C6
:10A6B00049462846CDE9008706F10C0201F028F84A
:10A6C00038B90C4B9B681C6903E089F31188BFF310
:10A6D0006F8F204603B0BDE8F08300BF30FC02015D
:10A6E00089FC020114F902019EFC02015DFC0201D9
:10A6F00074FC02015868002108B583684BB90B4906
:10A700000B488F230B4A02F0AFFE8F21094802F05D
:10A71000A2FED0E9003213605A600023427BC0E9F8
:10A72000003322F002024273836008BD3910030136
:10A7300014F902010E10030170B50446EFF31186FF
:10A74000402585F31288BFF36F8F334801F0E0FE98
:10A7500060B98823314A3249324802F085FE2E49D9
:10A76000314802F081FE88212C4818E02A4801F087
:10A77000F3FEEFF3118385F31288BFF36F8F83F33A
:10A780001188BFF36F8F63B92849A623284A25484B
:10A7900002F06AFE274802F067FEA621244802F074
:10A7A0005AFE2568AC4212D08DB12846FFF7A4FFAF
:10A7B00005F1180001F0E2FF00232846EB6700F0E6
:10A7C000C5FE3146BDE87040134801F013B9D4E925
:10A7D00002329A4218BF01330221A36004F1100033
:10A7E00002F01CF90028ECD10B4801F09FFE68B97B
:10A7F0004FF49A73094A10490A4802F035FE064997
:10A800000E4802F031FE4FF49A71ADE786F31188DD
:10A81000BFF36F8F70BD00BF7C68002130FC020168
:10A8200089FC020114F902019EFC0201721003016D
:10A830000E100301A90F03015DFC020174FC02016B
:10A84000F7B5044616461D46EFF305837BB152EA81
:10A8500005030CD02D4988232D4A2E4802F004FE12
:10A860002D4802F001FE8821294802F0F4FDEFF3A3
:10A870001187402383F31288BFF36F8F274801F0BD
:10A8800047FE60B98823264A2649224802F0ECFD9B
:10A890002249254802F0E8FD88212148E5E71F48C4
:10A8A00001F05AFEA368D3B1013B1C48A36001F03C
:10A8B0003DFE68B94FF49A73194A1C49154802F0D5
:10A8C000D3FD16491A4802F0CFFD4FF49A71E4E720
:10A8D00087F31188BFF36F8F002003B0F0BD56EAF5
:10A8E00005030BD10D4801F021FE0028E2D087F3CB
:10A8F0001188BFF36F8F6FF00F00EEE722463946E5
:10A90000CDE90065054800F003FFE6E766110301A5
:10A910004611030114F90201A90F03017C6800210B
:10A9200030FC020189FC02019EFC02015DFC020177
:10A9300074FC02012DE9F0430446764E764F85B053
:10A94000EFF31188402383F31288BFF36F8F3046F3
:10A9500001F0DEFD68B98823704A7149714802F040
:10A9600083FD6C49704802F07FFD88216B4802F03E
:10A9700072FD304601F0F0FDD4F88450F5B90221A3
:10A9800004F19C0004F0E7F9002840D004F194059C
:10A9900000220121284601F077FC0028F8D100238D
:10A9A0004FF0FF3202934FF0FF334146CDE90023D1
:10A9B000304604F18C0201F0C5FCC1E7D4F88820D0
:10A9C0002B68954208BFC4F88830C4F88430D4F8A6
:10A9D0009C30304643F00203C4F89C30EB68D5F855
:10A9E000049023F0040343F00103EB6001F09EFDAB
:10A9F000F8B94FF49A73494A4C494A4802F034FD79
:10AA000044494B4802F030FD4FF49A71AEE7D4F858
:10AA10009C30DD06C3D5C4F89C003E4801F086FD9D
:10AA20000028E6D088F31188BFF36F8F05B0BDE82A
:10AA3000F08388F31188BFF36F8FB9F1000F0AD14B
:10AA40003C4938484FF438733B4A02F00DFD4FF44F
:10AA5000387139488BE72846C847EFF311884023FF
:10AA600083F31288BFF36F8F304601F051FD002849
:10AA70003FF471AF304601F06FFDEB68D90623F06B
:10AA8000010231D4EA60EB689A0716D5386823F0E2
:10AA90000203EB6088B10021036870B142689542FF
:10AAA00030D1036841BB7A683B60824200D17B6051
:10AAB000002340F8083BFFF73FFED4F89C303046B7
:10AAC00023F00203C4F89C30C3F3002501F02EFDEF
:10AAD00000288ED088F31188BFF36F8F002D7FF48C
:10AAE0002FAF01F0EBF82BE723F01103EB6005F13A
:10AAF0001000FFF721FEC6E70B607B68834208BFAA
:10AB00007960D5E723B11A68014618461346C4E7B1
:10AB10001A46F9E7886800218068002130FC0201AC
:10AB200089FC020114F902019EFC02015DFC020194
:10AB300074FC020109120301B3110301F8B5C368E3
:10AB400004469A070F46C3F340063BD45B0727D45D
:10AB50000B680BB983680B60E368DD0723D5A36836
:10AB60005BB92949294840F25713294A02F07CFC75
:10AB700040F25711264802F06EFC02263B603D6809
:10AB8000002D3ED0234B9A68D5F880309A420CD0E5
:10AB9000D5F89C30D807C3F3800216D46FF01206A4
:10ABA00000233B6027E00126E9E704F0F7F8D5F839
:10ABB0009C300028EED1D907C3F3C002EED552B1C4
:10ABC0005B0708D46FF00F06EAE7002AFAD1C3F357
:10ABD000C003002BF6D100232360D5F8883063B979
:10ABE000C5E92144284604F0C2F8E36843F00403B1
:10ABF000E3603B68A3603046F8BD1C60C5F8884040
:10AC0000F0E76FF01506CBE7D411030114F9020148
:10AC1000B31103015868002138B50D46044648B900
:10AC20000C499C230C4A0D4802F01EFC9C210A484A
:10AC300002F011FC39B90A499D23074A074802F07E
:10AC400013FC9D21F3E71022002104F0BAF965609E
:10AC500038BD00BFEF110301B311030114F9020164
:10AC600009120301F8B5C368064603F00503002B7B
:10AC70000C4614BF0127002729D085685DB91D49FE
:10AC80001D4840F2C1131D4A02F0EEFB40F2C11113
:10AC90001A4802F0E0FB0122002104F1100004F048
:10ACA0004AF820461649FFF7B7FFE36843F0100360
:10ACB000E360F3685B0712D5336823606BB9D5F89E
:10ACC000883033B9C5E92144284604F050F83846A5
:10ACD000F8BD1C60C5F88840F6E73460F4E7D5F8A5
:10ACE00084302360D5F88830C5F88440002BEBD140
:10ACF000F0E700BFDA11030114F90201B3110301F7
:10AD00006DED020137B50C46019059B9284940F262
:10AD10007D13284A284802F0A7FB40F27D11254800
:10AD200002F099FB4B684BB924494FF4BF73214A99
:10AD3000214802F099FB4FF4BF71F0E7EFF3118562
:10AD4000402383F31288BFF36F8F1D4801F0E0FBAF
:10AD500060B988231B4A1C49174802F085FB184933
:10AD60001A4802F081FB88211648D9E7144801F0FF
:10AD7000F3FB204601A9FFF7E1FE0446104801F06D
:10AD8000D5FB68B94FF49A730E4A11490A4802F08C
:10AD90006BFB0B490F4802F067FB4FF49A71E3E736
:10ADA00085F31188BFF36F8F204603B030BD00BF1D
:10ADB000EF110301B311030114F90201031203019E
:10ADC0008868002130FC020189FC02019EFC02011E
:10ADD0005DFC020174FC020170B50C46054658B9D1
:10ADE000384940F2CD13384A384802F03DFB40F272
:10ADF000CD11354802F02FFBC368DB0509D5344976
:10AE00004FF4E773304A314802F02EFB4FF4E771FC
:10AE1000EFE703F0C3FF48B12E4940F2CF132A4AAF
:10AE20002A4802F021FB40F2CF11E2E74CB92A494F
:10AE30004FF4E873244A254802F016FB4FF4E871FA
:10AE4000D7E7EFF31186402383F31288BFF36F8FA8
:10AE5000224801F05DFB60B98823214A21491B4843
:10AE600002F002FB1D49204802F0FEFA88211C482E
:10AE7000C0E71A4801F070FB28462146FFF7F2FEB2
:10AE80000546164801F052FB68B94FF49A73144A0C
:10AE900016490E4802F0E8FA1049154802F0E4FAA3
:10AEA0004FF49A71E3E786F31188BFF36F8F3DB1DA
:10AEB0004FF0FF324FF0FF3304F11000FFF7C0FCFA
:10AEC000284670BDEF110301B311030114F902010B
:10AED000201203014F1203015E1203018868002152
:10AEE00030FC020189FC02019EFC02015DFC0201B2
:10AEF00074FC020108B558B90849094840F2053305
:10AF0000084A02F0B1FA40F20531064802F0A3FA0D
:10AF1000A022002104F055F808BD00BFDA1103019A
:10AF200014F90201B3110301F0B589B004460E9D76
:10AF300058B92F4940F232332E4A2F4802F094FA82
:10AF400040F232312B4802F086FA49B92B4940F2DF
:10AF50003333284A284802F087FA40F23331F1E7C8
:10AF6000D0F89C0010F0010009D025494FF44D7332
:10AF7000204A214802F078FA4FF44D71E2E7C4E923
:10AF8000210004F18C00C4E9230004F19400C4E919
:10AF9000250055B32879002840F2011008BF012090
:10AFA000C4F89C0000204FF0FF364FF0FF37CDE98A
:10AFB0000330CDE90100CDE906672046114B00942E
:10AFC00000F014F955B1296811B1204603F0ECFEE8
:10AFD0006B791BB1237B43F001032373204600F000
:10AFE000C1FFC4F8804009B0F0BD0120D8E700BF20
:10AFF000A6120301B311030114F90201AC120301FB
:10B000007212030135A902017FB50D46044658B9F5
:10B010003A4940F265333A4A3A4802F025FA40F29A
:10B020006531374802F017FA03F0B8FE48B13649E7
:10B0300040F26633324A334802F016FA40F2663183
:10B04000EFE7EFF31186402383F31288BFF36F8F8E
:10B050002E4801F05DFA60B988232D4A2D49294810
:10B0600002F002FA29492C4802F0FEF9882128480A
:10B07000D8E7264801F070FAD4F89C3013F0060F98
:10B080001DD1B5B143F00C03C4F89C30204603F049
:10B090006EFE00234FF0FF3202934FF0FF33314634
:10B0A000CDE90023194804F1940201F04BF904B0F2
:10B0B00070BDD4F884504DB143F00403E4E743F08D
:10B0C0000402C4F89C20002DE0D0DBE70F4801F01B
:10B0D0002DFA68B94FF49A730D4A1049094802F0E5
:10B0E000C3F90A490E4802F0BFF94FF49A71BEE75E
:10B0F00086F31188BFF36F8F2846D8E7A6120301A5
:10B10000B311030114F902014F12030188680021F1
:10B1100030FC020189FC02019EFC02015DFC02017F
:10B1200074FC02012DE9F04385B00F9D04460F2DFC
:10B130000E46984637D1274B984538D104F158032D
:10B14000C4E91633109B0027237304230732A57329
:10B1500022F0070506EB0509494663732046C4E95A
:10B160000677A760E773F9F735FD0E9B073020F0EF
:10B170000700E066C4E9196502930D9BA9EB00097D
:10B1800001930C9B4A460093314643462046FAF70A
:10B19000B3F8114B67659B6803B11B6F4846236783
:10B1A00005B0BDE8F08305F110031E2BC6D940F2AF
:10B1B0004B230A4A0A490B4802F056F929460A4825
:10B1C0006FF00F030E2202F04FF940F24B210348BB
:10B1D00002F041F9ED9C020158680021B21203010E
:10B1E000D512030114F9020155130301F0B587B01C
:10B1F0000446DDE91276EFF3058575B1194940F291
:10B200001A33194A194802F02FF9194802F02CF99B
:10B2100040F21A31144802F01EF90595109D04956C
:10B220000F9D03950E9D02950D9D01950C9D00951A
:10B23000FFF778FFB6F1FF3F08BFB7F1FF3F05D03A
:10B2400056EA070305D1204600F08CFE204607B0E1
:10B25000F0BD3A46334604F11800064901F0B2F950
:10B26000F4E700BFF8100301B212030114F9020160
:10B27000861303010FEE020140F2011383810023C4
:10B2800010B50446C0E9193301F020FD014B9C6064
:10B2900010BD00BF5868002170B590F90D20437BA8
:10B2A000002A5ADBDC0658D12D4A43F08003904235
:10B2B000437309D12B4952232B4A2C4802F0D4F86E
:10B2C0005221294802F0C7F8D90707D52849532346
:10B2D000254A264802F0C8F85321F2E7254C2246B9
:10B2E00052F8183FE169934207D1C0E90021086094
:10B2F000E06111E09942F8D01B68002BF5D090F97D
:10B300000E5093F90E60B542F4D0AE42F2DD5968AA
:10B31000C0E9003108605860A569954200D005B9C0
:10B32000E568A3685BB91449EA23144A0F4802F0A0
:10B330009BF8134802F098F8EA211048C2E75A7BBC
:10B34000D20604D1DA897F2A01D9AA6932B1AB4287
:10B3500002D0284601F056F8656170BD6361FCE7D4
:10B36000D0630021CD130301AB13030114F90201D3
:10B37000EE1303015868002133140301071403017D
:10B38000A90F030138B590F90D200146002A437B2F
:10B390001BDA224A03F07F039042437309D120490C
:10B3A0005A23204A204802F05FF85A211D4802F033
:10B3B00052F8DC0707D51D495B231A4A1A4802F0E8
:10B3C00053F85B21F2E703F0F2FC194D2A4652F8DC
:10B3D000184FAB68944200D004B9EC688B4214D08B
:10B3E0005BB91449EA23144A0F4802F03DF81348A8
:10B3F00002F03AF8EA211048D9E75A7BD20604D184
:10B40000DA897F2A01D9A2692AB1A34202D0204653
:10B4100000F0F8FF23466B6138BD00BFD063002108
:10B42000CD130301AB13030114F90201EE13030161
:10B43000586800213314030107140301A90F030105
:10B4400008B583684BB9094909488F23094A02F0B6
:10B450000BF88F21074801F0FEFF03F0A8FC437BA7
:10B4600023F0020343730023836008BD39100301F6
:10B4700014F902010E10030108B5124A936880B155
:10B48000597B11F0090F0CD10F49D2230F4A1048F4
:10B4900001F0EAFF0F4801F0E7FFD2210B4801F06D
:10B4A000DAFF6FF00A01D9670B4998674B6843F0E0
:10B4B00080534B60002383F31188BFF36F8F936831
:10B4C000D86F08BD58680021841403015A14030181
:10B4D00014F90201ED14030100ED00E038B5194C38
:10B4E000A168E0690B68814214BF1A4600224968CE
:10B4F0000B605960A368E1692AB9134AC3E90021C6
:10B500000B60E3610CE093F90E0092F90E50A84233
:10B5100014D0854212DD5168C3E900210B605360ED
:10B52000A569094B9D4200D005B9E568A3689D4215
:10B5300002D0284600F066FF656138BD9142DCD03C
:10B540001268D9E7586800217068002138B50446B0
:10B55000EFF31185402383F31288BFF36F8F1748F1
:10B5600000F0D6FF68B98823154A1649164801F03D
:10B570007BFF1249154801F077FF8821104801F040
:10B580006AFF0E4800F0E8FF2046FFF785FE0B48F3
:10B5900000F0CCFF68B94FF49A73094A0C490A4885
:10B5A00001F062FF05490B4801F05EFF4FF49A710C
:10B5B000E4E785F31188BFF36F8F38BD8C680021F5
:10B5C00030FC020189FC020114F902019EFC020117
:10B5D0005DFC020174FC020138B50446EFF31185ED
:10B5E000402383F31288BFF36F8F184800F090FF59
:10B5F00068B98823164A1749174801F035FF1349DF
:10B60000164801F031FF8821114801F024FF0F484E
:10B6100000F0A2FFA36813B12046FFF711FF0B480B
:10B6200000F084FF68B94FF49A73094A0C490A483C
:10B6300001F01AFF05490B4801F016FF4FF49A710B
:10B64000E2E785F31188BFF36F8F38BD8C68002166
:10B6500030FC020189FC020114F902019EFC020186
:10B660005DFC020174FC020138B50446EFF311855C
:10B67000402383F31288BFF36F8F1E4800F048FF0A
:10B6800068B988231C4A1D491D4801F0EDFE19497F
:10B690001C4801F0E9FE8821174801F0DCFE15483E
:10B6A00000F05AFF637B13F0280F0BD1A36813B18E
:10B6B0002046FFF7C5FE637B204623F00403637337
:10B6C000FFF7EAFD0B4800F031FF68B94FF49A73B9
:10B6D000094A0D490A4801F0C7FE06490B4801F026
:10B6E000C3FE4FF49A71D7E785F31188BFF36F8FCC
:10B6F00038BD00BF8C68002130FC020189FC0201CA
:10B7000014F902019EFC02015DFC020174FC0201BD
:10B710002DE9F047DFF8D4A0354D1746DDE908984C
:10B72000DAF80820334BA84204460E461A600BD1C3
:10B730003149324840F29E23314A01F095FE40F2F1
:10B740009E212F4801F087FEEFF31183402383F3FE
:10B750001288BFF36F8F284600F0DAFE60B98823A5
:10B76000284A2949254801F07FFE2946274801F04B
:10B770007BFE88212348E5E7284600F0EDFEDAF855
:10B7800008503946284603F01AFBB8F1FF3F08BFBE
:10B79000B9F1FF3F06D04A4643461D4905F118005E
:10B7A00000F010FF204600F0C1FE68B919494FF4BF
:10B7B000B773144A114801F057FE2146164801F0AC
:10B7C00053FE4FF4B771D5E7094800F0AFFE40B91A
:10B7D00010494FF4B7730B4A084801F045FE04497D
:10B7E000ECE73046BDE8F047FFF746BE5868002159
:10B7F0008C680021906800211515030114F90201DD
:10B80000AB13030130FC020189FC02019EFC020122
:10B810000FEE02015DFC020174FC02012DE9F04112
:10B8200004460D46EFF31187402383F31288BFF3DC
:10B830006F8F624800F06CFE60B98823604A6149EE
:10B84000614801F011FE5D49604801F00DFE88215C
:10B850005B4818E0594800F07FFE637B03F01F024D
:10B86000002A0CBF0126002671D1594A03F07F033C
:10B870009442637309D157495A23574A524801F0F9
:10B88000F3FD5A21544801F0E6FDD90707D5534985
:10B890005B23514A4C4801F0E7FD5B21F2E720466B
:10B8A00003F085FA637B6DB243F08003DA07A5737A
:10B8B000637307D549495323474A434801F0D4FDF0
:10B8C0005321DFE7DFF81881424652F8183F9342D0
:10B8D0003AD1D8F81C10C4E900210C60C8F81C400B
:10B8E0000FE09942F7D01B68002BF4D093F90E00BB
:10B8F0008542F6D0A842F4DD5968C4E900310C60F5
:10B900005C60D8F81840944200D00CB9D8F80C40CC
:10B91000D8F808309C4202D0204600F073FDC8F8E9
:10B920001440264800F002FE00283FD14FF49A73DD
:10B93000234A2C49244801F097FD20492A4801F068
:10B9400093FD4FF49A7183E7D8F81C10CCE79B075E
:10B950002AD5A16841B925491B488F23244A01F003
:10B9600083FD8F2122488EE720466DB203F01FFA37
:10B97000A5730B68994209D14B68C4E900131C6098
:10B980004C60CEE74A689342F6D01B68002BF3D098
:10B9900093F90E209542F5D0AA42F3DD5A68C4E926
:10B9A000003214605C60BCE7A573BAE787F31188C6
:10B9B000BFF36F8F3046BDE8F08100BF8C68002177
:10B9C00030FC020189FC020114F902019EFC020113
:10B9D000D0630021CD130301AB130301EE13030168
:10B9E000586800215DFC020174FC0201391003015A
:10B9F0000E10030170B504460D46F9B9EFF3058644
:10BA0000E6B91A4B5A699B689A4217D000F08EFD2E
:10BA100078B94FF4B773164A1649174801F024FD58
:10BA20002146164801F020FD4FF4B771104801F08F
:10BA300012FD3046BDE87040FFF71EBD204600F005
:10BA400075FD68B94FF49A73094A0A490A4801F02A
:10BA50000BFD2146094801F007FD4FF49A71E5E717
:10BA600085F31188BFF36F8F70BD00BF5868002148
:10BA700030FC02015DFC020114F9020174FC0201B8
:10BA8000034648B9EFF3058232B9064A5169926814
:10BA9000914201D0FFF7F0BC83F31188BFF36F8FA1
:10BAA000704700BF5868002110B5EFF311844023A0
:10BAB00083F31288BFF36F8F284800F029FD60B927
:10BAC0008823274A2749284801F0CEFC23492748E4
:10BAD00001F0CAFC8821224812E0204800F03CFD19
:10BAE000EFF3058373B1224940F23B33214A1E48EC
:10BAF00001F0BAFC204801F0B7FC40F23B311D4890
:10BB000001F0A9FC1D4B9A68D37B012B0CD11C4979
:10BB10004FF44F73174A144801F0A6FC164801F081
:10BB2000A3FC4FF44F71EAE7013BD3730B4800F0DD
:10BB3000FDFC68B94FF49A73094A12490A4801F0AA
:10BB400093FC0649104801F08FFC4FF49A71C2E74C
:10BB500084F31188BFF36F8F10BD00BF8C68002184
:10BB600030FC020189FC020114F902019EFC020171
:10BB7000F8100301AB130301A90F0301586800215A
:10BB80004E1503015DFC020174FC020170B5EFF378
:10BB90001186402383F31288BFF36F8F374800F07C
:10BBA000B7FC60B98823364A3649374801F05CFC57
:10BBB0003249364801F058FC8821314813E0344DB1
:10BBC0002E4800F0C9FCAB68DA7B72B9314940F20B
:10BBD0004733314A2C4801F047FC304801F044FC1F
:10BBE00040F247312C4801F036FCEFF3058161B19A
:10BBF0002B494FF45273284A234801F035FC27485B
:10BC000001F032FC4FF45271ECE70132DA732A464C
:10BC100052F8184F944200D004B9EC685A7BD2060F
:10BC200004D1DA897F2A01D9A2692AB1A34202D0BC
:10BC3000204600F0E7FB234610486B6100F076FCDD
:10BC400068B94FF49A730E4A16490F4801F00CFC7C
:10BC50000A49154801F008FC4FF49A71ADE786F3E4
:10BC60001188BFF36F8FEFF31180402383F31288A5
:10BC7000BFF36F8FBDE87040FFF702BF8C680021F3
:10BC800030FC020189FC020114F902019EFC020150
:10BC9000586800217F150301AB130301A90F0301AD
:10BCA000F81003015DFC020174FC0201024B03F178
:10BCB0001802C3E9062270475868002170B5EFF3F7
:10BCC000058373B139494FF48E63394A394801F01D
:10BCD000CBFB394801F0C8FB4FF48E61344801F0CA
:10BCE000BAFBEFF31186402383F31288BFF36F8F03
:10BCF000324800F00DFC60B98823314A31492D48A3
:10BD000001F0B2FB2D49304801F0AEFB88212C48F0
:10BD1000E5E72E4C294800F01FFCA168E0690B689C
:10BD2000814214BF1A46002249680B605960A3681B
:10BD3000E1692AB9264AC3E900210B60E3610CE0FE
:10BD400093F90E0092F90E50A84225D0854223DDCA
:10BD50005168C3E900210B605360A5691C4B9D42EB
:10BD600000D005B9E568A3689D4202D0284600F0DE
:10BD700049FB1248656100F0D9FB88B94FF4B773ED
:10BD80000F4A14490B4801F06FFB0C49124801F0AF
:10BD90006BFB4FF4B771BAE78A42CBD01268C8E7A1
:10BDA0003046BDE87040FFF767BB00BFF8100301E5
:10BDB000AB13030114F90201A90F03018C680021E0
:10BDC00030FC020189FC02019EFC0201586800213E
:10BDD000706800215DFC020174FC02012DE9F04154
:10BDE00006460C46EFF3058777B134494FF491636B
:10BDF000334A344801F038FB334801F035FB4FF447
:10BE000091612F4801F027FB50EA010304D1FFF7AD
:10BE100055FF0020BDE8F081EFF31188402383F344
:10BE20001288BFF36F8F294800F072FB60B9882336
:10BE3000274A2849234801F017FB2449264801F0E6
:10BE400013FB88212248DDE7244D204800F084FBC5
:10BE5000A868234B1860FFF795FAA8682346324676
:10BE60002049183000F0AEFBAA680446537B1748FF
:10BE700043F00403537300F059FB68B94FF4B773F0
:10BE8000134A19490F4801F0EFFA1049174801F019
:10BE9000EBFA4FF4B771D5E74046FFF7EDFAAB6820
:10BEA000D3E90A23B3F1004F08BFBA42B1D102F07F
:10BEB000E6FF201A20EAE070ACE700BFF8100301AB
:10BEC000AB13030114F90201A90F03018C680021CF
:10BED00030FC020189FC02019EFC0201586800212D
:10BEE000906800210FEE02015DFC020174FC02016A
:10BEF00070B505460E46EFF3058474B1154940F25E
:10BF0000B243154A154801F0AFFA154801F0ACFAF2
:10BF100040F2B241104801F09EFAFFF75FFFB6F120
:10BF2000FF3F08BFB5F1FF3F0246284611D04FF44E
:10BF30007A7147F6FF73C2FB0134D80B40EA4440E4
:10BF4000B0F1004F4FEAD43474F1000428BF6FF011
:10BF5000004070BDF8100301AB13030114F9020196
:10BF6000A90F030138B50446EFF31185402383F38D
:10BF70001288BFF36F8F204800F0CAFA68B988238F
:10BF80001E4A1F491F4801F06FFA1B491E4801F065
:10BF90006BFA8821194801F05EFA174800F0DCFAC4
:10BFA000637B5B0710D504F1180000F0E7FB637BAF
:10BFB000204623F004036373FFF76EF92946BDE8BA
:10BFC00038400D48FFF716BD0B4800F0AFFA68B9CE
:10BFD0004FF49A73094A0D490A4801F045FA064997
:10BFE0000B4801F041FA4FF49A71D3E785F31188B9
:10BFF000BFF36F8F38BD00BF8C68002130FC020199
:10C0000089FC020114F902019EFC02015DFC02019F
:10C0100074FC0201014B9868704700BF586800210A
:10C020002DE9F8430446077BEFF31185402383F3A2
:10C030001288BFF36F8F824800F06AFA68B98823CC
:10C04000804A8149814801F00FFA7D49804801F01A
:10C050000BFA88217B4801F0FEF9794800F07CFA60
:10C06000637B180717D5764800F060FA68B94FF47B
:10C070009A73744A7749754801F0F6F97049764821
:10C0800001F0F2F94FF49A71E4E785F31188BFF3F8
:10C090006F8FBDE8F883D90943F0080240F0838030
:10C0A0006273A36813B12046FFF7CAF904F11800C0
:10C0B00000F064FBA66D04F15808B04511D04FF0B4
:10C0C000000976B13046FFF7BBF906F1180000F021
:10C0D00055FB3046C6F87C90FFF7DEF8A66DB045FC
:10C0E000EFD1DFF87881D8F808309C427AD1EFF3AD
:10C0F0000589B9F1000918BF4FF00109D8F8186097
:10C10000574A964200D00EB9D8F80C60B34202D01C
:10C11000304600F077F92046C8F8146001F096FC2C
:10C12000B9F1000F02D04F48FFF7A6F8D8F8083051
:10C130009C426AD1EFF30586002E66D1237BDA0795
:10C140001FD53F4800F0F2F9002890D085F3118800
:10C15000BFF36F8F86F31188BFF36F8F04231846E8
:10C1600002DFEFF31185402383F31288BFF36F8F53
:10C17000334800F0CDF900283FF461AF304800F0BB
:10C18000EBF92F4800F0D2F978BB4FF4B7732D4A82
:10C1900030492E4801F068F929492F4801F064F927
:10C1A0004FF4B77156E7304A03F07F0343F00803BA
:10C1B0009442637308D12D495A232D4A234801F034
:10C1C00053F95A212A4846E7D90707D529495B235D
:10C1D000274A1E4801F048F95B21F3E7204602F0A8
:10C1E000E6FD5EE74FF0000988E72846FFF744F9CF
:10C1F00021494FF4EE731E4A144801F035F91F48E7
:10C2000001F032F94FF4EE71DCE70D4800F08EF9E1
:10C2100000283FF42CAF85F31188BFF36F8FFB0725
:10C220007FF537AF40F28E53114A1549074801F0A8
:10C230001BF92146134801F017F940F28E51C1E76E
:10C240008C68002130FC020189FC020114F9020112
:10C250009EFC02015DFC020174FC02015868002191
:10C2600070680021D0640021D0630021CD13030148
:10C27000AB130301EE130301B0150301BB1503015A
:10C28000DD150301E81503012DE9F843064688464C
:10C290001746EFF31189402383F31288BFF36F8FA2
:10C2A000214800F035F9054668B988231F4A20491E
:10C2B000204801F0D9F81C491F4801F0D5F8882121
:10C2C0001A4801F0C8F8184800F046F93468A64248
:10C2D0001FD004B32046C4F87C802761FFF7B0F874
:10C2E00004F1180000F04AFA2046FEF7D5FF0E4888
:10C2F00000F01CF988B94FF49A730C4A0F490D48A5
:10C3000001F0B2F808490E4801F0AEF84FF49A7106
:10C31000D6E70025EBE72546E9E789F31188BFF367
:10C320006F8F2846BDE8F8838C68002130FC02013D
:10C3300089FC020114F902019EFC02015DFC02016C
:10C3400074FC0201D3B5DDE90667089CCDE90067FE
:10C35000FFF7DEF91CB1034B9B681B69236002B039
:10C36000D0BD00BF58680021427B034612F01F0277
:10C3700010D10A4988420DD00949086868B1D989A5
:10C380007F2909D893F90E20064B1B689A42B8BF43
:10C39000002070470020704710467047D06300218E
:10C3A000986800219468002108B568B10F4B984245
:10C3B0000AD303F11802904206D21822C01AB0FB29
:10C3C000F2F302FB13034BB109490A483F230A4A1F
:10C3D00001F04AF83F21084801F03DF80122074BDF
:10C3E000C0105843064B1A5408BD00BF50650021C9
:10C3F0002E16030114F9020106160301ABAAAAAA1C
:10C40000B66A002170B50C4B0C4D1E7CFFF7ACFFDB
:10C41000182303FB06550446284600F0AFF9002216
:10C42000074B9A553CB1621E2846BDE8704005494D
:10C43000D31700F0C7B870BD5868002150650021BF
:10C44000B66A0021A9C3020138B5EFF31185402374
:10C4500083F31288BFF36F8F234800F059F868B94F
:10C460008823224A2249234800F0FEFF1E49224821
:10C4700000F0FAFF88211D4800F0EDFF1A4800F097
:10C480006BF81E4B1E4A9C681068A04213D1FFF740
:10C49000B9FF154800F04AF800BB4FF49A73134AED
:10C4A0001849144800F0E0FF0F49174800F0DCFF7E
:10C4B0004FF49A71DFE700211B7C1160134AD35CB3
:10C4C000002BE6D02046FFF74FFF0028E1D0637B2A
:10C4D000DB0601D1FFF702F82046D8E785F3118883
:10C4E000BFF36F8F38BD00BF8C68002130FC0201A4
:10C4F00089FC020114F902019EFC02015868002126
:10C50000906800215DFC020174FC0201B66A002102
:10C51000006838B1044B00F003001B7CC01A18BF40
:10C5200001207047012070475868002100230268ED
:10C530000360EFF30581074B19B19968497BC9077F
:10C5400006D4197C98680843831A584258417047AA
:10C550000120704758680021024B1A7C9B681343E6
:10C560000360704758680021024B1868984208BF62
:10C5700000207047C8010021034B1B680BB9FAF774
:10C5800047BD0020704700BF9C68002130B570B1E6
:10C590000B4B5B6898420AD0036843B1D3E904218E
:10C5A000D0E90445121941EB0501C3E90421D0E9A2
:10C5B000003213605A600023C0E9003330BD00BF71
:10C5C000C8010021B3F1FF3F08BFB2F1FF3F2DE9E1
:10C5D000F84F04469B4615461F4600F0B280D0F83F
:10C5E0000090B9F1000F0CD057497023574A5848B2
:10C5F00000F03AFF574800F037FF7021534800F031
:10C600002AFF8160EFF31188402383F31288BFF380
:10C610006F8F5148FFF77CFF824660B988234F4AED
:10C620004F494B4800F020FF4B494E4800F01CFF9B
:10C6300088214A48E3E74848FFF78EFFBBF1000F27
:10C64000494A1FDBFFF798FF064601354BF1000B07
:10C65000454A2D184BEBE073D2E90017C4E90453A7
:10C660006D1843EB0707FFF77FFF0346DFF8FCE099
:10C67000DEF80490EBB9C4E900E9C9F80040CEF84F
:10C68000044028E06FF00103D2E900125B1A4FF07A
:10C69000FF3161EB02025B1B62EB0B02012B72F1BB
:10C6A0000001BCBF01234A464FF0000AC4E904322E
:10C6B000D9E7D3E9041CD4E904208A4270EB0C0BBF
:10C6C0002EDA891A5A686CEB0000C3E90410C4E939
:10C6D000003214605C60FFF747FF84420ED1244BA8
:10C6E0001B685BB9BAF1000F02D1FFF745FF0646A0
:10C6F000304602F0ADFB0021FAF764FC1648FFF764
:10C7000015FFB0B94FF49A73144A1A49104800F053
:10C71000ABFE1149184800F0A7FE4FF49A7188E764
:10C72000521A60EB0C009945C4E90420A3D01B68A1
:10C73000A0E788F31188BFF36F8F28463946BDE81C
:10C74000F88F00252F46F8E7FD170301D9170301DD
:10C7500014F90201A90F0301A068002130FC0201B5
:10C7600089FC02019EFC020168650021C8010021CC
:10C770009C6800215DFC020174FC020170B5044656
:10C78000EFF31186402383F31288BFF36F8F2348A2
:10C79000FFF7BEFE68B98823214A2249224800F0EB
:10C7A00063FE1E49214800F05FFE88211C4800F00E
:10C7B00052FE1A48FFF7D0FE236833B3FFF7D4FECA
:10C7C00005462046FFF7E2FE00224FF00043A54257
:10C7D000C4E9042306D1FFF7CFFE02F039FB0021A4
:10C7E000FAF7F0FB00240D48FFF7A0FE80B94FF4E4
:10C7F0009A730B4A0E490C4800F036FE07490D4863
:10C8000000F032FE4FF49A71D0E76FF01504EAE7BA
:10C8100086F31188BFF36F8F204670BDA06800219A
:10C8200030FC020189FC020114F902019EFC0201A4
:10C830005DFC020174FC02012DE9F0470446EFF3B0
:10C840001188402383F31288BFF36F8F4348FFF7AB
:10C850005FFE68B98823424A4249434800F004FE1B
:10C860003E49424800F000FE88213D4800F0F3FDBB
:10C87000DFF8FC903948FFF76FFEC9F80040FFF77A
:10C8800073FE002604460027DFF8E8A0D9F8003040
:10C89000DAE900C0D91754B1D4E90452AB4271EBC4
:10C8A000020E1FDAED1A62EB0102C4E90452002401
:10C8B00013EB0C0340EB01012046CAE90031C9F833
:10C8C000004002F0C5FA2146FAF77CFB2348FFF747
:10C8D0002DFEB0B188F31188BFF36F8FBDE8F0472C
:10C8E000FFF7B2BD15EB0C0340EBE570CAE9003071
:10C8F000C4E904672046FFF749FE1848FFF716FE13
:10C9000068B94FF49A73164A1B49174800F0ACFDFA
:10C9100012491A4800F0A8FD4FF49A71A5E788F370
:10C920001188BFF36F8F2046A3689847EFF31188F3
:10C93000402383F31288BFF36F8F0848FFF7E8FDA9
:10C94000002887D00548FFF707FED9F800305B1BA9
:10C95000C9F80030FFF708FE044697E7A0680021F9
:10C9600030FC020189FC020114F902019EFC020163
:10C970009C680021686500215DFC020174FC0201D5
:10C9800070B5EFF31186402383F31288BFF36F8FE6
:10C990001A48FFF7BDFD68B98823194A19491A4892
:10C9A00000F062FD1549194800F05EFD8821144829
:10C9B00000F051FD1148FFF7CFFDFFF7DDFD144AF0
:10C9C000D2E90045041945EBE0750C48FFF7AEFDD0
:10C9D00068B94FF49A730A4A0E490B4800F044FDB7
:10C9E00006490D4800F040FD4FF49A71DFE786F3E9
:10C9F0001188BFF36F8F2046294670BDA0680021C3
:10CA000030FC020189FC020114F902019EFC0201C2
:10CA1000686500215DFC020174FC0201F8B5054661
:10CA20000E46EFF31187402383F31288BFF36F8F15
:10CA30001F48FFF76DFD68B988231E4A1E491F482D
:10CA400000F012FD1A491E4800F00EFD8821194819
:10CA500000F001FD1648FFF77FFD2C68A5421CD0B1
:10CA6000D4E9003213605A60002331462046C4E9FD
:10CA7000003302F04EFA0E48FFF758FD78B94FF434
:10CA80009A730C4A0F490D4800F0EEFC08490E4815
:10CA900000F0EAFC4FF49A71D9E70024EBE787F342
:10CAA0001188BFF36F8F201E18BF0120F8BD00BF93
:10CAB000A468002130FC020189FC020114F9020182
:10CAC0009EFC02015DFC020174FC020170B504468B
:10CAD0000D46EFF31186402383F31288BFF36F8F67
:10CAE0002148FFF715FD68B98823204A20492148CD
:10CAF00000F0BAFC1C49204800F0B6FC88211B4815
:10CB000000F0A9FC1848FFF727FD01212068E56027
:10CB10008442A16011D11448FFF708FDE8B94FF431
:10CB20009A73124A1549134800F09EFC0E491448A6
:10CB300000F09AFC4FF49A71E1E7D0E900321360FB
:10CB40005A600023C0E9003302F0E3F9314604469D
:10CB50000548FEF74FFF204670BD86F31188BFF3EE
:10CB60006F8F0024F7E700BFA468002130FC0201AA
:10CB700089FC020114F902019EFC02015DFC020124
:10CB800074FC02012DE9F84F4F1E0F4206460D4678
:10CB90009A460BD02F4917232F4A304800F064FCE7
:10CBA0002F4800F061FC17212B481CE0141D4DD2CA
:10CBB00041F0040B00F11408EFF31189402383F3D3
:10CBC0001288BFF36F8F4046FFF7A2FC68B9882335
:10CBD000244A2549214800F047FC4146234800F0FB
:10CBE00043FC88211F4800F036FC4046FFF7B4FCA8
:10CBF000224659463046D04704464046FFF796FC49
:10CC000068B94FF49A73174A1949144800F02CFC7C
:10CC10004146184800F028FC4FF49A71E2E789F386
:10CC20001188BFF36F8F8CB144F8046B7DB13C4227
:10CC30000DD03423084A1049084800F015FC21465D
:10CC40002A460E4800F010FC3421ADE700242046AF
:10CC5000BDE8F88F841903016019030114F902017A
:10CC60009F19030130FC020189FC02019EFC0201B4
:10CC70005DFC020174FC0201BC190301EE19030101
:10CC80002DE9F04105460E46174602F087F828B90F
:10CC9000074B9B681C6F14B9BDE8F081054C3B46FF
:10CCA000324629462046BDE8F041FFF76BBF00BF82
:10CCB00058680021E001002102460021014B024892
:10CCC000FFF760BF33D40201E0010021014B03678D
:10CCD000704700BFE00100210146024A0020FFF733
:10CCE000CFBF00BF33D4020107B5074B4FF400623A
:10CCF000009306494FF0FF330548FEF715F9002071
:10CD000003B05DF804FB00BFA0F80201B8AB00213E
:10CD1000706500212DE9F04F43688DB015468046BF
:10CD2000029383789A0740F10D8100240E78002E3B
:10CD300000F00A81252E0BD04B1C03930134414691
:10CD40003046029B98470028C0F2F6800399EDE731
:10CD50004E788B1C252E0393F0D00027B946BB4696
:10CD6000BBF11F0F38D8A6F12003102B0AD8DFE83B
:10CD700003F02A0909300909092109090928092D9F
:10CD800009091F00A6F13003092B33D92A2E37D108
:10CD90001BF0400F55F8043B40F08280002BA7BFEA
:10CDA0004BF0200B9946C3F100094BF0280B01E032
:10CDB0004BF0010B039B13F8016B0393002ECFD1B3
:10CDC00030E04BF0020B4BF0040BF3E74BF0080B99
:10CDD000F0E74BF0100BEDE7BBF17F0F19D8A6F190
:10CDE0003003092BD2D81BF0400F03D00A2101FBDE
:10CDF0000737DFE70A214BF0200B01FB0939D9E7A0
:10CE00002E2E06D11BF0400F40F09E804BF0400BC1
:10CE1000D0E76C2E31D02BD8682E36D06A2E3CD07D
:10CE20004C2E3AD0002F46F02003B8BF2BF0400222
:10CE3000A3F16501BCBF00271FFA82FB022901D9BB
:10CE4000612B2FD107350727DFF8ACA225F00705A6
:10CE500008351BF0080F66D00AEB070B56465E45F7
:10CE600063D1A4EB0A0AA9EB070906EB0A026FE1FA
:10CE7000742E9FD07A2E9DD0D4E71BF0800F18BF60
:10CE80004BF4007B4BF0800B94E71BF4807F18BFC2
:10CE90004BF4007B4BF4807B8CE74BF4207B89E7E1
:10CEA0001F4687E7A6F16301122900F2F080DFE850
:10CEB00011F013004F00EE00EE00EE00EE004F0008
:10CEC000EE00EE00EE00EE00EE00FE00E900EE00E7
:10CED000EE001B00EE00AF0055F8043B01270DF1FA
:10CEE000180A8DF81830B4E755F804AB834BBAF143
:10CEF000000F08BF9A461BF0400F504614BF39463A
:10CF00004FF0FF3102F097F80746A2E74146202094
:10CF1000029B984700280FDB013EB742F6D34C44F2
:10CF2000B146A41B98E74E46F7E7414616F8010BB9
:10CF3000029B9847002892DA98F8023043F00403E5
:10CF400088F802304FF0FF3420460DB0BDE8F08F76
:10CF50001BF0800F34D01BF4007F2CD0073525F058
:10CF60000705AA4669685AF8080B2BF01005002936
:10CF7000ADB237DA404245F4806561EB41010DF115
:10CF8000180B0A235A4602F062F8A0EB0B03019338
:10CF90006B0662D5019B25F001019F4289B240F3E7
:10CFA000A180002E00F0998015F0100240F09C80C6
:10CFB000BB460D4623E0AA465AF8040BC117D4E736
:10CFC000AA461BF4807F5AF8041B01D10846F5E7F6
:10CFD0001BF4007F19BF48B241F3C01108B241F3FE
:10CFE000C031C2E750EA0103C9D11BF0400FC6D0DF
:10CFF000002FC4D12BF01102BB46019795B240F22D
:10D00000064115EA01021CBF0BF1010B00222CE0C6
:10D010002BF010020A231FFA82FB1BF0800C49D070
:10D020001BF4007115BF0735AA4625F007055AF80D
:10D03000040B1EBFAA4669685AF8080B50EA01059E
:10D0400045D12BF016051BF0400FADB242D0002F9A
:10D0500040D12BF01702019795B215F0100248D07D
:10D06000019B002E42D103F1010B29075AD4EB0793
:10D0700006D5D9456FDDA9EB0B030199CB465F18A7
:10D080005B4649E04BF0100B10237826C5E7782B60
:10D0900004D1C6F1780343F01003BEE741462520D2
:10D0A000029B98470028FFF647AF023447E6082363
:10D0B0000026B2E7AA461BF480715AF8040BBDD0D3
:10D0C0001BF400711ABFC0B2614680B2B6E72BF004
:10D0D000060295B20DF1180B54E725F01105BB4679
:10D0E000ADB28CE70D46B8E73B460D4603F1020BA7
:10D0F000BBE7DDF804B082E7411A03013A1A0301E5
:10D10000CDE9043241462020029B98470028FFF6D3
:10D1100013AF049B059A01339945F1DCA4EB0B0195
:10D120009B46CC180AB341463020029B9847002802
:10D13000FFF602AF8EB901342744391B019B994297
:10D1400024DC1D4655BB019AA9EB0B095546224428
:10D150001446914433E0019F92E702344146304641
:10D16000029B98470028E7DAE6E640F206410D42C6
:10D17000E2D015F0020F04F10104414614BF2B2048
:10D18000202015F4806F18BF2D20E9E7414630209C
:10D19000029B013498470028CFDACDE606AB013D6B
:10D1A0004146585D029B98470028CBDAC4E64146C9
:10D1B0002020029B013498470028FFF6BDAEA9EB62
:10D1C0000403002BF3DCC1E57047EFF31183402328
:10D1D00083F31288BFF36F8FFEE708B5F6F784FD7F
:10D1E00010B110F1580F06D1F6F79CFD10F1580F51
:10D1F00002D00028F8D008BD0020FCE700EBC100F9
:10D20000408840087047F8B50346FFF7F7FFB0FACB
:10D2100080F0C0F11F0003EB800CDCF81060CA0046
:10D22000171D0C4606328DB256B9012101FA00F0E5
:10D23000D9680143D960CCF81040DD539D52F8BD48
:10D24000F1000431585AD85303EBC0009E52C580F8
:10D250005D52F4E710B500EBC104E388994202F196
:10D2600004010AD1012303FA02F2C36823EA02038C
:10D27000C360002340F8213010BDA28840F821305F
:10D2800000EBC20100EBC300CB808280F4E708B55D
:10D290000346FFF7B3FFB0FA80F21846BDE8084036
:10D2A000C2F11F02FFF7D6BF2DE9F843B1FA81F5AD
:10D2B000C5F11F0900EB8908D8F8102003460E4677
:10D2C000C2B10327D8F8104018462146FFF796FF51
:10D2D000B04206D34A461846FFF7BCFF2046BDE8D9
:10D2E000F88303EBC404E088013FC8F8100001D0C4
:10D2F0008242E7D14FF0FF34C5F120029440DA6852
:10D300001440EBD094FAA4F2B2FA82F2111D53F851
:10D3100021402146DFE738B50346FFF76FFF0D4692
:10D32000044611461846FFF769FF0444600003EB0A
:10D33000C50568801846FFF761FF014423F83140B6
:10D3400038BD38B50C460346FFF758FFA51A511AE9
:10D35000054403EBC4044800608003EBC2006C008A
:10D36000448023F8321018461146FFF747FF014466
:10D3700023F8315038BD38B50546FFF73FFF0C465E
:10D38000014405EBC1035B88DA070AD42846FFF79E
:10D390007EFF21462846FFF731FF22182846FFF777
:10D3A000BAFF35F83410611A05EBC1035B88DB075F
:10D3B0000CD42846FFF76BFF35F834102246611A6B
:10D3C0002846FFF7A8FF35F83430E41A21462846EE
:10D3D000BDE83840FFF717BF70B5056809B90020F0
:10D3E00070BD01F007030B33CC0804EBD304AB682A
:10D3F00028469C4228BF1C462146FFF755FF06469B
:10D400000028ECD001462846FFF7F8FEA04207D9D5
:10D4100028463219FFF795FF11462846FFF7F3FE1D
:10D4200005EBC60210465388043043F001035380D5
:10D43000D6E71146FFF7D0BF002070470FB407B5FD
:10D4400004A951F8040B0191F6F76CFD03B05DF8E7
:10D4500004EB04B07047002383F31188BFF36F8F90
:10D460000423184602DF70470FB407B504A951F82A
:10D47000040B0191F6F756FD03B05DF804EB04B020
:10D480007047838B13F0070305D10368002B0CBF93
:10D49000002003207047022B05D1C08BB0FA80F02A
:10D4A000400980007047012B05D10368002B0CBF99
:10D4B0000020052070470020704710B50C4600B1D1
:10D4C00011B96FF0150010BD081D00F02FF80028ED
:10D4D000F9D1A368032BF6D9F3E72DE9F0410D4606
:10D4E00007461946281D90461E46F7F709F80446D8
:10D4F00038B13346424629463846A446BDE8F04195
:10D500006047BDE8F08138B50C46054658B151B1C9
:10D510000B6843B14B6833B12022002101F051FD6B
:10D5200000202C6138BD6FF01500FBE7034640B1C9
:10D53000426802F00302022A06D0032A04D0012A1C
:10D5400005D06FF0150070471A68002AF9D0002046
:10D5500098607047704720B183682BB11B6833B166
:10D5600018476FF0150070476FF0040070471846B9
:10D57000704730B450B149B142B1846854B12569A3
:10D5800045B141F8040B236930BC18476FF0150012
:10D5900030BC70476FF00400FAE730B4134604461D
:10D5A00050B1006860B182686AB195685DB10A46A1
:10D5B000AC46616830BC60476FF0150030BC704706
:10D5C0006FF00100FAE76FF00400F7E70A46034640
:10D5D00010B458B1006868B1816871B1CC6A64B1A7
:10D5E0008C6A54B15968234610BC18476FF0150077
:10D5F00010BC70476FF00100FAE76FF00400F7E726
:10D600000A46034610B458B1006868B1816871B128
:10D610008C6A64B1CC6A54B15968234610BC18476F
:10D620006FF0150010BC70476FF00100FAE76FF063
:10D630000400F7E70369D3F8780370476FF08500BB
:10D640007047084608B5114618B101F0BDF8002032
:10D6500008BD6FF00100FBE7084608B5114618B198
:10D6600001F0A9F8002008BD6FF00100FBE713B539
:10D6700004460846216901F55D71D1E8AF1F022912
:10D6800009D15BB168B100931346D0E90912FBF7E9
:10D6900011FD02B010BD6FF00F00FAE76FF04C0003
:10D6A000F7E76FF00100F4E72DE9F8431C46DDE9E8
:10D6B0000853164698460F46006939B34AB344B337
:10D6C0006A1C43F10003022A73F1000324D222688A
:10D6D00042B1D0F878339A4204D96FF00B0023603E
:10D6E000BDE8F88305EA080909F101035A425A41E5
:10D6F0002146384601F071F888B9B8F1FF3F08BFFC
:10D70000B5F1FF3FF0D06FF06800E9E76FF001007E
:10D71000E6E76FF01500E3E76FF08500E0E73060C3
:10D720000020DDE701F0BEB838B50D46044600F133
:10D7300048012846F6F7F2F930B1284604F1C00155
:10D74000F6F7ECF920B90120782303FB004038BD3F
:10D750000020FCE702F5307102F5347001F00EBBD9
:10D76000D0F8B030A0F53070003B18BF012300EBBB
:10D770008300D0F8AC0200F0BFBFC86828B10969C7
:10D7800083681B680BB1002218477047FCF790BDF7
:10D79000D0E8EF3FC0E8E21F002AF9D1704710B58A
:10D7A000436804691B68C4F8703304F5EC7001F039
:10D7B0009AFA002104F55D70FFF7EAFF084610BDF4
:10D7C0002DE9F74317460D4691B30B7883B3D0F894
:10D7D000C440A4F5E27914344FF0FF324FF0FF3328
:10D7E0002046FCF795FC2A46484601A9F6F7D6FEE6
:10D7F000019E80462EB9204603B0BDE8F043FFF7F6
:10D80000C5BF58B12046FFF7C1FF3B462A46314607
:10D81000484603B0BDE8F043F6F79EBE1F222946F6
:10D8200006F1480001F0F7FB86F86780B766E2E78B
:10D8300003B0BDE8F083030103EB4003093323F099
:10D84000030303EBC00348430330083320F0030015
:10D850001844400070472DE9F84306464FF0010890
:10D860000569D0F8049005F55D77D7E8EF3F022B06
:10D8700003D1C7E8E28F002AF7D141D195F86C3087
:10D88000002B40D195F8E430002B3CD12846D5F848
:10D89000701300F054F8044680BB73683669D3E90E
:10D8A000050183681B693BB322469847044628BBA1
:10D8B000414606F53470FDF7A7FBD6F8500305F591
:10D8C000F876F7F74DFC3046D9F8001000F072F802
:10D8D000044698B90146D022304601F072FB214639
:10D8E0004FF4F672284601F06CFB21463846FFF7EC
:10D8F0004FFF2046BDE8F8836FF057040221F5E79B
:10D900006FF07704F5E76FF00F04F2E710B5084603
:10D91000029B114652B993F86C202AB9012218468D
:10D9200083F86C20F6F726FF002010BD1A6F94686C
:10D93000002CF9D05A6FA047F6E700F0B3BF38B516
:10D940000D46044660B1F03001F06BF90DB10020D6
:10D9500038BDC4F8C451C4F8C851C4F8CC51F6E776
:10D960006FF01500F4E70268D2F8C83013B1D2F8AE
:10D97000C41018477047704783690BB9C36B19709F
:10D980007047012070478369012B03D1C36B18785E
:10D99000C0B270470420704738B5C41DE40020466B
:10D9A000FFF78AF9054618B12246002101F009FB6C
:10D9B000284638BD38B504463822002101F001FB65
:10D9C0001822002104F1A40001F0FBFA1822002122
:10D9D00004F18C0001F0F5FAD4F8C000FBF71CFB51
:10D9E000D4F8BC00FBF718FBD4F8803004F15405E0
:10D9F0000BB12846984738220021284601F0E1FA69
:10DA0000FBF76EFA002038BD01F0DBBA01F0CCBAAA
:10DA100001460068F7F7AAB808B5F7F7D7F8BDE8E8
:10DA20000840F7F7F7B800210120F7F79FB808B5CD
:10DA3000F7F754FCF7F772F8F7F77CF8F7F79EFC66
:10DA4000FCF74EF8436E83F30B8870476FF0850048
:10DA5000704761B662B680F31188BFF36F8F70476D
:10DA600008B5F8F711F972B6002383F31188BFF3F4
:10DA70006F8FF8F787F950B1BFF34F8F30BF00BFFA
:10DA800000BF00BF00BF00BF00BF00BF00BF62B645
:10DA9000BFF36F8F08BD10B50446F8F7F5F872B6FE
:10DAA000002383F31188BFF36F8FF8F76BF950B140
:10DAB000BFF34F8F20BF00BF00BF00BF00BF00BF3C
:10DAC00000BF00BF00BF84F31188BFF36F8F62B641
:10DAD00010BD40E800F313F4803FD8B208BF6FF0E8
:10DAE0001500704730B50C684B6885B00A894D89C0
:10DAF0000094013B24F01F04234402F01F0242EA79
:10DB0000451223F01F0369468DF808200393F7F7A9
:10DB100089FC05B030BD7047C16A8968F7F746BF18
:10DB200010B5036801211C78F8F760F8204610BD95
:10DB30008388C2888168D21A03685B1AD01A70473A
:10DB400038B50D4614461146F8F76EF822462946B8
:10DB5000BDE8384001F028BA10B50C460121F8F7AD
:10DB600063F8047010BDF0B5D0F80473064617F0E2
:10DB700002001CBFC2F1807018604FF0000518BF92
:10DB800001204FF0010C4FF4803E0CFA05F40C42DA
:10DB900014D00EFA05F43C4210D005F5A87456F8DE
:10DBA0002440A41A34F07F4408BF4FF0807408B9B1
:10DBB0001C6002E01868A042FAD801200135042D4B
:10DBC000E3D1F0BDF8F74EB8F8F74CB80220F8F7FB
:10DBD000EDB9F8B5069F0469C9B2EFF31186402587
:10DBE00085F31288BFF36F8F0C2505FB0144A56CEC
:10DBF00005F0070CBCF1010F0CD1A76486F3118866
:10DC0000BFF36F8FC4E91023436853F8313098474E
:10DC10000020F8BD05F0C005AF4286F31188BFF3C0
:10DC20006F8F0CBF6FF077004FF0FF30F1E713B547
:10DC300080240094FFF7CDFF02B010BD0069CBB285
:10DC400000EB4310002110471046FCF775BD00F0B3
:10DC500082B900F081B98022F8F75EBA43680020EB
:10DC60005B681B690B607047436802EA01005B68F0
:10DC700021EA020198600020D960704743680020C3
:10DC80005B6899607047436800205B68D9607047A3
:10DC900043685A68536821EA03000B4090600020F3
:10DCA000D3607047FAF7A8BE30B451F820500C4644
:10DCB00001EB80023DB10146AC46D4F88000002360
:10DCC00030BC126C604730BC704710B500690F293A
:10DCD0009FBF00EB810440F821202364002088BF0F
:10DCE0006FF0150010BD00207047102070470F29FD
:10DCF0000ED843685B68CB40DB0709D501228B0057
:10DD0000DBB203F1824303F5903300201A607047C1
:10DD10006FF01500704738B50F290C46056933D8E8
:10DD200043681B68CB40DB072ED5D5F8841021FA59
:10DD300004F303F001031AB99BB96FF0770022E0F6
:10DD4000002BFAD111B91220F7F762FA0122D5F8A7
:10DD50008430A2401343C5F88430E0B2FAF7A0FF44
:10DD60000AE0E0B2FAF7BAFF0122D5F88430A24007
:10DD700023EA0203C5F88430D5F8843013B91220A1
:10DD8000F7F754FA002038BD6FF01500FBE708B52F
:10DD9000F8F7B8FF08BDFFF718BA10B54FF0FF301D
:10DDA0004FF0FF31F9F73EF9044628B9DBF7B4F933
:10DDB000044618B1F9F73EF9204610BDF9F73AF9D3
:10DDC0002046F8F713F9F7E738B50B8A0D463BB153
:10DDD00001F10C00FFF7A4FE012818D0022803D09F
:10DDE0006FF01504204638BD4FF0FF304FF0FF3183
:10DDF000F9F718F904460028F4D1E868F0F7C6FFEF
:10DE00000446F9F717F9ACB1F9F734FAEAE74FF03D
:10DE1000FF304FF0FF31F9F705F904460028E1D152
:10DE2000E868F9F725FB0446F9F704F9002CD9D185
:10DE3000F9F720FA2846F7F797FE0024D2E7F9F71A
:10DE400051BA10B531220021044601F0BAF820235E
:10DE500023708023A3706FF03F0363716FF01B0387
:10DE6000A3722823A3732223E3730423A3756FF003
:10DE700008036376FF23A376E3760F23237730230B
:10DE800084F820306FF03F0384F82130792384F840
:10DE900022307E2384F823306FF0010384F824308D
:10DEA000402384F82D30042384F82E306FF01C03B7
:10DEB00084F82530802384F82630072384F827301F
:10DEC00010BD034607B59A8800689B790090ADF8AD
:10DED00004208DF80630BDF8033068460A2B28BFB1
:10DEE0000A23ADF80330E2F719FE03B05DF804FB36
:10DEF000684620F007018D4601B5FFF763FEEFF796
:10DF000043FFBDE8014085467047684620F00701A1
:10DF10008D4601B5EFF748F9BDE8014085467047E9
:10DF2000684620F007018D4601B5EFF731F9BDE8ED
:10DF300001408546704708B5F5F747FD002008BD4C
:10DF400003465A6B00233C309A4200D17047C168A7
:10DF500001330844F8E770470020FAF791B870479A
:10DF6000EDF7ECBD034600201847024610B51168D6
:10DF700091B1B1FA81F3C3F11F000123834021EA7B
:10DF80000303D2E8EF4F8C4204D1C2E8EC3FBCF16E
:10DF9000000FF6D1EBD110BD6FF00B00FBE710B511
:10DFA0000368CB40DB0710D401238B40026843EAAF
:10DFB0000201D0E8EF4F944204D1C0E8EC1FBCF15D
:10DFC000000FF6D1F2D1002010BD6FF01500FBE775
:10DFD00041F00041C0F880100020704743090AD08A
:10DFE000012B0BD14FF6FF7300F01F0023FA00F056
:10DFF00000F0010070474FF0FF33F5E70020704755
:10E0000010B504460846FAF721F904EB4004A08A4B
:10E01000C0F3401010BD10B504460846FAF716F9D3
:10E0200004EB4004A08A10F01C0018BF012010BDB2
:10E0300010B504460846FAF709F904EB4004A08A33
:10E04000C0F3400010BD10B50446FFF7F1FF10B15A
:10E050002046FFF7D5FF00F0010010BD10B50446C3
:10E060000846FAF7F3F804EB4004A08A400B10BD11
:10E0700070B5044608461646FAF7E8F8083034F852
:10E0800010300D46DA0509D5C3F3432304EBC30270
:10E090003146284654F8333052689847A3682BB16C
:10E0A00031462846E268BDE87040184770BD2DE94A
:10E0B000F3411746DDE90858019001A80C461E46B9
:10E0C000FAF708F9019B391E18BF012100EB830004
:10E0D000231E18BF0123002E43EA410314BF0C2165
:10E0E0000021002D43EA010314BF4FF470610021A9
:10E0F000B8F1000F43EA010314BF4FF4403100218F
:10E10000D0F800220B4322EA030304B124780FB1B4
:10E110003F787F001C430EB13678B6003C438DB18A
:10E12000297809023443B8F1000F03D098F8008031
:10E130004FEA0848214341EA0801C0F8001202B042
:10E14000BDE8F0812946EDE71FB50DF10F030193FE
:10E1500000238DF80F101A4619460093FFF7A7FF0A
:10E1600005B05DF804FB2DE9F0470025044688461C
:10E170002E464FF00109AA46D7B2BD420CD1D4F8C1
:10E180007C3133B10023C4F87C31D4F87C3146F0C3
:10E1900000463046BDE8F0872846FAF7CFF8A0F5EC
:10E1A00080739B0809FA03F318EA030F05D022587D
:10E1B0001AB144F800A022581E430135EDB2DCE745
:10E1C00038B504460D46FFF71BFFA8B12046FFF700
:10E1D0002FFF88B92046FFF741FF012322688340C3
:10E1E000C2F80833236803EB8000D0F8103523F021
:10E1F0000303C0F8103538BD2846BDE8384000217B
:10E20000FFF7A2BF2DE9F04389B0109E044689466E
:10E2100090460021202268461F46129D00F0D1FE44
:10E220001F2E97BF01234FF0FF33B34003F1FF339D
:10E230002361119BC4E90098C4E902766361183434
:10E2400045B10FCD0FC495E80F0084E80F0009B069
:10E25000BDE8F0836D46F4E773B50468661C31D001
:10E260008568A9422ED264182CD05E18AE4288BFB1
:10E270006B1A056A35B100930523A8470346184673
:10E2800002B070BDBFF35B8F1946A41A101919B103
:10E2900040EA0205AD070AD103290DDC013811441B
:10E2A0008A42ECD010F8014F02F8014BF8E70078F1
:10E2B000013902F8010BE9E750F8044B043942F840
:10E2C000044BE9E76FF02103D9E773B50468651CD7
:10E2D00032D08568A9422FD264182DD05E18AE4284
:10E2E00088BF6B1A456ACDB100930523A84702B0D9
:10E2F00070BD12F8015B013905701546A01819B1FF
:10E3000040EA0206B607F4D103290ADC013D0144C4
:10E3100088420CD1BFF35B8F1846E8E71946A41A70
:10E32000EBE755F8042B043940F8042BECE715F81B
:10E33000012F00F8012BEBE76FF02100D7E773B551
:10E340001C46036815465A1C29D08268914226D281
:10E350005B1824D066189642866A88BF541A36B174
:10E3600005232A460094B047204602B070BD1846E7
:10E3700022464AB9294600F024FEBFF35B8FF3E73B
:10E3800000F8015B013AF4E78307F9D14FF001335C
:10E390006B43032AEEDD40F8043B043AF9E76FF0E3
:10E3A0002100E2E70020704710B4046B02460B46E0
:10E3B00084B9C1681F2998BF23FA01F4416861B18B
:10E3C0008068834209D21069184051F824301844FB
:10E3D00010BC7047234610BC18474FF0FF30F7E7DA
:10E3E00070B5436B05460E46E3B90469621C09BF6C
:10E3F00043680C401C680C1B21462846FFF7D4FFDD
:10E40000864207D02B6901331C44AB689C42F3D38E
:10E410004FF0FF342868431C07D0AB68A34204D9EF
:10E42000204470BD98470446F4E70020F9E730B572
:10E43000059CC4E90002039A21811989E260049ACB
:10E44000618121856261D3E9002502EB0113C4E9F2
:10E4500006128A1C236203EB42036A1C13446D42BA
:10E460002B406362836953B90139E2698B4202EB45
:10E47000031206DB002393736FF07F03D373002036
:10E4800030BD0133D381F0E72DE9F04FB0F830A073
:10E4900004465546002685B002EB030891460E9AC5
:10E4A00000EBCA031FFA88FB9A63A3F83CB008F19B
:10E4B000FF32C3690F1D0192B0451ADC238D2586FA
:10E4C000A3EB0B032385236A61895A8801390A402B
:10E4D00003EB4203A3F804A0BFF35B8F0020226A82
:10E4E000538801335380638D0133638505B0BDE8E4
:10E4F000F08FE06A2A0157F8041C03EB051502931C
:10E5000003680392C91A83680837994228BF4FF0FD
:10E51000FF31FFF749FFDDE90232985000226A60BF
:10E5200057F8082CAA60019A9642ACBF002201223B
:10E53000B145D8BF42F00202AA810136ED89BBE79E
:10E54000F0B550B3456A448E6B88A34230D0631C4B
:10E5500043864389BFF35B8F013B1C4005EBC40539
:10E560006B689EB209B1AD680D60D0F81CC09BB25B
:10E570000CEB031100EBC3039D8F078D2F44013D6E
:10E5800007859D878D896F070ED5058ECD8100216A
:10E590000686986B996302B11480F0BD9D8FC9897E
:10E5A000013D0CEB01119D878D89ED07F6D4ECE759
:10E5B0000020F2E7C36903EB011398687047C36951
:10E5C00009015958C06AFFF70BBF70B5BFF35B8FE5
:10E5D0000D46016A1646838E4A8804469A4212D036
:10E5E0005A1C82864289013A134001EB4301898813
:10E5F000298089B2FFF7E3FF2A88E36903EB02135E
:10E600009B68336070BD0020FCE710B50268936919
:10E610001269920017D543B9438E026A8169448911
:10E62000013B1B1B02EB4102938003689B69012B9A
:10E6300008D1838E426A81694089013B1B1A02EB33
:10E64000C102938010BD23B9026A138843F001030D
:10E65000138003689B69012B01BF426A138843F052
:10E6600001031380EEE710B5BFF35B8F0368044628
:10E670001A699B6912F0005F1AD07BB9036A426A7B
:10E680005B888169013B02EBC10292889B1A628D13
:10E690009BB29A4214D80023638510BD012BFAD196
:10E6A000436A026A5B888169013B02EB4102ECE745
:10E6B00063B9436A1B88DB4303F00103002BEAD0F4
:10E6C0006369002BE7D020469847E4E7012BE2D1AD
:10E6D000036AEFE7036A828E598891420AD0418922
:10E6E00001390A4003EB42039A88C36903EB021322
:10E6F0009868704700207047BFF35B8FC36803B111
:10E70000184770474FF0FF324FF0FF33FCF798B8CF
:10E7100010B1C36A0133C362704738B1C26A013AAB
:10E72000C2621AB9026B02B110470262704770B53B
:10E730000446056A05F164063046FFF7E3FF636AA5
:10E74000A3F580637F2B0BD801225909503503F0C4
:10E750001F039A4055F8213023EA020345F821307F
:10E76000D4E90F124A60E16B04F13C0311602046CA
:10E77000C4E90F33FFF7D1FF3046BDE87040FBF727
:10E78000DBBF10B5436A8CB00A93202304460246CF
:10E790000B9102A8194600F058FA28230122CDE96E
:10E7A000003220463522616A02ABFAF76DFC00EABE
:10E7B000E0700CB010BD30B1006A20B119B1D0F8D2
:10E7C000883003B11847704730B1006A20B119B1E1
:10E7D000D0F88C3003B11847704730B1006A20B1CF
:10E7E00019B1D0F8903003B11847002070472DE9D7
:10E7F000F84306468846174699460468A64201D162
:10E80000002520E07A1CA4F13C0502D06B6ABB42D3
:10E8100019D0B8F1000F22D020224146284600F03E
:10E82000E8FBE0B9B9F1FF3F02D0AB6A4B450AD033
:10E830007B1C0BD02468B442E2D054F8183CA4F1FD
:10E840003C059F42E8D12846BDE8F883AB6A013316
:10E85000F9D02468B442D3D0A4F13C05D9E72468A8
:10E86000CCE770B505460C461E46CAB120232046AB
:10E87000194600F0EAF90123E362049B6662A36291
:10E88000059B25626363069BA363079B63646A68B9
:10E8900004F13C03C4E90F526B60226C136070BD3D
:10E8A0000A70E8E710B5044690B1036A83B10278B4
:10E8B0004AB193F8A43033B1436AB3F5806F02D301
:10E8C0000121FFF75EFF2046BDE81040FFF72FBF94
:10E8D00010BD20B1036A13B15B6803B118477047DC
:10E8E00008B530B1036A3BB1DB682BB19847002013
:10E8F00008BD6FF01500FBE76FF00500F8E7704703
:10E90000FBF71ABF4FF0FF324FF0FF33FBF798BF12
:10E91000F8B50C4600F164070546A4F11006384628
:10E92000FFF7F0FF3046FAF765FC80B154F8083C79
:10E9300024F8083CD5F8CC3044F80C3C05F1C80369
:10E9400044F8103CC5F8CC6054F80C3C1E603846C6
:10E95000FFF7D6FF0020F8BD38B50D4600F164047E
:10E960002046FFF7CFFF55F8083C204603F58033DB
:10E9700045F8083CBDE83840FFF7C2BF2DE9F0413B
:10E9800088B00E9C282A8846D4F8C0006ED1016851
:10E990008568A8EB0101A94228BF4FF0FF31202371
:10E9A0006A46FFF759FC04F16406D8F82070304637
:10E9B000FFF7A8FF3B464FF0FF3269462046FFF7BE
:10E9C00016FFD8F824300546E0B1D0F8308003F0C7
:10E9D0000103B8F1000F02D0DBB9AF6230E0002BC9
:10E9E000FBD04FF0FF3383623046FFF789FFAB6BFC
:10E9F00083BBD4F88030002B38D03A466946204695
:10EA0000984733E0DB071FD43046FFF779FFE36F09
:10EA1000F1E74FF0FF338362FFF77AFE3046FFF7EE
:10EA20006FFFAB6BA3B9D4F880301BB13A4669468F
:10EA3000204698473046FFF765FF2846FFF76DFEF2
:10EA40003046FFF75DFF11E03046FFF759FFD0E792
:10EA50004FF0010828469847D4F880301BB13A4659
:10EA6000694620469847B8F1000FE3D1002008B06E
:10EA7000BDE8F08170B500F16406A1F1100504460F
:10EA80003046FFF73FFF2846FAF7B4FB38B120467F
:10EA90002946FAF78BFCD4F8B800FFF7E4FD3046BE
:10EAA000BDE87040FFF72CBF10B548B149B14368CD
:10EAB0008B4206D382680468D21A5B1A4360A0189E
:10EAC00010BD0020FCE72DE9F3470546D0F8B4005F
:10EAD0000E46904618B9002002B0BDE8F087036AE0
:10EAE000002BF8D09B68002BF5D098474307F2D550
:10EAF00043F69823B8F1000F18BF984605F1640754
:10EB000005F1C8093846FFF7FDFED5F8C8404C4569
:10EB10002BD054B3D4E90023536022681A60C4E9AF
:10EB20000044D5F8B43021899B69ADF806107BB15B
:10EB3000012B14D03846FFF7E3FEBDF8063004F190
:10EB4000100003F58033A3603368103B3360C3E7E4
:10EB5000D5F8A8303360D5F8B4309B69E8E7D5F82C
:10EB6000BC00FFF727FD3060E4E7D5F8B430D3F8F8
:10EB700018A0BAF1000F36D13146D5F8BC000DF11E
:10EB80000602FFF7DDFC04460028D3D1D5F8BC30DF
:10EB90001B8DB3B93846FFF7B3FEB8F1000F9AD01A
:10EBA000D5E92D32182112891B6B01FB0233D5F8F0
:10EBB000D02022BB21200021FDF79AF908F1FF386F
:10EBC000A0E7D5F8A810D5F8C400FFF76DFF0446FC
:10EBD000D5F8A830ADF806A033603846FFF790FEB0
:10EBE000002CDAD0A9E7BAF1010FD3D13246D5F81B
:10EBF000BC000DF10601FFF7E8FC0446EDE71969DA
:10EC0000284690476FF4FB639842D3D000283FF426
:10EC100079AF60E720B119B112B1C0E901220160FA
:10EC2000704738B5044618B938BD3C38FFF73AFE8E
:10EC300020688442F9D10025D4F8B400C4E92E55E7
:10EC4000FFF747FEC4F8B450EEE770B505461C4622
:10EC500099B18B4228BF0C46661C013E05D012F8C4
:10EC6000013B00F8013B002BF7D1A14207D9091B5A
:10EC70008A19002100F0A5F9A11B084670BD0023E8
:10EC80000D4405F8013CF7E740B1C368587810F02F
:10EC900001001EBF1878B0FA80F040097047EFF30A
:10ECA0001183402383F31288BFF36F8FFEE708B50B
:10ECB000FFF7F5FF10B400F10C04C0E90344002491
:10ECC000446110BCF5F79AB813B501240094FBF722
:10ECD00051F802B010BD90F90E308B4201D0FCF714
:10ECE0009DBD0020704703460020C3E90033C3E9FF
:10ECF0000200704710B5044630B10268930703D094
:10ED0000446809B100F048F9204610BD012307B559
:10ED1000009300230A461946FBF7B8FB03B05DF8E1
:10ED200004FB002307B50A4600931946FBF7AEFB28
:10ED300003B05DF804FB5AB18A4209D300F1100315
:10ED4000C0E90212C0E90000C0E9043300207047A6
:10ED50006FF015007047012302688B4022EA03031D
:10ED6000036022FA01F000F001007047704720B103
:10ED700000228C301146FDF787BA704710B5FBF7BB
:10ED8000C1FF041E08DDEFF31180402383F31288D6
:10ED9000BFF36F8FFCF774FE204610BDEFF30580C4
:10EDA000003818BF012070476FF057007047D0E956
:10EDB000003213605A600023C0E90033704738B551
:10EDC00004460D46FCF7DEFA637B43F002036373EF
:10EDD000E5B1A5602B689D4209D16B68C4E9005379
:10EDE0001C606C6012E06A689A42F6D01B68002BC7
:10EDF000F3D094F90E2093F90E108A42F3D0914289
:10EE0000F1DD5A68C4E9003214605C6038BD01214C
:10EE10001838FCF729BC10B50446FCF7DDFB04F1FB
:10EE20001800BDE81040FDF7A9BC38B505460468D8
:10EE30000020AC4200D138BD002CFCD02046FFF7AA
:10EE4000EAFF2046FCF782FB2C680120A542F1E78F
:10EE500008B50246FDF788FB70B1D0E904319B1A72
:10EE600061EBE272B3F1004F72F1000104DA002AA3
:10EE7000ACBF1846002008BD6FF00040FBE708B5A6
:10EE8000FDF77EFD08BDB3F1FF3F08BFB2F1FF3FC4
:10EE900070B506461D46144614D01A4316D0002BF2
:10EEA00008DBFDF76DFD041941EB0501C6E90041E2
:10EEB000304670BD6FF001031C1B4FF0FF3363EB56
:10EEC0000501F3E74FF0FF342146EFE70024FBE7AD
:10EED000B3F1FF3F08BFB2F1FF3FF8B50746164652
:10EEE0001C4610D054EA020311D0FDF749FDB04290
:10EEF0000A46A14103460AD2F31A64EB0204C7E9A9
:10EF000000343846F8BD4FF0FF331C46F7E70023C6
:10EF1000FBE72DE9F041846805460E46D4B16378DD
:10EF2000012B22D114F8533C9A0711D5A4F16007A4
:10EF30003846FFF770FF082E0CBF6FF00303002365
:10EF4000E36114F8533CDB0602D13846FCF7FEFAC5
:10EF5000002323700020EB68A860C3F386321643B9
:10EF600066F39433EB60BDE8F081022BF0D1237897
:10EF7000002BEDD054F8048CB8F1000FE8D004F168
:10EF80001400FDF7FBFB0023A4F1140739464046AB
:10EF9000E362FBF7B7FEDBE720B1011F50F8040C7A
:10EFA000FAF750BE704770470A44431E914200D1A1
:10EFB000704710B511F8014B914203F8014FF9D198
:10EFC00010BD02440346934200D1704703F8011B71
:10EFD000F9E70139024410B5904201D1002005E063
:10EFE000037811F8014FA34201D0181B10BD013066
:10EFF000F2E710B56AB10139841810F8012B11F845
:10F00000013F9A4203D1A04201D0002AF5D1D01A83
:10F0100010BD1046FCE710B50139044632B111F8B5
:10F02000013F013A00F8013B002BF7D10021FFF727
:10F03000C8FF204610BD0246014410B58A4213465F
:10F0400003D01C780132002CF8D1181A10BDF0B58D
:10F05000C3F13707044603F01F031046FFB2082B25
:10F06000E6B232D0102B3DD06508A40845EAC17540
:10F0700044EA81748A082D1942EB5102290941EAB8
:10F0800002716D1842EB1212290A41EA02616D18F1
:10F0900042EB1222290C41EA02416D1842EB124266
:10F0A000AD1842F10002EC0844EA4274D10804EBC6
:10F0B0008402A6EB4205EDB2092D0CD90134A5F16D
:10F0C0000A0541F10001EDB212E0E40806F007057F
:10F0D00044EA4174C908303554EA010200F8015B82
:10F0E000BDD1F0BD240906F00F0544EA01740909F9
:10F0F000092D84BFED19EDB2EDE70000014800686D
:10F100007047000040660021ED5E02010000000033
:10F110000000000090F10201F59B020100000000D8
:10F1200000000000C8F1020100000000ACF1020183
:10F13000AD7E02010000000037DF02010000000088
:10F1400000000000E4F10201456F02010000000030
:10F15000C9580201000000000000000000F2020196
:10F16000000000001CF20201857F02010000000087
:10F17000E9CC0201000000000000000038F20201AA
:10F18000D17F020100000000014B020100000000DD
:10F190005E0603011CF80201E8F30201D20100211E
:10F1A0009C660021BD61020100000000DA07030136
:10F1B0002CF80201B0F30201D60100214C670021B6
:10F1C000156C020100000000E807030140F802018D
:10F1D000B0F30201D801002158670021156C02012B
:10F1E00000000000BF06030100000000A8F30201B8
:10F1F000D4010021F8660021F96602010000000038
:10F20000F607030190010021D4F30201DA01002185
:10F2100064670021516C0201000000003D090301F8
:10F220000000000054F80201DC010021F867002111
:10F230007971020100000000DAFC0201D000002117
:10F2400038F70201D0010021C01600219FD702012A
:10F25000000000000000000027DA020100000000AA
:10F2600027DA02010000000027DA02010000000096
:10F2700027DA02010000000027DA020161DF020143
:10F2800065DF02010000000027DA02010000000033
:10F2900027DA02010000000027DA0201F8660021E7
:10F2A00095670201FC000021A5DC020100000000BE
:10F2B00027DA02010000000027DA02010000000046
:10F2C00027DA02010000000027DA02010000000036
:10F2D00027DA02010000000027DA02010000000026
:10F2E00027DA0201198D020165DF0201000000002A
:10F2F00027DA02010000000027DA02010000000006
:10F3000027DA020100000000496D02010000000040
:10F3100027DA02010000000027DA020100000000E5
:10F3200027DA020100000000417F02010000000016
:10F3300027DA02010000000027DA020100000000C5
:04F3400027DA0201C5
:10F3480040160021B870002100020000C13B0201F4
:10F35800000000000000000000000000070000009E
:10F368000000000091F90201000000000000000008
:10F37800C0150021B86A002100060000953B020173
:10F38800000000000000000000000000070000006E
:10F398000000000084F902010000000000000000E5
:10F3A80079660201A5650201116A02015DDC0201AC
:10F3B80069DC02017DDC020187DC020191DC0201CB
:10F3C800056902010968020100000000EFDC020182
:10F3D800CBDC0201E7DC0201EBDC020117DD0201F4
:10F3E8001562020157DC02012FDC02010000000057
:10F3F800E16002010000000000000000218F02010E
:10F4080006000000DEE61E28EAAC45B8023500001A
:10F41800DEE61E284CBBCE8F02350000000200003D
:10F4280000020000000000000001030201020203C4
:10F43800030000000102040025262700010204033E
:10F44800010203030102040028040000BE110000A9
:10F45800904200004C01000086040000E80B000008
:10F468000001030201020303010203030101000278
:10F478000700010204010001000001010000010071
:10F48800010000010001000000000000020B000064
:10F4980001000B0002000A00050009000A0008002C
:10F4A800140007001E000600320005004B0004008F
:10F4B8006400030096000200FA000100F401000055
:10F4C8000102030302030100F401FA00960064003C
:10F4D8004B0032001E0014000A0005000200010063
:10F4E8000C0802170D010102090901010602091899
:10F4F80018030101090903038503020123020224F9
:10F508000910040405050B0B040B2B1B1B159A9AF9
:10F518001C021D16130501490D150508061B1B0FB6
:10F5280001010000FEFEFEFEFEFEFEFEFEFEFEFEE9
:10F53800FEFEFEFEFEFEFEFEFE16FEFEFEFEFEFECB
:10F54800FEFEFEFEFE1F1FFEFE26FEFEFEFEFEFE69
:10F55800FEFEFEFEFEFEFEFEFEFEFEFE3E3EFEFE43
:10F56800FEFE3B3B6000BE0290062C01CE05D01289
:10F578002804BE1190426400AE02500672050813BA
:10F58800DA430001020201020400A301B103BF052E
:10F59800EF024906A309C505F50B2512010203036D
:10F5A8000102030301020401020303002804BE113F
:10F5B800904272050813DA432C00CE01D0020410E1
:10F5C80040002804BE1190422C00CE01D002B400A5
:10F5D800EE03500B6400AE025006B400EE03500B6D
:10F5E80001020303010204002804BE11904228040A
:10F5F800BE1190420102030300010202010204004D
:10F6080001030200010000000700000000000000E4
:10F6180000000000000000000406080A0C0E10128A
:10F628001416181C1E20222426282A2C2E30323488
:10F6380036383A3C3E40424446484A4C4E021A50FC
:10F648000000000028000000180000005001000021
:10F658005001000000000000141E000030110000DE
:10F66800B45F00003C730000B80BD0076C396C39EC
:10F678000000000070170000A00F00003C280000E8
:10F688003C2800000000DC05E8030000D417000057
:10F69800000000000000000000000000141E000030
:10F6A8003011000060EA000060EA000000002CA6AB
:10F6B800E0A120A820A80000000000000000000031
:10F6C80000003408E803280A280A000000000000A7
:10F6D80000000000E3A3C3010204030102040001C7
:10F6E80002000504000808000000000000000000F7
:10F6F8000000000000000000000000000000010100
:10F7080001010202020203030303040506070809B4
:10F718000A0B0C0D0E0FD8ECF0F4F8F9FAFBFCFD0F
:10F72800FEFF0001020300100200FA0000000000C2
:10F73800C545020157D80201A54702010000000093
:10F74800F1470201DD48020135D60201A9D60201BE
:10F758003DD602016FD6020159D6020143D60201F5
:10F76800000000000000000087D9020179D90201D9
:10F7780083D9020177D902010000000000000000CF
:10F78800000000000000000067D90201000000210D
:10F79800000000000600010002000000A8F70201B6
:10F7A800000000019E04030106000000E0FF0301C1
:10F7B80000000021A604030121000000E0FF002151
:10F7C800595902010000000017DB0201C8F70201C5
:10F7D800E4F702010001000000000000B8B50021B4
:10F7E800C8F70201F8F70201030100000000000059
:10F7F80060BD0021C8F702010CF8020102010000F7
:10F80800000000008CC90021A56002019561020179
:10F81800000000002D6302015162020153DC020165
:10F828004FDC0201FFFF000000088C41FC000021B2
:10F838000000000001000000FFFFFFFF00058C41F1
:10F84800FC000021000000000000000041700201DF
:10F858009BDD0201C9DD0201080000000300000071
:10F868006F0C0301820C0301950C0301A80C030122
:10F87800BB0C0301CE0C0301E10C0301F40C0301E2
:10F8880008F1020110F1020148F1020150F10201F0
:10F8980088F1020190F10201161A0301000100002B
:10F8A80088130000647261676F6F6E2F6C696273F2
:10F8B8002F73636865642F7372632F73636865645D
:10F8C8005F68616C5F7274632E6300574553545FC1
:10F8D800544F504449522F6E72662F6170706C6994
:10F8E800636174696F6E732F6970635F72616469B5
:10F8F8006F2F7372632F62745F6863695F697063E7
:10F908002E6300657272203D3D20300041535345FF
:10F918005254494F4E204641494C205B25735D2087
:10F92800402025733A25640A00094661696C6564BC
:10F9380020746F20707574206461746120696E741E
:10F948006F206D7367713A2025642E0A000946619D
:10F95800696C656420746F206765742064617461E4
:10F968002066726F6D206D7367713A2025642E0AC8
:10F97800006E72665F62745F6863690074785F74B2
:10F9880068726561645F69640071756575655F7447
:10F9980068726561645F696400574553545F544FEA
:10F9A800504449522F7A65706879722F6C69622FBA
:10F9B800686561702F686561702E63006368756E95
:10F9C8006B5F7573656428682C2063290009756E60
:10F9D8006578706563746564206865617020737408
:10F9E8006174652028646F75626C652D6672656543
:10F9F8003F2920666F72206D656D6F727920617482
:10FA08002025700A006C6566745F6368756E6B28E4
:10FA1800682C2072696768745F6368756E6B286804
:10FA28002C20632929203D3D20630009636F7272F1
:10FA38007570746564206865617020626F756E64A6
:10FA4800732028627566666572206F766572666CCB
:10FA58006F773F2920666F72206D656D6F72792010
:10FA680061742025700A006279746573202F20382C
:10FA780055203C3D20307837666666550009686534
:10FA880061702073697A6520697320746F6F2062D2
:10FA980069670A006279746573203E206865617041
:10FAA8005F666F6F7465725F6279746573286279D7
:10FAB800746573290009686561702073697A652027
:10FAC800697320746F6F20736D616C6C0A006865D0
:10FAD80061705F737A203E206368756E6B737A2855
:10FAE80073697A656F6628737472756374207A5FB8
:10FAF800686561702929006368756E6B305F73698A
:10FB08007A65202B206D696E5F6368756E6B5F7315
:10FB1800697A65286829203C3D20686561705F73B3
:10FB28007A00574553545F544F504449522F7A65D1
:10FB3800706879722F696E636C7564652F7A657069
:10FB48006879722F6B65726E656C2E6800216B5F29
:10FB580069735F7072655F6B65726E656C282900EA
:10FB6800096B5F63757272656E745F676574206395
:10FB7800616C6C6564207072652D6B65726E656C66
:10FB88000A00574553545F544F504449522F7A65E1
:10FB9800706879722F6C69622F7574696C732F6F36
:10FBA8006E6F66662E63007374617465203D3D2038
:10FBB800305500217379735F736C6973745F69736F
:10FBC8005F656D70747928266D67722D3E636C6968
:10FBD800656E747329007472616E73697420213DB7
:10FBE800202828766F6964202A29302900737461D7
:10FBF8007465203D3D202831554C203C3C2028315F
:10FC08002929006D67722D3E72656673203D3D207F
:10FC180030007374617465203D3D202831554C20B7
:10FC28003C3C202830292900574553545F544F50F5
:10FC38004449522F7A65706879722F696E636C75C2
:10FC480064652F7A65706879722F7370696E6C6F4E
:10FC5800636B2E68007A5F7370696E5F756E6C6F88
:10FC6800636B5F76616C6964286C2900094E6F7458
:10FC7800206D79207370696E6C6F636B2025700A34
:10FC8800007A5F7370696E5F6C6F636B5F76616C2F
:10FC98006964286C290009496E76616C696420736F
:10FCA80070696E6C6F636B2025700A00574553545A
:10FCB8005F544F504449522F7A65706879722F6C9F
:10FCC80069622F7574696C732F6E6F746966792E0B
:10FCD800630069706330002A2A2A20426F6F7469B2
:10FCE8006E67206E524620436F6E6E6563742053B4
:10FCF800444B2076332E332E302D36663730653818
:10FD0800373664663334202A2A2A0A002A2A2A2007
:10FD18005573696E67205A6570687972204F532051
:10FD280076342E332E39392D3134373865343866E8
:10FD380032313932202A2A2A0A0072302F61313AA8
:10FD48002020307825303878202072312F61323ADF
:10FD58002020307825303878202072322F61333ACD
:10FD680020203078253038780A0072332F61343AF1
:10FD78002020307825303878207231322F69703A57
:10FD88002020307825303878207231342F6C723A40
:10FD980020203078253038780A0020787073723A3D
:10FDA80020203078253038780A004661756C7469EF
:10FDB8006E6720696E737472756374696F6E206103
:10FDC80064647265737320287231352F7063293A21
:10FDD800203078253038780A00556E68616E646C7A
:10FDE8006564204952516E3A2025640A002A2A2A5D
:10FDF8002A2A205553414745204641554C54202A2C
:10FE08002A2A2A2A0A0020204469766973696F6EB3
:10FE1800206279207A65726F0A002020556E616C25
:10FE280069676E6564206D656D6F727920616363C3
:10FE38006573730A002020537461636B206F7665C5
:10FE480072666C6F772028636F6E746578742061B2
:10FE5800726561206E6F742076616C6964290A008E
:10FE680020204E6F20636F70726F636573736F72BB
:10FE780020696E737472756374696F6E730A0020FB
:10FE880020496C6C6567616C206C6F6164206F66DB
:10FE9800204558435F52455455524E20696E746F41
:10FEA8002050430A002020496C6C6567616C2075FE
:10FEB8007365206F662074686520455053520A00A8
:10FEC8002020417474656D707420746F20657865A6
:10FED8006375746520756E646566696E656420690E
:10FEE8006E737472756374696F6E0A002A2A2A2AFF
:10FEF8002A20425553204641554C54202A2A2A2A62
:10FF08002A0A002020537461636B696E672065724A
:10FF1800726F720A002020556E737461636B696E8C
:10FF280067206572726F720A0020205072656369DB
:10FF38007365206461746120627573206572726FE5
:10FF4800720A00202042464152204164647265735F
:10FF5800733A20307825780A002020496D70726540
:10FF680063697365206461746120627573206572CA
:10FF7800726F720A002020496E7374727563746917
:10FF88006F6E20627573206572726F720A002A2A7A
:10FF98002A2A2A204D5055204641554C54202A2AB9
:10FFA8002A2A2A0A002020537461636B696E67202D
:10FFB8006572726F722028636F6E74657874206141
:10FFC800726561206D69676874206265206E6F7460
:10FFD8002076616C6964290A0020204461746120DC
:10FFE8004163636573732056696F6C6174696F6EE2
:08FFF8000A0020204D4D464196
:020000040103F6
:100000005220416464726573733A20307825780A0F
:10001000002020496E737472756374696F6E20419D
:1000200063636573732056696F6C6174696F6E0AE0
:1000300000574553545F544F504449522F7A6570CE
:100040006879722F617263682F61726D2F636F72AE
:10005000652F636F727465785F6D2F6661756C7460
:100060002E6300212828285343425F54797065206D
:100070002A29202828307845303030453030305516
:100080004C29202B20307830443030554C29202901
:100090002D3E434653522026202831554C203C3CCF
:1000A00020283055202B2034552929290009537444
:1000B00061636B696E67206F7220446174612041D7
:1000C00063636573732056696F6C6174696F6E202A
:1000D0006572726F7220776974686F7574207374BB
:1000E00061636B2067756172642C20757365722D76
:1000F0006D6F6465206F72206E756C6C2D706F690A
:100100006E74657220646574656374696F6E0A0A43
:100110000052657365727665642045786365707416
:10012000696F6E20280053707572696F757320694E
:100130006E74657272757074202849525120005394
:100140005053454C20696E20746872656164206D5F
:100150006F646520646F6573206E6F7420696E64D0
:100160006963617465205053500A006573662021ED
:100170003D202828766F6964202A29302900094506
:10018000534620636F756C64206E6F742062652027
:1001900072657472696576656420737563636573EF
:1001A0007366756C6C792E205368616C6C206E657B
:1001B000766572206F636375722E0A002A2A2A2AD6
:1001C0002A2048415244204641554C54202A2A2A8C
:1001D0002A2A0A002020427573206661756C7420FB
:1001E0006F6E20766563746F72207461626C652037
:1001F000726561640A002020446562756720657637
:10020000656E740A0020204661756C742065736306
:10021000616C6174696F6E20287365652062656C1E
:100220006F77290A00415243485F4558434550546F
:10023000207769746820726561736F6E2025780A73
:100240000A00094661756C7420657363616C6174A2
:10025000696F6E20776974686F75742046535220F9
:10026000696E666F0A0009486172644661756C7454
:1002700020776974686F7574204846535220696E00
:10028000666F205368616C6C206E65766572206FB6
:10029000636375720A002A2A2A2A2A204465627535
:1002A00067206D6F6E69746F722065786365707416
:1002B000696F6E202A2A2A2A2A0A002A2A2A2A2A2A
:1002C00020257320256429202A2A2A2A2A0A005751
:1002D0004553545F544F504449522F7A65706879A2
:1002E000722F617263682F61726D2F636F72652F59
:1002F000636F727465785F6D2F6972715F6D616E87
:100300006167652E63007072696F203C3D2028286C
:1003100031554C203C3C2028332929202D203129DF
:100320000009696E76616C6964207072696F726928
:10033000747920256420666F7220256420697271AB
:10034000212076616C756573206D7573742062650C
:10035000206C657373207468616E20256C750A0AC1
:1003600000574553545F544F504449522F7A65709B
:100370006879722F617263682F61726D2F636F727B
:10038000652F6D70752F61726D5F6D70752E6300D6
:1003900009436F6E6669677572696E6720257520FF
:1003A000737461746963204D505520726567696F7D
:1003B0006E73206661696C65640A0A00094D61729A
:1003C0006B696E6720257520617265617320666FA9
:1003D000722064796E616D696320726567696F6E02
:1003E00073206661696C65640A0A0009526571755B
:1003F00065737420746F20636F6E666967757265CC
:100400003A20257520726567696F6E7320287375B1
:1004100070706F727465643A202575290A0A00218C
:1004200028726567696F6E5B6964785D2E64745FBE
:10043000617474722026202831554C203C3C2028C1
:1004400030292929000952414D5F4E4F434143480D
:100450004520776974682044545F4D454D5F4341A2
:1004600043484541424C4520617474726962757419
:10047000650A0A00094661696C656420746F206131
:100480006C6C6F63617465204D50552072656769AF
:100490006F6E732066726F6D2044540A0A00464CDA
:1004A0004153485F30005352414D5F300057455330
:1004B000545F544F504449522F7A65706879722FB7
:1004C0006C69622F6E65745F6275662F6275662E49
:1004D00063006275662D3E6672616773203D3D2044
:1004E0002828766F6964202A29302900706F6F6C84
:1004F000007265715F73697A65203C3D2073697A8B
:1005000065006C69737400627566006275662D3EE5
:10051000726566000962756620257020646F7562D9
:100520006C6520667265650A00574553545F544FE9
:10053000504449522F7A65706879722F6C69622F26
:100540006E65745F6275662F6275665F73696D7044
:100550006C652E63006275662D3E6C656E203D3DB8
:10056000203055006275662D3E6C656E203E3D2044
:100570006C656E006E65745F6275665F73696D7041
:100580006C655F7461696C726F6F6D286275662946
:10059000203E3D206C656E00574553545F544F50CC
:1005A0004449522F7A65706879722F736F632F6E8A
:1005B0006F726469632F6E726635332F736F632EAB
:1005C0006300574553545F544F504449522F7A6546
:1005D000706879722F696E636C7564652F7A6570C7
:1005E0006879722F626C7565746F6F74682F6275AD
:1005F000662E6800574553545F544F504449522F5C
:100600007A65706879722F647269766572732F6388
:100610006C6F636B5F636F6E74726F6C2F636C6F64
:10062000636B5F636F6E74726F6C5F6E72662E6366
:100630000074797065203C20434C4F434B5F434F1F
:100640004E54524F4C5F4E52465F545950455F4393
:100650004F554E5400657272203E3D203000636C51
:100660006F636B4034313030353030300057455394
:10067000545F544F504449522F7A65706879722FF5
:10068000647269766572732F656E74726F70792FFC
:10069000656E74726F70795F6E7266352E630026B8
:1006A000656E74726F70795F6E7266355F646174C7
:1006B00061203D3D206465762D3E64617461007269
:1006C000616E646F6D4034313030393030300057F6
:1006D0004553545F544F504449522F7A657068799E
:1006E000722F696E636C7564652F7A6570687972B4
:1006F0002F647269766572732F6770696F2F6770E8
:10070000696F5F7574696C732E680063616C6C62ED
:1007100061636B00094E6F2063616C6C6261636B97
:10072000210A0063616C6C6261636B2D3E68616ECF
:10073000646C657200094E6F2063616C6C6261636A
:100740006B2068616E646C6572210A0057455354D2
:100750005F544F504449522F6D6F64756C65732F11
:1007600068616C2F6E6F726469632F6E7266782F8A
:1007700068616C2F6E72665F6770696F2E68006EBD
:1007800072665F6770696F5F70696E5F70726573C4
:10079000656E745F636865636B282A705F70696E4D
:1007A0002900574553545F544F504449522F7A659E
:1007B000706879722F647269766572732F677069D9
:1007C0006F2F6770696F5F6E7266782E6300636269
:1007D0002D3E68616E646C6572006770696F4034AD
:1007E00031386330383030006770696F40343138E9
:1007F0006330353030006D626F78403431303132E3
:1008000030303000574553545F544F504449522FB5
:100810007A65706879722F696E636C7564652F7A7A
:1008200065706879722F647269766572732F656E70
:1008300074726F70792E68006170692D3E676574FF
:100840005F656E74726F707920213D202828766F65
:100850006964202A293029000943616C6C62616354
:100860006B20706F696E7465722073686F756C644D
:10087000206E6F74206265204E554C4C0A0057451F
:1008800053545F544F504449522F6E72662F737504
:10089000627379732F626C7565746F6F74682F6300
:1008A0006F6E74726F6C6C65722F6863695F6472CF
:1008B000697665722E63000954686520656E7472EE
:1008C0006F707920736F75726365207265747572CD
:1008D0006E656420616E206572726F7220696E2091
:1008E0006120626C6F636B696E672063616C6C0A78
:1008F00000574553545F544F504449522F6E72660F
:100900002F696E636C7564652F6D70736C2F6D70DD
:10091000736C5F776F726B2E6800096B5F776F7215
:100920006B5F7375626D69745F746F5F7175657508
:10093000652829206661696C65642E0A0062745F0F
:100940006863695F73646300574553545F544F5045
:100950004449522F6E72662F7375627379732F6DCF
:1009600070736C2F696E69742F6D70736C5F696E34
:1009700069742E6300094D50534C20415353455226
:10098000543A2025732C2025640A0A00657272638C
:100990006F6465203D3D2030004D50534C20576F13
:1009A000726B004552524F523A2043616E6E6F7423
:1009B0002066756C66696C6C204558545F415049DF
:1009C00020726571756573742E0D0A005741524E81
:1009D000494E473A204F7074696F6E616C204558DC
:1009E000545F4150492072657175657374206E6F54
:1009F000742066756C66696C6C65642E0D0A005710
:100A00004553545F544F504449522F6E72662F64C1
:100A10007269766572732F6D70736C2F636C6F6380
:100A20006B5F636F6E74726F6C2F6E7266785F634C
:100A30006C6F636B5F6D70736C2E6300094E6F7427
:100A400020737570706F727465640A000000000195
:100A500001000000574553545F544F504449522FF2
:100A60006D6F64756C65732F68616C2F6E6F726447
:100A700069632F6E7266782F68656C706572732F6C
:100A80006E7266785F677070695F647070692E63FC
:100A900000705F6770706920213D202828766F699B
:100AA00064202A29302900574553545F544F50443D
:100AB00049522F6D6F64756C65732F68616C2F6E72
:100AC0006F726469632F6E7266782F68616C2F6E27
:100AD00072665F6770696F74652E6800696E646521
:100AE00078203C203800574553545F544F504449B8
:100AF000522F6D6F64756C65732F68616C2F6E6F0C
:100B0000726469632F6E7266782F6472697665729B
:100B1000732F7372632F6E7266785F6770696F747C
:100B2000652E6300705F696E7374616E636500703B
:100B30005F6368616E6E656C0070696E5F6861739B
:100B40005F7472696767657228705F696E7374613C
:100B50006E63652C2070696E2900696E745F656E26
:100B600061626C6500002030303030303030303021
:100B700030303030300001574553545F544F5044AB
:100B800049522F6D6F64756C65732F68616C2F6EA1
:100B90006F726469632F6E7266782F64726976650E
:100BA00072732F7372632F6E7266785F6970632E33
:100BB0006300705F636F6E66696720262620286D6C
:100BC0005F63622E7374617465203D3D204E524612
:100BD000585F4452565F53544154455F494E4954FF
:100BE00049414C495A454429006D5F63622E737434
:100BF000617465203D3D204E5246585F4452565F19
:100C000053544154455F494E495449414C495A4512
:100C10004400574553545F544F504449522F6D6F11
:100C200064756C65732F68616C2F6E6F7264696395
:100C30002F6E7266782F68616C2F6E72665F6970B6
:100C4000632E6800696E646578203C20313600753B
:100C50006E726567697374657265642025732062BE
:100C600075730A0067656E65726963002573006DB0
:100C70006574616C3A20656D657267656E63793A7B
:100C800020006D6574616C3A20616C6572743A2065
:100C900020202020006D6574616C3A2063726974B5
:100CA0006963616C3A2020006D6574616C3A20655F
:100CB00072726F723A2020202020006D6574616C82
:100CC0003A207761726E696E673A202020006D6568
:100CD00074616C3A206E6F746963653A202020203D
:100CE000006D6574616C3A20696E666F3A20202051
:100CF000202020006D6574616C3A20646562756720
:100D00003A20202020200025733A2066726565690C
:100D10006E67206E6F6E2D656D70747920766972C6
:100D20007471756575650D0A00756E65787065631B
:100D3000746564206275666665722068656C6420FF
:100D4000636F756E7465720D0A00574553545F5496
:100D50004F504449522F6D6F64756C65732F6C69E9
:100D6000622F6F70656E2D616D702F6F70656E2DC7
:100D7000616D702F6C69622F72706D73672F727066
:100D80006D73675F76697274696F2E630073746147
:100D9000747573203D3D2073697A656F66287270A3
:100DA0005F6864722900737461747573203D3D201F
:100DB0003000726574203D3D20300073746174759D
:100DC00073203E3D203000737461747573203D3D87
:100DD000206C656E0072785F76710074785F767152
:100DE000004E5300574553545F544F504449522FBF
:100DF0007A65706879722F6B65726E656C2F6465A9
:100E0000766963652E63007263203E3D202D283095
:100E100078666629202626207263203C203000094F
:100E200064657669636520257320696E69743A206C
:100E3000696E76616C6964206572726F7220282514
:100E400064290A00574553545F544F504449522F68
:100E50007A65706879722F6B65726E656C2F66614A
:100E600074616C2E6300726561736F6E20213D208A
:100E70004B5F4552525F4B45524E454C5F50414E81
:100E800049430009417474656D7074656420746F22
:100E9000207265636F7665722066726F6D206120C7
:100EA0006B65726E656C2070616E696320636F6E36
:100EB000646974696F6E0A00574553545F544F500C
:100EC0004449522F7A65706879722F6B65726E652E
:100ED0006C2F696E69742E63007468726561645F5B
:100EE00064617461203C3D205F5F73746174696369
:100EF0005F7468726561645F646174615F6C69737B
:100F0000745F656E640009756E65787065637465FD
:100F100064206C69737420656E64206C6F63617407
:100F2000696F6E0A00646576203C3D205F646576DB
:100F30006963655F6C6973745F656E64006D616998
:100F40006E00574553545F544F504449522F7A65B1
:100F5000706879722F6B65726E656C2F6B68656156
:100F6000702E630021617263685F69735F696E5FF1
:100F70006973722829207C7C20282874696D656F2C
:100F80007574292E7469636B73203D3D20282828D1
:100F90006B5F74696D656F75745F74297B307D2933
:100FA000292E7469636B732900090A0068656170F2
:100FB000203C3D205F6B5F686561705F6C69737496
:100FC0005F656E6400574553545F544F5044495217
:100FD0002F7A65706879722F6B65726E656C2F69F8
:100FE000646C652E63005F6B65726E656C2E63705A
:100FF00075735B305D2E63757272656E742D3E6223
:101000006173652E7072696F203E3D203000574538
:1010100053545F544F504449522F7A657068797227
:101020002F6B65726E656C2F696E636C7564652FCE
:101030006B73636865642E68007468726561642D03
:101040003E626173652E70656E6465645F6F6E00ED
:10105000574553545F544F504449522F7A65706836
:1010600079722F6B65726E656C2F6D73675F712E71
:10107000630021617263685F6972715F756E6C6F86
:10108000636B6564286B657929006D7367712D3E0C
:1010900077726974655F707472203E3D206D73676E
:1010A000712D3E6275666665725F7374617274203D
:1010B0002626206D7367712D3E77726974655F70A7
:1010C0007472203C206D7367712D3E627566666593
:1010D000725F656E6400574553545F544F504449E6
:1010E000522F7A65706879722F6B65726E656C2FFE
:1010F0006D757465782E630021617263685F697332
:101100005F696E5F697372282900096D757465786F
:1011100065732063616E6E6F742062652075736500
:101120006420696E7369646520495352730A006DC7
:10113000757465782D3E6C6F636B5F636F756E744D
:10114000203E20305500574553545F544F5044497A
:10115000522F7A65706879722F6B65726E656C2F8D
:1011600073656D2E63002828617263685F69735F21
:10117000696E5F6973722829203D3D203029207CEB
:101180007C20282874696D656F7574292E746963D5
:101190006B73203D3D202828286B5F74696D656F57
:1011A00075745F74297B307D29292E7469636B7394
:1011B000292900574553545F544F504449522F7AC0
:1011C00065706879722F6B65726E656C2F776F72C0
:1011D0006B2E6300776F726B2D3E717565756520A0
:1011E000213D202828766F6964202A29302900773C
:1011F0006F726B20213D202828766F6964202A2990
:10120000302900776F726B2D3E68616E646C657279
:1012100020213D202828766F6964202A2930290062
:1012200021666C61675F746573742826776F726BD3
:101230002D3E666C6167732C204B5F574F524B5F9E
:1012400044454C415941424C455F42495429002193
:101250006B5F69735F696E5F6973722829007379C8
:101260006E6320213D202828766F6964202A29306A
:10127000290021666C61675F746573742826717537
:101280006575652D3E666C6167732C204B5F574F0B
:10129000524B5F51554555455F5354415254454457
:1012A0005F42495429007175657565007374616307
:1012B0006B00574553545F544F504449522F7A6541
:1012C000706879722F6B65726E656C2F74687265C9
:1012D00061642E6300282828287072696F292920EC
:1012E0003D3D203135202626207A5F69735F696491
:1012F0006C655F7468726561645F656E747279288D
:1013000028656E747279292929207C7C2028282858
:101310003135202D203129203E3D2028282D313601
:101320002929292026262028287072696F2929203A
:101330003E3D2028282D3136292920262620282800
:101340007072696F2929203C3D20283135202D20DD
:10135000312929290009696E76616C6964207072EF
:10136000696F7269747920282564293B20616C6C4F
:101370006F7765642072616E67653A20256420741A
:101380006F2025640A000954687265616473206DDA
:101390006179206E6F742062652063726561746587
:1013A0006420696E20495352730A00574553545FB5
:1013B000544F504449522F7A65706879722F6B658B
:1013C000726E656C2F73636865642E6300217A5FAB
:1013D00069735F69646C655F7468726561645F6F8F
:1013E000626A6563742874687265616429002169A2
:1013F000735F7468726561645F64756D6D7928747C
:1014000068726561642900574553545F544F5044D6
:1014100049522F7A65706879722F6B65726E656CB0
:101420002F696E636C7564652F6B74687265616497
:101430002E68005F6B65726E656C2E637075735BF2
:10144000305D2E63757272656E7420213D202828F0
:10145000766F6964202A29302900574553545F5418
:101460004F504449522F7A65706879722F6B6572BC
:101470006E656C2F696E636C7564652F6B73776135
:10148000702E6800617263685F6972715F756E6C5F
:101490006F636B6564286B657929207C7C205F6BAA
:1014A00065726E656C2E637075735B305D2E63754F
:1014B0007272656E742D3E626173652E746872651A
:1014C00061645F7374617465202620282828315573
:1014D0004C203C3C202830292929207C20282831F8
:1014E000554C203C3C202833292929290009436FE9
:1014F0006E7465787420737769746368696E6720A9
:101500007768696C6520686F6C64696E67206C6FC2
:10151000636B210A0073697A656F66285F7363687D
:1015200065645F7370696E6C6F636B29203D3D204D
:1015300030207C7C206C6F636B20213D20265F7304
:10154000636865645F7370696E6C6F636B005F6B7B
:1015500065726E656C2E637075735B305D2E63759E
:101560007272656E742D3E626173652E7363686579
:10157000645F6C6F636B656420213D203155005FB3
:101580006B65726E656C2E637075735B305D2E6378
:10159000757272656E742D3E626173652E73636839
:1015A00065645F6C6F636B656420213D203055007E
:1015B000217465726D696E617465000961626F7294
:1015C000746564205F63757272656E742062616316
:1015D0006B2066726F6D20646561640A002165731B
:1015E00073656E7469616C000961626F7274656421
:1015F00020657373656E7469616C207468726561CF
:10160000642025700A00574553545F544F50444995
:10161000522F7A65706879722F6B65726E656C2FC8
:1016200074696D65736C6963696E672E6300282841
:1016300074696D656F7574292026262028287569C0
:101640006E747074725F742928736C6963655F745B
:10165000696D656F7574732929203C3D20282875B4
:10166000696E747074725F74292874696D656F7522
:1016700074292920262620282875696E74707472B2
:101680005F74292874696D656F75742929203C2061
:10169000282875696E747074725F742928262873FF
:1016A0006C6963655F74696D656F757473295B2818
:1016B0002873697A655F7429282828696E742973EC
:1016C000697A656F6628636861725B31202D202816
:1016D00032202A202128215F5F6275696C74696E4F
:1016E0005F74797065735F636F6D70617469626C4C
:1016F000655F70285F5F747970656F665F5F2873E0
:101700006C6963655F74696D656F757473292C20EE
:101710005F5F747970656F665F5F282628736C69F8
:1017200063655F74696D656F757473295B305D29DE
:101730002929295D29202D203129202B2028736972
:101740007A656F6628736C6963655F74696D656F30
:1017500075747329202F2073697A656F6628287342
:101760006C6963655F74696D656F757473295B304F
:101770005D292929295D2929202626202828287540
:10178000696E747074725F74292874696D656F7501
:10179000742929202D20282875696E747074725F51
:1017A000742928736C6963655F74696D656F7574FE
:1017B0007329292920252073697A656F6628287383
:1017C0006C6963655F74696D656F757473295B30EF
:1017D0005D29203D3D20302900574553545F544F2B
:1017E000504449522F7A65706879722F6B65726E1A
:1017F000656C2F74696D656F75742E630021737944
:10180000735F646E6F64655F69735F6C696E6B654F
:10181000642826746F2D3E6E6F646529005745530A
:10182000545F544F504449522F7A65706879722F33
:101830006B65726E656C2F706F6C6C2E630009693E
:101840006E76616C6964206576656E74207479705B
:1018500065202830782578290A0A006576656E7437
:101860002D3E73656D20213D202828766F69642008
:101870002A2930290009696E76616C6964207365D4
:101880006D6170686F72650A0A006576656E742D09
:101890003E717565756520213D202828766F696445
:1018A000202A2930290009696E76616C69642071EB
:1018B000756575650A0A006576656E742D3E7369F7
:1018C000676E616C20213D202828766F6964202A8C
:1018D0002930290009696E76616C696420706F6C2B
:1018E0006C207369676E616C0A0A006576656E74B8
:1018F0002D3E6D73677120213D202828766F696425
:10190000202A2930290009696E76616C6964206D8E
:101910006573736167652071756575650A0A006591
:1019200076656E742D3E7069706520213D202828F3
:10193000766F6964202A2930290009696E76616C06
:10194000696420706970650A0A0009696E76616CC5
:101950006964206576656E7420747970650A0A0082
:10196000574553545F544F504449522F7A6570681D
:1019700079722F6B65726E656C2F6D656D706F6F10
:101980006C2E630028616C69676E20262028616CCC
:1019900069676E202D20312929203D3D2030000926
:1019A000616C69676E206D757374206265206120BB
:1019B000706F776572206F6620320A00616C69670C
:1019C0006E203D3D2030207C7C20282875696E7477
:1019D0007074725F74296D656D20262028616C69B2
:1019E000676E202D20312929203D3D203000096DD2
:1019F0006973616C69676E6564206D656D6F72797E
:101A00002061742025702028616C69676E203D205C
:101A1000257A75290A00737973776F726B710027C5
:101A2000037D53048DFE99A9F29AADDE5B6AE274E0
:101A30006CAC7500FFFFFFFF1F00286E756C6C29F2
:101A4000002A666C6F61742A0000000000880001A3
:101A5000FFFFFFFFFF1F00001F000000000000004D
:101A60007FFE0000E40700001D40000000000000B1
:101A70000000000000000000FFFFFFFF1FFF1B0031
:101A8000BAABBABA10101010A0354D00FF0000001C
:101A9000C40900000000000000C000410000000078
:101AA000000000000C00000000FF7F0000000000AC
:101AB000090A020100000000570A020100000000AC
:101AC000D91C010100000000A30A0201000000006F
:101AD0009F0A020100000000D30A0201000000007A
:101AE000F10A020100000000BB0A02010000000030
:101AF00010B80101FF00000024E80101010000000E
:101B000079F9020100000000893B02010000000099
:101B1000313B0201000000000000000039D4020146
:101B200001000000000007200000010000F2020197
:101B30000100000000F202010000000002000000AD
:101B400000000000000000000002000000A00041B2
:101B50000000000000000000000000000000000085
:101B60000000000000000000000000000000000075
:101B70000000000000000000000000000000000065
:101B80000000000000000000000000000000000055
:101B90000000000000000000000000000000000045
:101BA0000000000000000000000000000000000035
:101BB0000000000000000000000000000000000025
:101BC0000000000000000000000000000000000015
:101BD0000000000000000000000000001CF20201F4
:101BE000FFFF0000FFFF0000FF000000640C030186
:101BF00000000000818D02010000000000000000D4
:101C000000000000000000000000000000000000D4
:101C10000000000000000000C8010021C8010021F0
:101C200000000000000000000000000000000000B4
:101C300000000000B88B0021002000000000000020
:101C40000000000000000000F8010021F801002160
:101C500000000000000000000E0000000C02002147
:101C60000C020021000000000800000040000000FD
:101C7000B8B30021B8B50021B8B30021B8B3002132
:101C800000000000340200213402002100000000A6
:101C9000400200214002002100000000010000007D
:101CA000500200215002002100000000000000004E
:101CB0000000000064020021640200216C02002187
:101CC0006C02002100000000000000000000000085
:101CD0008002002180020021880200218802002168
:101CE0000000000000000000000000009C02002135
:101CF0009C020021A4020021A40200210000000097
:101D0000070007000000000000000000D4F70201F7
:101D1000B8BC00210000000000000000000000002E
:101D2000D0020021D0020021D8020021D8020021D7
:101D3000000000000B000B0000000000000000008D
:101D4000E8F7020184C80021000000000000000044
:101D50000000000004030021040300210C03002103
:101D60000C030021000000000A000A00000000002F
:101D7000095F0201FCF70201A0D3002115E015E084
:00000001FF
